dataset_label,Name,Formula,adsorbate,surface_ref_name,surface_ref_formula,surface_ref_status,E,surface_ref_E,delta_E_to_surface_eV,delta_C,delta_H,delta_O,n_CO_adsorbates,E_ads_CO_eV,n_CH3O_adsorbates,E_ads_CH3OH_to_CH3O_eV,fmax,source_hdf,source_row
CaO-slabs,CaO-100-Ni-2x2x4-1-CH3O-1,CH3Ca31NiO33,CH3O,CaO-100-Ni-2x2x4-1,Ca31NiO32,ok,-313.01589478,-289.58852741,-23.427367370000013,1.0,3.0,1.0,,,1.0,,0.0095,/data/Chapter6/CaO-slabs.hdf,1
CaO-slabs,CaO-100-Ni-2x2x4-1-CO-1,CCa31NiO33,CO,CaO-100-Ni-2x2x4-1,Ca31NiO32,ok,-302.42210686,-289.58852741,-12.833579450000002,1.0,0.0,1.0,1.0,,,,0.0089,/data/Chapter6/CaO-slabs.hdf,2
CaO-slabs,CaO-100-Ni-2x2x4-1-CO-2,CCa31NiO33,CO,CaO-100-Ni-2x2x4-1,Ca31NiO32,ok,-302.42239723,-289.58852741,-12.833869820000018,1.0,0.0,1.0,1.0,,,,0.01,/data/Chapter6/CaO-slabs.hdf,3
CaO-slabs,CaO-100-clean-2x2x4-CH3O-1,CH3Ca32O33,CH3O,CaO-100-clean-2x2x4,Ca32O32,ok,-315.36198919,-292.51203182,-22.84995736999997,1.0,3.0,1.0,,,1.0,,0.0073,/data/Chapter6/CaO-slabs.hdf,6
CaO-slabs,CaO-100-clean-2x2x4-COOH-1,CHCa32O34,COOH,CaO-100-clean-2x2x4,Ca32O32,ok,-313.72313065,-292.51203182,-21.21109882999997,1.0,1.0,2.0,,,,,0.0075,/data/Chapter6/CaO-slabs.hdf,7
CaO-slabs,CaO-100-clean-2x2x4-CO-1,CCa32O33,CO,CaO-100-clean-2x2x4,Ca32O32,ok,-304.80804572,-292.51203182,-12.296013899999991,1.0,0.0,1.0,1.0,,,,0.0094,/data/Chapter6/CaO-slabs.hdf,8
CaO-slabs,CaO-100-clean-2x2x4-CO-3,C8Ca32O40,CO,CaO-100-clean-2x2x4,Ca32O32,ok,-391.32728139,-292.51203182,-98.81524956999999,8.0,0.0,8.0,8.0,,,,0.0074,/data/Chapter6/CaO-slabs.hdf,9
CaO-slabs,CaO-100-clean-2x2x4-CO-2,CCa32O33,CO,CaO-100-clean-2x2x4,Ca32O32,ok,-304.83152684,-292.51203182,-12.319495019999977,1.0,0.0,1.0,1.0,,,,0.0055,/data/Chapter6/CaO-slabs.hdf,10
CaO-slabs,CaO-100-clean-2x2x4-HCOO-1,CHCa32O34,HCOO,CaO-100-clean-2x2x4,Ca32O32,ok,-314.48856822,-292.51203182,-21.976536399999986,1.0,1.0,2.0,,,,,0.0075,/data/Chapter6/CaO-slabs.hdf,11
CaO-slabs,CaO-100-clean-2x2x4-CO2-1,CCa32O34,CO2,CaO-100-clean-2x2x4,Ca32O32,ok,-312.27695622,-292.51203182,-19.764924399999984,1.0,0.0,2.0,,,,,0.0056,/data/Chapter6/CaO-slabs.hdf,12
Ga2O3-slabs,Ga2O3-001-5-2x1x4-CH3O-1,CH3Ga16O25,CH3O,Ga2O3-001-5-2x1x4,Ga16O24,ok,-195.11424318,-171.71908232,-23.395160859999976,1.0,3.0,1.0,,,1.0,,0.0087,/data/Chapter6/Ga2O3-slabs.hdf,9
Ga2O3-slabs,Ga2O3-001-5-2x1x4-HCO-1,CHGa16O25,HCO,Ga2O3-001-5-2x1x4,Ga16O24,ok,-186.70148204,-171.71908232,-14.98239971999999,1.0,1.0,1.0,,,,,0.0072,/data/Chapter6/Ga2O3-slabs.hdf,10
Ga2O3-slabs,Ga2O3-001-5-2x1x4-CO-top-1,CGa16O25,CO,Ga2O3-001-5-2x1x4,Ga16O24,ok,-184.0373439,-171.71908232,-12.318261579999984,1.0,0.0,1.0,1.0,,,,0.0057,/data/Chapter6/Ga2O3-slabs.hdf,11
Ga2O3-slabs,Ga2O3-001-5-2x1x4-CO-top-2,CGa16O25,CO,Ga2O3-001-5-2x1x4,Ga16O24,ok,-183.96372403,-171.71908232,-12.244641709999996,1.0,0.0,1.0,1.0,,,,0.0073,/data/Chapter6/Ga2O3-slabs.hdf,12
Ga2O3-slabs,Ga2O3-111-0-2x2x4-CO-1,0,CO,,,missing,0.0,,,0.0,0.0,0.0,0.0,,,,0.0,/data/Chapter6/Ga2O3-slabs.hdf,17
Ga2O3-slabs,Ga2O3-111-0-CO-1,0,CO,Ga2O3-111-0,Ga16O24,ok,0.0,-163.73423327,163.73423327,0.0,0.0,-24.0,0.0,,,,0.0,/data/Chapter6/Ga2O3-slabs.hdf,18
Ga2O3-slabs,Ga2O3-110-0-CH3O-1,0,CH3O,Ga2O3-110-0,Ga12O18,ok,0.0,-125.54940462,125.54940462,0.0,0.0,-18.0,,,0.0,,0.0,/data/Chapter6/Ga2O3-slabs.hdf,42
Ga2O3-slabs,Ga2O3-110-0-Ni-CO-1,CGa11NiO19,CO,Ga2O3-110-0-Ni,Ga11NiO18,ok,-134.13793492,-121.69536435,-12.442570569999987,1.0,0.0,1.0,1.0,,,,0.0083,/data/Chapter6/Ga2O3-slabs.hdf,44
Ga2O3-slabs,Ga2O3-110-0-CO-1,CGa12O19,CO,Ga2O3-110-0,Ga12O18,ok,-138.0050562,-125.54940462,-12.455651580000008,1.0,0.0,1.0,1.0,,,,0.0084,/data/Chapter6/Ga2O3-slabs.hdf,45
Ga2O3-slabs,Ga2O3-100-3-2x2x4-CH3O-1,CH3Ga32O49,CH3O,Ga2O3-100-3-2x2x4,Ga32O48,ok,-375.99452275,-353.75991575,-22.234606999999983,1.0,3.0,1.0,,,1.0,,0.0076,/data/Chapter6/Ga2O3-slabs.hdf,52
Ga2O3-slabs,Ga2O3-100-3-2x2x4-CH3O-2,CH3Ga32O49,CH3O,Ga2O3-100-3-2x2x4,Ga32O48,ok,-375.44008728,-353.75991575,-21.680171529999996,1.0,3.0,1.0,,,1.0,,0.008,/data/Chapter6/Ga2O3-slabs.hdf,53
Ga2O3-slabs,Ga2O3-100-3-2x2x4-Ni-1-CO-1,CGa31NiO49,CO,Ga2O3-100-3-2x2x4-Ni-1,Ga31NiO48,ok,-356.49022354,-351.47083507,-5.019388469999967,1.0,0.0,1.0,1.0,,,,0.0073,/data/Chapter6/Ga2O3-slabs.hdf,55
Ga2O3-slabs,Ga2O3-100-3-2x2x4-CO-1,CGa32O49,CO,Ga2O3-100-3-2x2x4,Ga32O48,ok,-366.02670083,-353.75991575,-12.266785079999977,1.0,0.0,1.0,1.0,,,,0.0071,/data/Chapter6/Ga2O3-slabs.hdf,56
Ga2O3-slabs,Ga2O3-100-3-2x2x4-CO-3,C2Ga32O50,CO,Ga2O3-100-3-2x2x4,Ga32O48,ok,-378.2746931,-353.75991575,-24.514777349999974,2.0,0.0,2.0,2.0,,,,0.0098,/data/Chapter6/Ga2O3-slabs.hdf,57
Ga2O3-slabs,Ga2O3-100-3-2x2x4-CO-2,CGa32O49,CO,Ga2O3-100-3-2x2x4,Ga32O48,ok,-366.01427551,-353.75991575,-12.25435976,1.0,0.0,1.0,1.0,,,,0.0095,/data/Chapter6/Ga2O3-slabs.hdf,58
Ga2O3-slabs,Ga2O3-100-3-2x2x4-CO2-1,CGa32O50,CO2,Ga2O3-100-3-2x2x4,Ga32O48,ok,-372.29959357,-353.75991575,-18.53967782000001,1.0,0.0,2.0,,,,,0.0091,/data/Chapter6/Ga2O3-slabs.hdf,59
Ga2O3-slabs,Ga2O3-010-0-CO-1,CGa24O37,CO,Ga2O3-010-0,Ga24O36,ok,-266.04785031,-253.3783047,-12.66954561,1.0,0.0,1.0,1.0,,,,0.0082,/data/Chapter6/Ga2O3-slabs.hdf,73
Ni-slabs,Ni-211-clean-4x3x4_431-Ox4_CO-1,CNi48O5,CO,,,missing,-137.81117916,,,1.0,0.0,5.0,1.0,,,,0.009,/data/Chapter6/Ni-slabs.hdf,53
Ni-slabs,Ni-211-clean-4x3x4_431-Ox4_CO-4,CNi48O5,CO,,,missing,-137.97112888,,,1.0,0.0,5.0,1.0,,,,0.0075,/data/Chapter6/Ni-slabs.hdf,54
Ni-slabs,Ni-211-clean-4x3x4_431-Ox4_CO-3,CNi48O5,CO,,,missing,-138.11484557,,,1.0,0.0,5.0,1.0,,,,0.0083,/data/Chapter6/Ni-slabs.hdf,55
Ni-slabs,Ni-211-clean-4x3x4_431-Ox4_CO-2,CNi48O5,CO,,,missing,-138.62608119,,,1.0,0.0,5.0,1.0,,,,0.0086,/data/Chapter6/Ni-slabs.hdf,56
Ni-slabs,Ni-211-clean-4x3x4_431-CO-1-top,CNi48O,CO,Ni-211-clean-4x3x4_431,Ni48,ok,-118.01946451,-104.43467402,-13.584790490000003,1.0,0.0,1.0,1.0,,,,0.0085,/data/Chapter6/Ni-slabs.hdf,57
Ni-slabs,Ni-211-clean-4x3x4_431-CO-1-bridge,CNi48O,CO,Ni-211-clean-4x3x4_431,Ni48,ok,-118.14890208,-104.43467402,-13.714228059999996,1.0,0.0,1.0,1.0,,,,0.0082,/data/Chapter6/Ni-slabs.hdf,58
Ni-slabs,Ni-211-clean-4x3x4_431-CO-1-fcc,CNi48O,CO,Ni-211-clean-4x3x4_431,Ni48,ok,-118.05677884,-104.43467402,-13.622104820000004,1.0,0.0,1.0,1.0,,,,0.0089,/data/Chapter6/Ni-slabs.hdf,59
Ni-slabs,Ni-211-clean-4x3x4_431-CO-1-hcp,CNi48O,CO,Ni-211-clean-4x3x4_431,Ni48,ok,-118.16223581,-104.43467402,-13.727561789999996,1.0,0.0,1.0,1.0,,,,0.0063,/data/Chapter6/Ni-slabs.hdf,60
Ni-slabs,Ni-211-clean-4x3x4_431-CO-4-bridge,C4Ni48O4,CO,Ni-211-clean-4x3x4_431,Ni48,ok,-159.31650252,-104.43467402,-54.8818285,4.0,0.0,4.0,4.0,,,,0.0078,/data/Chapter6/Ni-slabs.hdf,61
Ni-slabs,Ni-211-clean-4x3x4_431-CO-4-top_fcc,C4Ni48O4,CO,Ni-211-clean-4x3x4_431,Ni48,ok,-158.80862608,-104.43467402,-54.37395206000001,4.0,0.0,4.0,4.0,,,,0.0081,/data/Chapter6/Ni-slabs.hdf,62
Ni-slabs,Ni-211-clean-4x3x4_431-CO-3-a,C3Ni48O3,CO,Ni-211-clean-4x3x4_431,Ni48,ok,-145.40098831,-104.43467402,-40.96631429,3.0,0.0,3.0,3.0,,,,0.0077,/data/Chapter6/Ni-slabs.hdf,63
Ni-slabs,Ni-211-clean-4x3x4_431-CO-3-fcc,C3Ni48O3,CO,Ni-211-clean-4x3x4_431,Ni48,ok,-145.23146572,-104.43467402,-40.796791699999986,3.0,0.0,3.0,3.0,,,,0.0072,/data/Chapter6/Ni-slabs.hdf,64
Ni-slabs,Ni-211-clean-4x3x4_431-CO-3-b,C3Ni48O3,CO,Ni-211-clean-4x3x4_431,Ni48,ok,-145.60121252,-104.43467402,-41.16653849999999,3.0,0.0,3.0,3.0,,,,0.0086,/data/Chapter6/Ni-slabs.hdf,65
Ni-slabs,Ni-211-clean-4x3x4_431-CO-2-top,C2Ni48O2,CO,Ni-211-clean-4x3x4_431,Ni48,ok,-131.58583974,-104.43467402,-27.15116572000001,2.0,0.0,2.0,2.0,,,,0.0075,/data/Chapter6/Ni-slabs.hdf,66
Ni-slabs,Ni-211-clean-4x3x4_431-CO-2-bridge,C2Ni48O2,CO,Ni-211-clean-4x3x4_431,Ni48,ok,-131.81624151,-104.43467402,-27.381567489999995,2.0,0.0,2.0,2.0,,,,0.0048,/data/Chapter6/Ni-slabs.hdf,67
Ni-slabs,Ni-211-clean-4x3x4_431-CO-2-fcc,C2Ni48O2,CO,Ni-211-clean-4x3x4_431,Ni48,ok,-131.64930588,-104.43467402,-27.214631859999983,2.0,0.0,2.0,2.0,,,,0.0074,/data/Chapter6/Ni-slabs.hdf,68
Ni-slabs,Ni-211-clean-4x3x4_431-CO-2-hcp,C2Ni48O2,CO,Ni-211-clean-4x3x4_431,Ni48,ok,-131.85623942,-104.43467402,-27.421565400000006,2.0,0.0,2.0,2.0,,,,0.0069,/data/Chapter6/Ni-slabs.hdf,69
Ni-slabs,Ni-211-clean-4x3x4_431-Ox4-3-CO-1,CNi48O5,CO,Ni-211-clean-4x3x4_431-Ox4-3,Ni48O4,ok,-139.34359229,-126.16002149,-13.183570799999998,1.0,0.0,1.0,1.0,,,,0.0097,/data/Chapter6/Ni-slabs.hdf,73
Ni-slabs,Ni-211-clean-4x3x4_431-Ox4-3-CO-2,0,CO,Ni-211-clean-4x3x4_431-Ox4-3,Ni48O4,ok,0.0,-126.16002149,126.16002149,0.0,0.0,-4.0,0.0,,,,0.0,/data/Chapter6/Ni-slabs.hdf,74
Ni-slabs,Ni-211-clean-4x3x4_431-O_CO-1,CNi48O2,CO,,,missing,-123.60583648,,,1.0,0.0,2.0,1.0,,,,0.0088,/data/Chapter6/Ni-slabs.hdf,76
Ni-slabs,Ni-211-clean-2x3x4-O_CO-1,CNi24O2,CO,,,missing,-71.4391752,,,1.0,0.0,2.0,1.0,,,,0.009,/data/Chapter6/Ni-slabs.hdf,96
Ni-slabs,Ni-211-clean-2x3x4-HCOO-AA,CHNi24O2,HCOO,Ni-211-clean-2x3x4,Ni24,ok,-75.28127104,-52.27223204,-23.009038999999994,1.0,1.0,2.0,,,,,0.0088,/data/Chapter6/Ni-slabs.hdf,97
Ni-slabs,Ni-211-clean-3x3x4-CH3O-A-1,CH3Ni36O,CH3O,Ni-211-clean-3x3x4,Ni36,ok,-103.25265998,-78.40925744,-24.84340254,1.0,3.0,1.0,,,1.0,,0.0069,/data/Chapter6/Ni-slabs.hdf,100
Ni-slabs,Ni-211-clean-3x3x4-CH3O-AA-1,CH3Ni36O,CH3O,Ni-211-clean-3x3x4,Ni36,ok,-103.25485783,-78.40925744,-24.84560039,1.0,3.0,1.0,,,1.0,,0.0072,/data/Chapter6/Ni-slabs.hdf,101
Ni-slabs,Ni-211-clean-3x3x4-COOH-AA,CHNi36O2,COOH,Ni-211-clean-3x3x4,Ni36,ok,-100.82709513,-78.40925744,-22.41783769,1.0,1.0,2.0,,,,,0.0089,/data/Chapter6/Ni-slabs.hdf,103
Ni-slabs,Ni-211-clean-3x3x4-HCO-AA-1,CHNi36O,HCO,Ni-211-clean-3x3x4,Ni36,ok,-95.05315634,-78.40925744,-16.643898899999996,1.0,1.0,1.0,,,,,0.009,/data/Chapter6/Ni-slabs.hdf,105
Ni-slabs,Ni-211-clean-3x3x4-HCO-AA-4,CHNi36O,HCO,Ni-211-clean-3x3x4,Ni36,ok,-94.6847628,-78.40925744,-16.275505359999997,1.0,1.0,1.0,,,,,0.0081,/data/Chapter6/Ni-slabs.hdf,106
Ni-slabs,Ni-211-clean-3x3x4-HCO-AA-3,CHNi36O,HCO,Ni-211-clean-3x3x4,Ni36,ok,-94.86431993,-78.40925744,-16.45506248999999,1.0,1.0,1.0,,,,,0.0093,/data/Chapter6/Ni-slabs.hdf,107
Ni-slabs,Ni-211-clean-3x3x4-HCO-AA-2,CHNi36O,HCO,Ni-211-clean-3x3x4,Ni36,ok,-95.01100273,-78.40925744,-16.601745289999997,1.0,1.0,1.0,,,,,0.0076,/data/Chapter6/Ni-slabs.hdf,108
Ni-slabs,Ni-211-clean-3x3x4-copt-HCO%HC_O-1-03,CHNi36O,HCO,,,missing,-94.09880767,,,1.0,1.0,1.0,,,,,0.0085,/data/Chapter6/Ni-slabs.hdf,112
Ni-slabs,Ni-211-clean-3x3x4-copt-HCO%HC_O-1-04,CHNi36O,HCO,,,missing,-94.17771008,,,1.0,1.0,1.0,,,,,0.0057,/data/Chapter6/Ni-slabs.hdf,113
Ni-slabs,Ni-211-clean-3x3x4-copt-HCO%HC_O-1-05,CHNi36O,HCO,,,missing,-94.6118002,,,1.0,1.0,1.0,,,,,0.0064,/data/Chapter6/Ni-slabs.hdf,114
Ni-slabs,Ni-211-clean-3x3x4-copt-HCO%HC_O-1-02,CHNi36O,HCO,,,missing,-93.85460928,,,1.0,1.0,1.0,,,,,0.0089,/data/Chapter6/Ni-slabs.hdf,115
Ni-slabs,Ni-211-clean-3x3x4-copt-HCO%HC_O-1-00,CHNi36O,HCO,,,missing,-95.01100273,,,1.0,1.0,1.0,,,,,0.0076,/data/Chapter6/Ni-slabs.hdf,116
Ni-slabs,Ni-211-clean-3x3x4-copt-HCO%HC_O-1-01,CHNi36O,HCO,,,missing,-94.92941644,,,1.0,1.0,1.0,,,,,0.0078,/data/Chapter6/Ni-slabs.hdf,117
Ni-slabs,Ni-211-clean-3x3x4-copt-HCO%HC_O-1-06,CHNi36O,HCO,,,missing,-95.00551015,,,1.0,1.0,1.0,,,,,0.0083,/data/Chapter6/Ni-slabs.hdf,118
Ni-slabs,Ni-211-clean-3x3x4-copt-HCO%HC_O-4-03,CHNi36O,HCO,,,missing,-93.83914174,,,1.0,1.0,1.0,,,,,0.0087,/data/Chapter6/Ni-slabs.hdf,119
Ni-slabs,Ni-211-clean-3x3x4-copt-HCO%HC_O-4-00,CHNi36O,HCO,,,missing,-95.05315634,,,1.0,1.0,1.0,,,,,0.009,/data/Chapter6/Ni-slabs.hdf,120
Ni-slabs,Ni-211-clean-3x3x4-copt-HCO%HC_O-4-06,CHNi36O,HCO,,,missing,-95.00607029,,,1.0,1.0,1.0,,,,,0.0081,/data/Chapter6/Ni-slabs.hdf,121
Ni-slabs,Ni-211-clean-3x3x4-copt-HCO%HC_O-3-03,CHNi36O,HCO,,,missing,-93.89334094,,,1.0,1.0,1.0,,,,,0.0061,/data/Chapter6/Ni-slabs.hdf,122
Ni-slabs,Ni-211-clean-3x3x4-copt-HCO%HC_O-3-04,CHNi36O,HCO,,,missing,-93.92815552,,,1.0,1.0,1.0,,,,,0.0074,/data/Chapter6/Ni-slabs.hdf,123
Ni-slabs,Ni-211-clean-3x3x4-copt-HCO%HC_O-3-05,CHNi36O,HCO,,,missing,-94.27321037,,,1.0,1.0,1.0,,,,,0.0061,/data/Chapter6/Ni-slabs.hdf,124
Ni-slabs,Ni-211-clean-3x3x4-copt-HCO%HC_O-3-02,CHNi36O,HCO,,,missing,-94.331955,,,1.0,1.0,1.0,,,,,0.0092,/data/Chapter6/Ni-slabs.hdf,125
Ni-slabs,Ni-211-clean-3x3x4-copt-HCO%HC_O-3-00,CHNi36O,HCO,,,missing,-95.05315634,,,1.0,1.0,1.0,,,,,0.009,/data/Chapter6/Ni-slabs.hdf,126
Ni-slabs,Ni-211-clean-3x3x4-copt-HCO%HC_O-3-01,CHNi36O,HCO,,,missing,-94.68454072,,,1.0,1.0,1.0,,,,,0.0069,/data/Chapter6/Ni-slabs.hdf,127
Ni-slabs,Ni-211-clean-3x3x4-copt-HCO%HC_O-3-06,CHNi36O,HCO,,,missing,-95.00607029,,,1.0,1.0,1.0,,,,,0.0081,/data/Chapter6/Ni-slabs.hdf,128
Ni-slabs,Ni-211-clean-3x3x4-copt-HCO%HC_O-2-03,CHNi36O,HCO,,,missing,-94.09880767,,,1.0,1.0,1.0,,,,,0.0085,/data/Chapter6/Ni-slabs.hdf,129
Ni-slabs,Ni-211-clean-3x3x4-copt-HCO%HC_O-2-04,CHNi36O,HCO,,,missing,-94.17771008,,,1.0,1.0,1.0,,,,,0.0057,/data/Chapter6/Ni-slabs.hdf,130
Ni-slabs,Ni-211-clean-3x3x4-copt-HCO%HC_O-2-05,CHNi36O,HCO,,,missing,-94.6118002,,,1.0,1.0,1.0,,,,,0.0064,/data/Chapter6/Ni-slabs.hdf,131
Ni-slabs,Ni-211-clean-3x3x4-copt-HCO%HC_O-2-02,CHNi36O,HCO,,,missing,-93.85460834,,,1.0,1.0,1.0,,,,,0.0089,/data/Chapter6/Ni-slabs.hdf,132
Ni-slabs,Ni-211-clean-3x3x4-copt-HCO%HC_O-2-01,CHNi36O,HCO,,,missing,-94.92941644,,,1.0,1.0,1.0,,,,,0.0078,/data/Chapter6/Ni-slabs.hdf,133
Ni-slabs,Ni-211-clean-3x3x4-copt-HCO%HC_O-2-06,CHNi36O,HCO,,,missing,-95.00551015,,,1.0,1.0,1.0,,,,,0.0083,/data/Chapter6/Ni-slabs.hdf,134
Ni-slabs,Ni-211-clean-3x3x4-copt-HCOO%HCO_O-1-03,CHNi36O2,HCOO,,,missing,-99.64375048,,,1.0,1.0,2.0,,,,,0.0082,/data/Chapter6/Ni-slabs.hdf,135
Ni-slabs,Ni-211-clean-3x3x4-copt-HCOO%HCO_O-1-04,CHNi36O2,HCOO,,,missing,-99.50453859,,,1.0,1.0,2.0,,,,,0.0066,/data/Chapter6/Ni-slabs.hdf,136
Ni-slabs,Ni-211-clean-3x3x4-copt-HCOO%HCO_O-1-05,CHNi36O2,HCOO,,,missing,-99.86156177,,,1.0,1.0,2.0,,,,,0.0082,/data/Chapter6/Ni-slabs.hdf,137
Ni-slabs,Ni-211-clean-3x3x4-copt-HCOO%HCO_O-1-02,CHNi36O2,HCOO,,,missing,-99.86796246,,,1.0,1.0,2.0,,,,,0.0079,/data/Chapter6/Ni-slabs.hdf,138
Ni-slabs,Ni-211-clean-3x3x4-copt-HCOO%HCO_O-1-00,CHNi36O2,HCOO,,,missing,-101.52849141,,,1.0,1.0,2.0,,,,,0.0072,/data/Chapter6/Ni-slabs.hdf,139
Ni-slabs,Ni-211-clean-3x3x4-copt-HCOO%HCO_O-1-01,CHNi36O2,HCOO,,,missing,-100.90007035,,,1.0,1.0,2.0,,,,,0.008,/data/Chapter6/Ni-slabs.hdf,140
Ni-slabs,Ni-211-clean-3x3x4-copt-HCOO%HCO_O-1-06,CHNi36O2,HCOO,,,missing,-100.54624515,,,1.0,1.0,2.0,,,,,0.0069,/data/Chapter6/Ni-slabs.hdf,141
Ni-slabs,Ni-211-clean-3x3x4-copt-HCOO%HCO_O-2-03,CHNi36O2,HCOO,,,missing,-99.55548405,,,1.0,1.0,2.0,,,,,0.0081,/data/Chapter6/Ni-slabs.hdf,142
Ni-slabs,Ni-211-clean-3x3x4-copt-HCOO%HCO_O-2-02,CHNi36O2,HCOO,,,missing,-99.55335755,,,1.0,1.0,2.0,,,,,0.009,/data/Chapter6/Ni-slabs.hdf,143
Ni-slabs,Ni-211-clean-3x3x4-copt-HCOO%HCO_O-2-00,CHNi36O2,HCOO,,,missing,-101.52849141,,,1.0,1.0,2.0,,,,,0.0072,/data/Chapter6/Ni-slabs.hdf,144
Ni-slabs,Ni-211-clean-3x3x4-copt-HCOO%HCO_O-2-06,CHNi36O2,HCOO,,,missing,-100.54624515,,,1.0,1.0,2.0,,,,,0.0069,/data/Chapter6/Ni-slabs.hdf,145
Ni-slabs,Ni-211-clean-3x3x4-copt-CO2%HCOO-1-03,CHNi36O2,CO2,,,missing,-99.88692392,,,1.0,1.0,2.0,,,,,0.0077,/data/Chapter6/Ni-slabs.hdf,157
Ni-slabs,Ni-211-clean-3x3x4-copt-CO2%HCOO-1-04,CHNi36O2,CO2,,,missing,-101.22968789,,,1.0,1.0,2.0,,,,,0.0094,/data/Chapter6/Ni-slabs.hdf,158
Ni-slabs,Ni-211-clean-3x3x4-copt-CO2%HCOO-1-05,CHNi36O2,CO2,,,missing,-101.48544879,,,1.0,1.0,2.0,,,,,0.0082,/data/Chapter6/Ni-slabs.hdf,159
Ni-slabs,Ni-211-clean-3x3x4-copt-CO2%HCOO-1-02,CHNi36O2,CO2,,,missing,-100.17074011,,,1.0,1.0,2.0,,,,,0.0085,/data/Chapter6/Ni-slabs.hdf,160
Ni-slabs,Ni-211-clean-3x3x4-copt-CO2%HCOO-1-01,CHNi36O2,CO2,,,missing,-100.48366964,,,1.0,1.0,2.0,,,,,0.0077,/data/Chapter6/Ni-slabs.hdf,161
Ni-slabs,Ni-211-clean-3x3x4-copt-CO2%HCOO-1-06,CHNi36O2,CO2,,,missing,-101.52849141,,,1.0,1.0,2.0,,,,,0.0072,/data/Chapter6/Ni-slabs.hdf,162
Ni-slabs,Ni-211-clean-3x3x4-copt-HCOO_H%HCOOH-1-03,CH2Ni36O2,HCOO,,,missing,-104.66302246,,,1.0,2.0,2.0,,,,,0.0076,/data/Chapter6/Ni-slabs.hdf,163
Ni-slabs,Ni-211-clean-3x3x4-copt-HCOO_H%HCOOH-1-04,CH2Ni36O2,HCOO,,,missing,-104.2891352,,,1.0,2.0,2.0,,,,,0.0079,/data/Chapter6/Ni-slabs.hdf,164
Ni-slabs,Ni-211-clean-3x3x4-copt-HCOO_H%HCOOH-1-05,CH2Ni36O2,HCOO,,,missing,-103.85867561,,,1.0,2.0,2.0,,,,,0.0071,/data/Chapter6/Ni-slabs.hdf,165
Ni-slabs,Ni-211-clean-3x3x4-copt-HCOO_H%HCOOH-1-02,CH2Ni36O2,HCOO,,,missing,-104.94640897,,,1.0,2.0,2.0,,,,,0.0075,/data/Chapter6/Ni-slabs.hdf,166
Ni-slabs,Ni-211-clean-3x3x4-copt-HCOO_H%HCOOH-1-00,CH2Ni36O2,HCOO,,,missing,-105.28752419,,,1.0,2.0,2.0,,,,,0.0067,/data/Chapter6/Ni-slabs.hdf,167
Ni-slabs,Ni-211-clean-3x3x4-copt-HCOO_H%HCOOH-1-01,CH2Ni36O2,HCOO,,,missing,-105.12499903,,,1.0,2.0,2.0,,,,,0.0077,/data/Chapter6/Ni-slabs.hdf,168
Ni-slabs,Ni-211-clean-3x3x4-copt-HCOO_H%HCOOH-1-06,0,HCOO,,,missing,0.0,,,0.0,0.0,0.0,,,,,0.0,/data/Chapter6/Ni-slabs.hdf,169
Ni-slabs,Ni-211-clean-3x3x4-copt-CO2%CO_O-1-03,CNi36O2,CO2,,,missing,-96.20313602,,,1.0,0.0,2.0,,,,,0.0083,/data/Chapter6/Ni-slabs.hdf,170
Ni-slabs,Ni-211-clean-3x3x4-copt-CO2%CO_O-1-04,CNi36O2,CO2,,,missing,-97.0421231,,,1.0,0.0,2.0,,,,,0.008,/data/Chapter6/Ni-slabs.hdf,171
Ni-slabs,Ni-211-clean-3x3x4-copt-CO2%CO_O-1-05,CNi36O2,CO2,,,missing,-97.34939813,,,1.0,0.0,2.0,,,,,0.0066,/data/Chapter6/Ni-slabs.hdf,172
Ni-slabs,Ni-211-clean-3x3x4-copt-CO2%CO_O-1-02,CNi36O2,CO2,,,missing,-96.03244632,,,1.0,0.0,2.0,,,,,0.0063,/data/Chapter6/Ni-slabs.hdf,173
Ni-slabs,Ni-211-clean-3x3x4-copt-CO2%CO_O-1-01,CNi36O2,CO2,,,missing,-96.3308278,,,1.0,0.0,2.0,,,,,0.008,/data/Chapter6/Ni-slabs.hdf,174
Ni-slabs,Ni-211-clean-3x3x4-copt-CO2%CO_O-1-06,CNi36O2,CO2,,,missing,-97.33870599,,,1.0,0.0,2.0,,,,,0.009,/data/Chapter6/Ni-slabs.hdf,175
Ni-slabs,Ni-211-clean-3x3x4-copt-CO_H%COH-1-03,CHNi36O,CO,,,missing,-95.51146456,,,1.0,1.0,1.0,1.0,,,,0.0095,/data/Chapter6/Ni-slabs.hdf,176
Ni-slabs,Ni-211-clean-3x3x4-copt-CO_H%COH-1-04,CHNi36O,CO,,,missing,-95.10708458,,,1.0,1.0,1.0,1.0,,,,0.0081,/data/Chapter6/Ni-slabs.hdf,177
Ni-slabs,Ni-211-clean-3x3x4-copt-CO_H%COH-1-05,CHNi36O,CO,,,missing,-94.54664893,,,1.0,1.0,1.0,1.0,,,,0.0069,/data/Chapter6/Ni-slabs.hdf,178
Ni-slabs,Ni-211-clean-3x3x4-copt-CO_H%COH-1-02,CHNi36O,CO,,,missing,-95.77477611,,,1.0,1.0,1.0,1.0,,,,0.0064,/data/Chapter6/Ni-slabs.hdf,179
Ni-slabs,Ni-211-clean-3x3x4-copt-CO_H%COH-1-00,CHNi36O,CO,,,missing,-95.96404522,,,1.0,1.0,1.0,1.0,,,,0.0089,/data/Chapter6/Ni-slabs.hdf,180
Ni-slabs,Ni-211-clean-3x3x4-copt-CO_H%COH-1-01,CHNi36O,CO,,,missing,-95.92238916,,,1.0,1.0,1.0,1.0,,,,0.0065,/data/Chapter6/Ni-slabs.hdf,181
Ni-slabs,Ni-211-clean-3x3x4-copt-CO_H%COH-1-06,CHNi36O,CO,,,missing,-94.97700257,,,1.0,1.0,1.0,1.0,,,,0.0086,/data/Chapter6/Ni-slabs.hdf,182
Ni-slabs,Ni-211-clean-3x3x4-copt-CO_H%COH-2-03,CHNi36O,CO,,,missing,-93.94841357,,,1.0,1.0,1.0,1.0,,,,0.0081,/data/Chapter6/Ni-slabs.hdf,183
Ni-slabs,Ni-211-clean-3x3x4-copt-CO_H%COH-2-04,CHNi36O,CO,,,missing,-94.0769851,,,1.0,1.0,1.0,1.0,,,,0.0076,/data/Chapter6/Ni-slabs.hdf,184
Ni-slabs,Ni-211-clean-3x3x4-copt-CO_H%COH-2-05,CHNi36O,CO,,,missing,-94.65584436,,,1.0,1.0,1.0,1.0,,,,0.0082,/data/Chapter6/Ni-slabs.hdf,185
Ni-slabs,Ni-211-clean-3x3x4-copt-CO_H%COH-2-02,CHNi36O,CO,,,missing,-94.20543086,,,1.0,1.0,1.0,1.0,,,,0.0084,/data/Chapter6/Ni-slabs.hdf,186
Ni-slabs,Ni-211-clean-3x3x4-copt-CO_H%COH-2-00,CHNi36O,CO,,,missing,-95.96404522,,,1.0,1.0,1.0,1.0,,,,0.0089,/data/Chapter6/Ni-slabs.hdf,187
Ni-slabs,Ni-211-clean-3x3x4-copt-CO_H%COH-2-01,CHNi36O,CO,,,missing,-94.5091978,,,1.0,1.0,1.0,1.0,,,,0.0072,/data/Chapter6/Ni-slabs.hdf,188
Ni-slabs,Ni-211-clean-3x3x4-copt-CO_H%COH-2-06,CHNi36O,CO,,,missing,-94.97700257,,,1.0,1.0,1.0,1.0,,,,0.0086,/data/Chapter6/Ni-slabs.hdf,189
Ni-slabs,Ni-211-clean-3x3x4-copt-CO%C_O-1-03,CNi36O,CO,,,missing,-89.20454385,,,1.0,0.0,1.0,1.0,,,,0.0071,/data/Chapter6/Ni-slabs.hdf,190
Ni-slabs,Ni-211-clean-3x3x4-copt-CO%C_O-1-04,CNi36O,CO,,,missing,-89.45973355,,,1.0,0.0,1.0,1.0,,,,0.005,/data/Chapter6/Ni-slabs.hdf,191
Ni-slabs,Ni-211-clean-3x3x4-copt-CO%C_O-1-05,CNi36O,CO,,,missing,-89.70952919,,,1.0,0.0,1.0,1.0,,,,0.0063,/data/Chapter6/Ni-slabs.hdf,192
Ni-slabs,Ni-211-clean-3x3x4-copt-CO%C_O-1-02,CNi36O,CO,,,missing,-90.08174372,,,1.0,0.0,1.0,1.0,,,,0.0089,/data/Chapter6/Ni-slabs.hdf,193
Ni-slabs,Ni-211-clean-3x3x4-copt-CO%C_O-1-00,CNi36O,CO,,,missing,-92.17550949,,,1.0,0.0,1.0,1.0,,,,0.0095,/data/Chapter6/Ni-slabs.hdf,194
Ni-slabs,Ni-211-clean-3x3x4-copt-CO%C_O-1-01,CNi36O,CO,,,missing,-90.98875689,,,1.0,0.0,1.0,1.0,,,,0.0088,/data/Chapter6/Ni-slabs.hdf,195
Ni-slabs,Ni-211-clean-3x3x4-copt-CO%C_O-1-06,CNi36O,CO,,,missing,-90.95368223,,,1.0,0.0,1.0,1.0,,,,0.0095,/data/Chapter6/Ni-slabs.hdf,196
Ni-slabs,Ni-211-clean-3x3x4-copt-CO_H%HCO-1-03,CHNi36O,CO,,,missing,-95.06751542,,,1.0,1.0,1.0,1.0,,,,0.0065,/data/Chapter6/Ni-slabs.hdf,197
Ni-slabs,Ni-211-clean-3x3x4-copt-CO_H%HCO-1-04,CHNi36O,CO,,,missing,-95.01064685,,,1.0,1.0,1.0,1.0,,,,0.0091,/data/Chapter6/Ni-slabs.hdf,198
Ni-slabs,Ni-211-clean-3x3x4-copt-CO_H%HCO-1-05,CHNi36O,CO,,,missing,-94.75464771,,,1.0,1.0,1.0,1.0,,,,0.0076,/data/Chapter6/Ni-slabs.hdf,199
Ni-slabs,Ni-211-clean-3x3x4-copt-CO_H%HCO-1-02,CHNi36O,CO,,,missing,-95.18970341,,,1.0,1.0,1.0,1.0,,,,0.0062,/data/Chapter6/Ni-slabs.hdf,200
Ni-slabs,Ni-211-clean-3x3x4-copt-CO_H%HCO-1-00,CHNi36O,CO,,,missing,-95.96404522,,,1.0,1.0,1.0,1.0,,,,0.0089,/data/Chapter6/Ni-slabs.hdf,201
Ni-slabs,Ni-211-clean-3x3x4-copt-CO_H%HCO-1-01,CHNi36O,CO,,,missing,-95.37733852,,,1.0,1.0,1.0,1.0,,,,0.0053,/data/Chapter6/Ni-slabs.hdf,202
Ni-slabs,Ni-211-clean-3x3x4-copt-CO_H%HCO-1-06,CHNi36O,CO,,,missing,-95.01100273,,,1.0,1.0,1.0,1.0,,,,0.0076,/data/Chapter6/Ni-slabs.hdf,203
Ni-slabs,Ni-211-clean-3x3x4-copt-CO_H%HCO-2,0,CO,,,missing,0.0,,,0.0,0.0,0.0,0.0,,,,0.0,/data/Chapter6/Ni-slabs.hdf,204
Ni-slabs,Ni-211-clean-3x3x4-copt-CO_H%HCO-2-03,CHNi36O,CO,,,missing,-95.06751542,,,1.0,1.0,1.0,1.0,,,,0.0065,/data/Chapter6/Ni-slabs.hdf,205
Ni-slabs,Ni-211-clean-3x3x4-copt-CO_H%HCO-2-04,CHNi36O,CO,,,missing,-95.01064685,,,1.0,1.0,1.0,1.0,,,,0.0091,/data/Chapter6/Ni-slabs.hdf,206
Ni-slabs,Ni-211-clean-3x3x4-copt-CO_H%HCO-2-05,CHNi36O,CO,,,missing,-94.98050125,,,1.0,1.0,1.0,1.0,,,,0.0073,/data/Chapter6/Ni-slabs.hdf,207
Ni-slabs,Ni-211-clean-3x3x4-copt-CO_H%HCO-2-02,CHNi36O,CO,,,missing,-95.18970341,,,1.0,1.0,1.0,1.0,,,,0.0062,/data/Chapter6/Ni-slabs.hdf,208
Ni-slabs,Ni-211-clean-3x3x4-copt-CO_H%HCO-2-00,CHNi36O,CO,,,missing,-95.96404522,,,1.0,1.0,1.0,1.0,,,,0.0089,/data/Chapter6/Ni-slabs.hdf,209
Ni-slabs,Ni-211-clean-3x3x4-copt-CO_H%HCO-2-01,CHNi36O,CO,,,missing,-95.37733852,,,1.0,1.0,1.0,1.0,,,,0.0053,/data/Chapter6/Ni-slabs.hdf,210
Ni-slabs,Ni-211-clean-3x3x4-copt-CO_H%HCO-2-06,CHNi36O,CO,,,missing,-95.01100273,,,1.0,1.0,1.0,1.0,,,,0.0076,/data/Chapter6/Ni-slabs.hdf,211
Ni-slabs,Ni-211-clean-3x3x4-copt-HCO_H%H2CO-1-03,CH2Ni36O,HCO,,,missing,-98.3932121,,,1.0,2.0,1.0,,,,,0.0087,/data/Chapter6/Ni-slabs.hdf,212
Ni-slabs,Ni-211-clean-3x3x4-copt-HCO_H%H2CO-1-04,CH2Ni36O,HCO,,,missing,-98.40404582,,,1.0,2.0,1.0,,,,,0.0077,/data/Chapter6/Ni-slabs.hdf,213
Ni-slabs,Ni-211-clean-3x3x4-copt-HCO_H%H2CO-1-05,CH2Ni36O,HCO,,,missing,-98.52216381,,,1.0,2.0,1.0,,,,,0.0097,/data/Chapter6/Ni-slabs.hdf,214
Ni-slabs,Ni-211-clean-3x3x4-copt-HCO_H%H2CO-1-02,CH2Ni36O,HCO,,,missing,-98.6351296,,,1.0,2.0,1.0,,,,,0.0067,/data/Chapter6/Ni-slabs.hdf,215
Ni-slabs,Ni-211-clean-3x3x4-copt-HCO_H%H2CO-1-00,CH2Ni36O,HCO,,,missing,-98.90568329,,,1.0,2.0,1.0,,,,,0.0092,/data/Chapter6/Ni-slabs.hdf,216
Ni-slabs,Ni-211-clean-3x3x4-copt-HCO_H%H2CO-1-01,CH2Ni36O,HCO,,,missing,-98.82733646,,,1.0,2.0,1.0,,,,,0.0076,/data/Chapter6/Ni-slabs.hdf,217
Ni-slabs,Ni-211-clean-3x3x4-copt-HCO_H%H2CO-1-06,CH2Ni36O,HCO,,,missing,-98.83505421,,,1.0,2.0,1.0,,,,,0.0066,/data/Chapter6/Ni-slabs.hdf,218
Ni-slabs,Ni-211-clean-3x3x4-CO-AA-top,CNi36O,CO,Ni-211-clean-3x3x4,Ni36,ok,-91.95801017,-78.40925744,-13.54875272999999,1.0,0.0,1.0,1.0,,,,0.0074,/data/Chapter6/Ni-slabs.hdf,220
Ni-slabs,Ni-211-clean-3x3x4-CO-AA-bridge,CNi36O,CO,Ni-211-clean-3x3x4,Ni36,ok,-92.08809405,-78.40925744,-13.67883660999999,1.0,0.0,1.0,1.0,,,,0.0075,/data/Chapter6/Ni-slabs.hdf,221
Ni-slabs,Ni-211-clean-3x3x4-CO-AA-fcc,CNi36O,CO,Ni-211-clean-3x3x4,Ni36,ok,-92.17550949,-78.40925744,-13.766252049999991,1.0,0.0,1.0,1.0,,,,0.0095,/data/Chapter6/Ni-slabs.hdf,222
Ni-slabs,Ni-211-clean-3x3x4-CO-AA-fcc_top,C2Ni36O2,CO,Ni-211-clean-3x3x4,Ni36,ok,-105.69021479,-78.40925744,-27.280957349999994,2.0,0.0,2.0,2.0,,,,0.0092,/data/Chapter6/Ni-slabs.hdf,223
Ni-slabs,Ni-211-clean-3x3x4-HCOOH-AA,CH2Ni36O2,HCOOH,Ni-211-clean-3x3x4,Ni36,ok,-104.2149947,-78.40925744,-25.80573726,1.0,2.0,2.0,,,,,0.0057,/data/Chapter6/Ni-slabs.hdf,224
Ni-slabs,Ni-211-clean-3x3x4-HCOOH-trans,0,HCOOH,Ni-211-clean-3x3x4,Ni36,ok,0.0,-78.40925744,78.40925744,0.0,0.0,0.0,,,,,0.0,/data/Chapter6/Ni-slabs.hdf,225
Ni-slabs,Ni-211-clean-3x3x4-HCOOH-cis,CH2Ni36O2,HCOOH,Ni-211-clean-3x3x4,Ni36,ok,-104.2149947,-78.40925744,-25.80573726,1.0,2.0,2.0,,,,,0.0057,/data/Chapter6/Ni-slabs.hdf,226
Ni-slabs,Ni-211-clean-3x3x4-OH_CO-1,CHNi36O2,CO,,,missing,-101.7704767,,,1.0,1.0,2.0,1.0,,,,0.0053,/data/Chapter6/Ni-slabs.hdf,230
Ni-slabs,Ni-211-clean-3x3x4-HCO_H-1,CH2Ni36O,HCO,Ni-211-clean-3x3x4,Ni36,ok,-98.90568329,-78.40925744,-20.496425849999994,1.0,2.0,1.0,,,,,0.0092,/data/Chapter6/Ni-slabs.hdf,253
Ni-slabs,Ni-211-clean-3x3x4-HCO_O-1,CHNi36O2,HCO,Ni-211-clean-3x3x4,Ni36,ok,-100.54624515,-78.40925744,-22.13698771,1.0,1.0,2.0,,,,,0.0069,/data/Chapter6/Ni-slabs.hdf,256
Ni-slabs,Ni-211-clean-3x3x4-HCOO_H-1,CH2Ni36O2,HCOO,Ni-211-clean-3x3x4,Ni36,ok,-105.28752419,-78.40925744,-26.878266749999995,1.0,2.0,2.0,,,,,0.0067,/data/Chapter6/Ni-slabs.hdf,259
Ni-slabs,Ni-211-clean-3x3x4-HCOO_CO-1,C2HNi36O3,HCOO,Ni-211-clean-3x3x4,Ni36,ok,-114.89972237,-78.40925744,-36.49046493,2.0,1.0,3.0,,,,,0.0082,/data/Chapter6/Ni-slabs.hdf,262
Ni-slabs,Ni-211-clean-3x3x4-HCO_OH-1,CH2Ni36O2,HCO,Ni-211-clean-3x3x4,Ni36,ok,-104.6312831,-78.40925744,-26.22202566,1.0,2.0,2.0,,,,,0.0076,/data/Chapter6/Ni-slabs.hdf,263
Ni-slabs,Ni-211-clean-3x3x4-CO_H-1,CHNi36O,CO,Ni-211-clean-3x3x4,Ni36,ok,-95.96404522,-78.40925744,-17.554787779999998,1.0,1.0,1.0,1.0,,,,0.0089,/data/Chapter6/Ni-slabs.hdf,267
Ni-slabs,Ni-211-clean-3x3x4-O_CO-1,CNi36O2,CO,,,missing,-97.28023188,,,1.0,0.0,2.0,1.0,,,,0.0058,/data/Chapter6/Ni-slabs.hdf,269
Ni-slabs,Ni-211-clean-3x3x4-O_CO-2,CNi36O2,CO,,,missing,-97.33870599,,,1.0,0.0,2.0,1.0,,,,0.009,/data/Chapter6/Ni-slabs.hdf,270
Ni-slabs,Ni-211-clean-3x3x4-H2COOH-AA,CH3Ni36O2,H2COOH,Ni-211-clean-3x3x4,Ni36,ok,-108.18591288,-78.40925744,-29.77665544,1.0,3.0,2.0,,,,,0.0066,/data/Chapter6/Ni-slabs.hdf,271
Ni-slabs,Ni-211-clean-3x3x4-HCOO-AA,CHNi36O2,HCOO,Ni-211-clean-3x3x4,Ni36,ok,-101.52849141,-78.40925744,-23.119233969999996,1.0,1.0,2.0,,,,,0.0072,/data/Chapter6/Ni-slabs.hdf,273
Ni-slabs,Ni-211-clean-3x3x4-CO2-1,CNi36O2,CO2,Ni-211-clean-3x3x4,Ni36,ok,-96.9016186,-78.40925744,-18.49236116,1.0,0.0,2.0,,,,,0.0085,/data/Chapter6/Ni-slabs.hdf,274
Ni-slabs,Ni-211-clean-4x3x4-CH3O-1,CH3Ni48O,CH3O,Ni-211-clean-4x3x4,Ni48,ok,-129.30789973,-104.54044838,-24.76745135,1.0,3.0,1.0,,,1.0,,0.0075,/data/Chapter6/Ni-slabs.hdf,276
Ni-slabs,Ni-211-clean-4x3x4-CO-top,CNi48O,CO,Ni-211-clean-4x3x4,Ni48,ok,-118.10959507,-104.54044838,-13.569146689999997,1.0,0.0,1.0,1.0,,,,0.0095,/data/Chapter6/Ni-slabs.hdf,286
Ni-slabs,Ni-211-clean-4x3x4-HCOO-AA,CHNi48O2,HCOO,Ni-211-clean-4x3x4,Ni48,ok,-127.6797715,-104.54044838,-23.13932312,1.0,1.0,2.0,,,,,0.0078,/data/Chapter6/Ni-slabs.hdf,306
Ni-slabs,Ni-211-clean-4x3x4-CO2-1,CNi48O2,CO2,Ni-211-clean-4x3x4,Ni48,ok,-123.16064768,-104.54044838,-18.620199299999996,1.0,0.0,2.0,,,,,0.0066,/data/Chapter6/Ni-slabs.hdf,307
Ni-slabs,Ni-211-clean-4x3x4-CO2-2,CNi48O2,CO2,Ni-211-clean-4x3x4,Ni48,ok,-123.08301512,-104.54044838,-18.542566739999998,1.0,0.0,2.0,,,,,0.0086,/data/Chapter6/Ni-slabs.hdf,308
Ni-slabs,Ni-211-Zn-3x3x4-1-CH3O-AB,CH3Ni35OZn,CH3O,Ni-211-Zn-3x3x4-1,Ni35Zn,ok,-99.48206293,-74.8402741,-24.641788829999996,1.0,3.0,1.0,,,1.0,,0.0083,/data/Chapter6/Ni-slabs.hdf,327
Ni-slabs,Ni-211-Zn-3x3x4-1-CH3O-AA,CH3Ni35OZn,CH3O,Ni-211-Zn-3x3x4-1,Ni35Zn,ok,-99.48110355,-74.8402741,-24.64082945,1.0,3.0,1.0,,,1.0,,0.0064,/data/Chapter6/Ni-slabs.hdf,328
Ni-slabs,Ni-211-Zn-3x3x4-1-COOH-AB,CHNi35O2Zn,COOH,Ni-211-Zn-3x3x4-1,Ni35Zn,ok,-97.08849292,-74.8402741,-22.24821881999999,1.0,1.0,2.0,,,,,0.0055,/data/Chapter6/Ni-slabs.hdf,331
Ni-slabs,Ni-211-Zn-3x3x4-1-HCO-AB,CHNi35OZn,HCO,Ni-211-Zn-3x3x4-1,Ni35Zn,ok,-91.27219541,-74.8402741,-16.431921309999993,1.0,1.0,1.0,,,,,0.0067,/data/Chapter6/Ni-slabs.hdf,332
Ni-slabs,Ni-211-Zn-3x3x4-1-HCO-AA,CHNi35OZn,HCO,Ni-211-Zn-3x3x4-1,Ni35Zn,ok,-91.51877789,-74.8402741,-16.678503789999994,1.0,1.0,1.0,,,,,0.0074,/data/Chapter6/Ni-slabs.hdf,333
Ni-slabs,Ni-211-Zn-3x3x4-1-CO-AB-1,CNi35OZn,CO,Ni-211-Zn-3x3x4-1,Ni35Zn,ok,-87.68259695,-74.8402741,-12.842322850000002,1.0,0.0,1.0,1.0,,,,0.0091,/data/Chapter6/Ni-slabs.hdf,337
Ni-slabs,Ni-211-Zn-3x3x4-1-CO-AA-1,CNi35OZn,CO,Ni-211-Zn-3x3x4-1,Ni35Zn,ok,-88.59151283,-74.8402741,-13.751238729999997,1.0,0.0,1.0,1.0,,,,0.0093,/data/Chapter6/Ni-slabs.hdf,338
Ni-slabs,Ni-211-Zn-3x3x4-1-CO-AA-2,CNi35OZn,CO,Ni-211-Zn-3x3x4-1,Ni35Zn,ok,-88.65786967,-74.8402741,-13.817595569999995,1.0,0.0,1.0,1.0,,,,0.0074,/data/Chapter6/Ni-slabs.hdf,339
Ni-slabs,Ni-211-Zn-3x3x4-1-H2COOH-AB,CH3Ni35O2Zn,H2COOH,Ni-211-Zn-3x3x4-1,Ni35Zn,ok,-104.46521535,-74.8402741,-29.624941249999992,1.0,3.0,2.0,,,,,0.0081,/data/Chapter6/Ni-slabs.hdf,353
Ni-slabs,Ni-211-Zn-3x3x4-1-H2COOH-AA,CH3Ni35O2Zn,H2COOH,Ni-211-Zn-3x3x4-1,Ni35Zn,ok,-104.60173141,-74.8402741,-29.761457309999997,1.0,3.0,2.0,,,,,0.0067,/data/Chapter6/Ni-slabs.hdf,354
Ni-slabs,Ni-211-Zn-3x3x4-1-HCOO-AB,CHNi35O2Zn,HCOO,Ni-211-Zn-3x3x4-1,Ni35Zn,ok,-97.80659475,-74.8402741,-22.96632065,1.0,1.0,2.0,,,,,0.0085,/data/Chapter6/Ni-slabs.hdf,355
Ni-slabs,Ni-211-Zn-3x3x4-1-HCOO-AA,CHNi35O2Zn,HCOO,Ni-211-Zn-3x3x4-1,Ni35Zn,ok,-97.95303187,-74.8402741,-23.11275777,1.0,1.0,2.0,,,,,0.0058,/data/Chapter6/Ni-slabs.hdf,356
Ni-slabs,Ni-211-Zn-3x3x4-3-CH3O-BB-1,CH3Ni33OZn3,CH3O,Ni-211-Zn-3x3x4-3,Ni33Zn3,ok,-91.99364983,-67.40436545,-24.589284379999995,1.0,3.0,1.0,,,1.0,,0.0063,/data/Chapter6/Ni-slabs.hdf,361
Ni-slabs,Ni-211-Zn-3x3x4-3-COOH-BB,CHNi33O2Zn3,COOH,Ni-211-Zn-3x3x4-3,Ni33Zn3,ok,-89.0693022,-67.40436545,-21.664936749999995,1.0,1.0,2.0,,,,,0.0065,/data/Chapter6/Ni-slabs.hdf,363
Ni-slabs,Ni-211-Zn-3x3x4-3-HCO-BB,CHNi33OZn3,HCO,Ni-211-Zn-3x3x4-3,Ni33Zn3,ok,-83.08396494,-67.40436545,-15.679599490000001,1.0,1.0,1.0,,,,,0.0076,/data/Chapter6/Ni-slabs.hdf,364
Ni-slabs,Ni-211-Zn-3x3x4-3-CO-BB,CNi33OZn3,CO,Ni-211-Zn-3x3x4-3,Ni33Zn3,ok,-79.61244081,-67.40436545,-12.208075359999995,1.0,0.0,1.0,1.0,,,,0.0082,/data/Chapter6/Ni-slabs.hdf,365
Ni-slabs,Ni-211-Zn-3x3x4-3-HCOOH-BB,CH2Ni33O2Zn3,HCOOH,Ni-211-Zn-3x3x4-3,Ni33Zn3,ok,-92.99967511,-67.40436545,-25.595309659999998,1.0,2.0,2.0,,,,,0.0083,/data/Chapter6/Ni-slabs.hdf,366
Ni-slabs,Ni-211-Zn-3x3x4-3-H2COOH-BB,CH3Ni33O2Zn3,H2COOH,Ni-211-Zn-3x3x4-3,Ni33Zn3,ok,-96.96463942,-67.40436545,-29.560273969999997,1.0,3.0,2.0,,,,,0.0062,/data/Chapter6/Ni-slabs.hdf,376
Ni-slabs,Ni-211-Zn-3x3x4-3-HCOO-BB,CHNi33O2Zn3,HCOO,Ni-211-Zn-3x3x4-3,Ni33Zn3,ok,-90.28114373,-67.40436545,-22.876778279999996,1.0,1.0,2.0,,,,,0.0092,/data/Chapter6/Ni-slabs.hdf,377
Ni-slabs,Ni-211-Zn-4x3x4-12-bulk-a-CO-1,CNi36OZn12,CO,Ni-211-Zn-4x3x4-12-bulk-a,Ni36Zn12,ok,-71.06061043,-57.48331309,-13.577297339999994,1.0,0.0,1.0,1.0,,,,0.0076,/data/Chapter6/Ni-slabs.hdf,391
Ni-slabs,Ni-211-Zn-4x3x4-12-bulk-a-CO-2,CNi36OZn12,CO,Ni-211-Zn-4x3x4-12-bulk-a,Ni36Zn12,ok,-71.06016807,-57.48331309,-13.57685498,1.0,0.0,1.0,1.0,,,,0.0062,/data/Chapter6/Ni-slabs.hdf,392
Ni-slabs,Ni-211-Zn-4x3x4-12-bulk-a-HCOO-1,CHNi36O2Zn12,HCOO,Ni-211-Zn-4x3x4-12-bulk-a,Ni36Zn12,ok,-80.39382568,-57.48331309,-22.910512590000003,1.0,1.0,2.0,,,,,0.0063,/data/Chapter6/Ni-slabs.hdf,393
Ni-slabs,Ni-211-Zn-4x3x4-12-bulk-a-HCOO-2,CHNi36O2Zn12,HCOO,Ni-211-Zn-4x3x4-12-bulk-a,Ni36Zn12,ok,-79.88173197,-57.48331309,-22.39841888,1.0,1.0,2.0,,,,,0.0085,/data/Chapter6/Ni-slabs.hdf,394
Ni-slabs,Ni-211-Zn-4x3x4-12-bulk-b-CO-1,CNi36OZn12,CO,Ni-211-Zn-4x3x4-12-bulk-b,Ni36Zn12,ok,-71.31242773,-57.47770903,-13.834718699999996,1.0,0.0,1.0,1.0,,,,0.0057,/data/Chapter6/Ni-slabs.hdf,396
Ni-slabs,Ni-211-Zn-4x3x4-12-bulk-b-CO-2,CNi36OZn12,CO,Ni-211-Zn-4x3x4-12-bulk-b,Ni36Zn12,ok,-71.36696444,-57.47770903,-13.889255410000004,1.0,0.0,1.0,1.0,,,,0.0084,/data/Chapter6/Ni-slabs.hdf,397
Ni-slabs,Ni-211-Zn-4x3x4-12-bulk-b-HCOO-1,CHNi36O2Zn12,HCOO,Ni-211-Zn-4x3x4-12-bulk-b,Ni36Zn12,ok,-80.65307206,-57.47770903,-23.17536303,1.0,1.0,2.0,,,,,0.0077,/data/Chapter6/Ni-slabs.hdf,398
Ni-slabs,Ni-211-Zn-4x3x4-12-bulk-b-HCOO-2,CHNi36O2Zn12,HCOO,Ni-211-Zn-4x3x4-12-bulk-b,Ni36Zn12,ok,-79.82254292,-57.47770903,-22.344833890000004,1.0,1.0,2.0,,,,,0.006,/data/Chapter6/Ni-slabs.hdf,399
Ni-slabs,Ni-211-Ga-2x3x4-6-bulk-b-CO-1,CGa6Ni18O,CO,Ni-211-Ga-2x3x4-6-bulk-b,Ga6Ni18,ok,-67.81954659,-54.13470394,-13.68484265,1.0,0.0,1.0,1.0,,,,0.0077,/data/Chapter6/Ni-slabs.hdf,406
Ni-slabs,Ni-211-Ga-2x3x4-6-bulk-b-HCOO-1,CHGa6Ni18O2,HCOO,Ni-211-Ga-2x3x4-6-bulk-b,Ga6Ni18,ok,-77.06486359,-54.13470394,-22.93015965,1.0,1.0,2.0,,,,,0.0081,/data/Chapter6/Ni-slabs.hdf,407
Ni-slabs,Ni-211-Ga-2x3x4-1-CH3O-1,CH3GaNi23O,CH3O,Ni-211-Ga-2x3x4-1,GaNi23,ok,-77.4614115,-52.81190794,-24.64950356,1.0,3.0,1.0,,,1.0,,0.0077,/data/Chapter6/Ni-slabs.hdf,409
Ni-slabs,Ni-211-Ga-3x3x4-1-CH3O-AB,CH3GaNi35O,CH3O,Ni-211-Ga-3x3x4-1,GaNi35,ok,-103.52695857,-78.92343518,-24.603523390000007,1.0,3.0,1.0,,,1.0,,0.0066,/data/Chapter6/Ni-slabs.hdf,417
Ni-slabs,Ni-211-Ga-3x3x4-1-CH3O-AA,CH3GaNi35O,CH3O,Ni-211-Ga-3x3x4-1,GaNi35,ok,-103.81140101,-78.92343518,-24.88796583,1.0,3.0,1.0,,,1.0,,0.0072,/data/Chapter6/Ni-slabs.hdf,418
Ni-slabs,Ni-211-Ga-3x3x4-1-COOH-AB,CHGaNi35O2,COOH,Ni-211-Ga-3x3x4-1,GaNi35,ok,-101.07696341,-78.92343518,-22.153528230000006,1.0,1.0,2.0,,,,,0.0085,/data/Chapter6/Ni-slabs.hdf,421
Ni-slabs,Ni-211-Ga-3x3x4-1-COOH-AA,CHGaNi35O2,COOH,Ni-211-Ga-3x3x4-1,GaNi35,ok,-101.36526399,-78.92343518,-22.441828810000004,1.0,1.0,2.0,,,,,0.0075,/data/Chapter6/Ni-slabs.hdf,422
Ni-slabs,Ni-211-Ga-3x3x4-1-HCO-AB,CHGaNi35O,HCO,Ni-211-Ga-3x3x4-1,GaNi35,ok,-95.24885574,-78.92343518,-16.325420559999998,1.0,1.0,1.0,,,,,0.0076,/data/Chapter6/Ni-slabs.hdf,423
Ni-slabs,Ni-211-Ga-3x3x4-1-HCO-AA,CHGaNi35O,HCO,Ni-211-Ga-3x3x4-1,GaNi35,ok,-95.62230484,-78.92343518,-16.69886966,1.0,1.0,1.0,,,,,0.0094,/data/Chapter6/Ni-slabs.hdf,424
Ni-slabs,Ni-211-Ga-3x3x4-1-CO-AB,CGaNi35O,CO,Ni-211-Ga-3x3x4-1,GaNi35,ok,-92.69908092,-78.92343518,-13.775645740000002,1.0,0.0,1.0,1.0,,,,0.0073,/data/Chapter6/Ni-slabs.hdf,427
Ni-slabs,Ni-211-Ga-3x3x4-1-CO-AA,CGaNi35O,CO,Ni-211-Ga-3x3x4-1,GaNi35,ok,-92.6938918,-78.92343518,-13.770456620000004,1.0,0.0,1.0,1.0,,,,0.0088,/data/Chapter6/Ni-slabs.hdf,428
Ni-slabs,Ni-211-Ga-3x3x4-1-HCOOH-AB-a,0,HCOOH,Ni-211-Ga-3x3x4-1,GaNi35,ok,0.0,-78.92343518,78.92343518,0.0,0.0,0.0,,,,,0.0,/data/Chapter6/Ni-slabs.hdf,429
Ni-slabs,Ni-211-Ga-3x3x4-1-HCOOH-AB-b,CH2GaNi35O2,HCOOH,Ni-211-Ga-3x3x4-1,GaNi35,ok,-104.70693739,-78.92343518,-25.783502209999995,1.0,2.0,2.0,,,,,0.0084,/data/Chapter6/Ni-slabs.hdf,430
Ni-slabs,Ni-211-Ga-3x3x4-1-HCOOH-AA,0,HCOOH,Ni-211-Ga-3x3x4-1,GaNi35,ok,0.0,-78.92343518,78.92343518,0.0,0.0,0.0,,,,,0.0,/data/Chapter6/Ni-slabs.hdf,431
Ni-slabs,Ni-211-Ga-3x3x4-1-O_CO-1,CGaNi35O2,CO,,,missing,-96.56077728,,,1.0,0.0,2.0,1.0,,,,0.0061,/data/Chapter6/Ni-slabs.hdf,449
Ni-slabs,Ni-211-Ga-3x3x4-1-H2COOH-AB,CH3GaNi35O2,H2COOH,Ni-211-Ga-3x3x4-1,GaNi35,ok,-108.42500681,-78.92343518,-29.50157163,1.0,3.0,2.0,,,,,0.007,/data/Chapter6/Ni-slabs.hdf,450
Ni-slabs,Ni-211-Ga-3x3x4-1-H2COOH-AA,CH3GaNi35O2,H2COOH,Ni-211-Ga-3x3x4-1,GaNi35,ok,-108.65627717,-78.92343518,-29.732841989999997,1.0,3.0,2.0,,,,,0.0073,/data/Chapter6/Ni-slabs.hdf,451
Ni-slabs,Ni-211-Ga-3x3x4-1-HCOO-AB,CHGaNi35O2,HCOO,Ni-211-Ga-3x3x4-1,GaNi35,ok,-101.84172377,-78.92343518,-22.918288590000003,1.0,1.0,2.0,,,,,0.0092,/data/Chapter6/Ni-slabs.hdf,452
Ni-slabs,Ni-211-Ga-3x3x4-1-HCOO-AA,CHGaNi35O2,HCOO,Ni-211-Ga-3x3x4-1,GaNi35,ok,-102.01717667,-78.92343518,-23.09374149,1.0,1.0,2.0,,,,,0.0096,/data/Chapter6/Ni-slabs.hdf,453
Ni-slabs,Ni-211-Ga-4x3x4-12-bulk-a-CH3O-bridge,CH3Ga12Ni36O,CH3O,Ni-211-Ga-4x3x4-12-bulk-a,Ga12Ni36,ok,-132.7380929,-108.17164449,-24.566448409999992,1.0,3.0,1.0,,,1.0,,0.0083,/data/Chapter6/Ni-slabs.hdf,472
Ni-slabs,Ni-211-Ga-4x3x4-12-bulk-a-CH3O-fcc,CH3Ga12Ni36O,CH3O,Ni-211-Ga-4x3x4-12-bulk-a,Ga12Ni36,ok,-132.36211628,-108.17164449,-24.190471790000004,1.0,3.0,1.0,,,1.0,,0.0086,/data/Chapter6/Ni-slabs.hdf,473
Ni-slabs,Ni-211-Ga-4x3x4-12-bulk-a-CO-top,CGa12Ni36O,CO,Ni-211-Ga-4x3x4-12-bulk-a,Ga12Ni36,ok,-121.81960725,-108.17164449,-13.647962759999999,1.0,0.0,1.0,1.0,,,,0.0075,/data/Chapter6/Ni-slabs.hdf,474
Ni-slabs,Ni-211-Ga-4x3x4-12-bulk-a-CO-fcc,CGa12Ni36O,CO,Ni-211-Ga-4x3x4-12-bulk-a,Ga12Ni36,ok,-121.79264,-108.17164449,-13.62099551,1.0,0.0,1.0,1.0,,,,0.0092,/data/Chapter6/Ni-slabs.hdf,475
Ni-slabs,Ni-211-Ga-4x3x4-12-bulk-b-CH3O-AA-1,CH3Ga12Ni36O,CH3O,Ni-211-Ga-4x3x4-12-bulk-b,Ga12Ni36,ok,-133.30481697,-108.28875264,-25.016064329999992,1.0,3.0,1.0,,,1.0,,0.0083,/data/Chapter6/Ni-slabs.hdf,477
Ni-slabs,Ni-211-Ga-4x3x4-12-bulk-b-CH3O-AA-2,CH3Ga12Ni36O,CH3O,Ni-211-Ga-4x3x4-12-bulk-b,Ga12Ni36,ok,-132.86032742,-108.28875264,-24.571574780000006,1.0,3.0,1.0,,,1.0,,0.0067,/data/Chapter6/Ni-slabs.hdf,478
Ni-slabs,Ni-211-Ga-4x3x4-12-bulk-b-COOH-AA-1,CHGa12Ni36O2,COOH,Ni-211-Ga-4x3x4-12-bulk-b,Ga12Ni36,ok,-130.66969172,-108.28875264,-22.380939080000005,1.0,1.0,2.0,,,,,0.005,/data/Chapter6/Ni-slabs.hdf,479
Ni-slabs,Ni-211-Ga-4x3x4-12-bulk-b-CO-AA-6-a,C4Ga12Ni36O4,CO,Ni-211-Ga-4x3x4-12-bulk-b,Ga12Ni36,ok,-163.67678535,-108.28875264,-55.38803270999999,4.0,0.0,4.0,4.0,,,,0.0067,/data/Chapter6/Ni-slabs.hdf,480
Ni-slabs,Ni-211-Ga-4x3x4-12-bulk-b-CO-AA-6-b,C4Ga12Ni36O4,CO,Ni-211-Ga-4x3x4-12-bulk-b,Ga12Ni36,ok,-163.67700237,-108.28875264,-55.38824973,4.0,0.0,4.0,4.0,,,,0.0078,/data/Chapter6/Ni-slabs.hdf,481
Ni-slabs,Ni-211-Ga-4x3x4-12-bulk-b-CO-AA-1,CGa12Ni36O,CO,Ni-211-Ga-4x3x4-12-bulk-b,Ga12Ni36,ok,-121.96402972,-108.28875264,-13.67527708,1.0,0.0,1.0,1.0,,,,0.0084,/data/Chapter6/Ni-slabs.hdf,482
Ni-slabs,Ni-211-Ga-4x3x4-12-bulk-b-CO-AA-4-a,C2Ga12Ni36O2,CO,Ni-211-Ga-4x3x4-12-bulk-b,Ga12Ni36,ok,-136.34521592,-108.28875264,-28.05646327999999,2.0,0.0,2.0,2.0,,,,0.0083,/data/Chapter6/Ni-slabs.hdf,483
Ni-slabs,Ni-211-Ga-4x3x4-12-bulk-b-CO-AA-4-b,C2Ga12Ni36O2,CO,Ni-211-Ga-4x3x4-12-bulk-b,Ga12Ni36,ok,-136.34527612,-108.28875264,-28.056523479999996,2.0,0.0,2.0,2.0,,,,0.0086,/data/Chapter6/Ni-slabs.hdf,484
Ni-slabs,Ni-211-Ga-4x3x4-12-bulk-b-CO-AA-3,CGa12Ni36O,CO,Ni-211-Ga-4x3x4-12-bulk-b,Ga12Ni36,ok,-122.28813652,-108.28875264,-13.999383879999996,1.0,0.0,1.0,1.0,,,,0.0067,/data/Chapter6/Ni-slabs.hdf,485
Ni-slabs,Ni-211-Ga-4x3x4-12-bulk-b-CO-AA-2,CGa12Ni36O,CO,Ni-211-Ga-4x3x4-12-bulk-b,Ga12Ni36,ok,-122.27458047,-108.28875264,-13.985827830000005,1.0,0.0,1.0,1.0,,,,0.0072,/data/Chapter6/Ni-slabs.hdf,486
Ni-slabs,Ni-211-Ga-4x3x4-12-bulk-b-CO-AA-5,C3Ga12Ni36O3,CO,Ni-211-Ga-4x3x4-12-bulk-b,Ga12Ni36,ok,-150.03631828,-108.28875264,-41.74756563999999,3.0,0.0,3.0,3.0,,,,0.0093,/data/Chapter6/Ni-slabs.hdf,487
Ni-slabs,Ni-211-Ga-4x3x4-12-bulk-b-HCOO-AA-1,CHGa12Ni36O2,HCOO,Ni-211-Ga-4x3x4-12-bulk-b,Ga12Ni36,ok,-131.40956539,-108.28875264,-23.120812750000013,1.0,1.0,2.0,,,,,0.008,/data/Chapter6/Ni-slabs.hdf,494
Ni-slabs,Ni-211-Ga-4x3x4-12-bulk-b-HCOO-AA-2,CHGa12Ni36O2,HCOO,Ni-211-Ga-4x3x4-12-bulk-b,Ga12Ni36,ok,-131.53454739,-108.28875264,-23.24579475,1.0,1.0,2.0,,,,,0.0097,/data/Chapter6/Ni-slabs.hdf,495
Ni-slabs,Ni-211-Ga-4x3x4-2-a-CH3O-AB-1,CH3Ga2Ni46O,CH3O,Ni-211-Ga-4x3x4-2-a,Ga2Ni46,ok,-130.25763018,-105.6250253,-24.632604880000002,1.0,3.0,1.0,,,1.0,,0.0067,/data/Chapter6/Ni-slabs.hdf,498
Ni-slabs,Ni-211-Ga-4x3x4-2-a-COOH-AB,CHGa2Ni46O2,COOH,Ni-211-Ga-4x3x4-2-a,Ga2Ni46,ok,-127.76430085,-105.6250253,-22.139275549999994,1.0,1.0,2.0,,,,,0.0087,/data/Chapter6/Ni-slabs.hdf,500
Ni-slabs,Ni-211-Ga-4x3x4-2-a-HCO-AB-1,CHGa2Ni46O,HCO,Ni-211-Ga-4x3x4-2-a,Ga2Ni46,ok,-121.95361515,-105.6250253,-16.32858985,1.0,1.0,1.0,,,,,0.0061,/data/Chapter6/Ni-slabs.hdf,501
Ni-slabs,Ni-211-Ga-4x3x4-2-a-HCO-AB-2,CHGa2Ni46O,HCO,Ni-211-Ga-4x3x4-2-a,Ga2Ni46,ok,-121.41942666,-105.6250253,-15.794401359999995,1.0,1.0,1.0,,,,,0.0066,/data/Chapter6/Ni-slabs.hdf,502
Ni-slabs,Ni-211-Ga-4x3x4-2-a-CH3O_H-1,CH4Ga2Ni46O,CH3O,Ni-211-Ga-4x3x4-2-a,Ga2Ni46,ok,-133.63940662,-105.6250253,-28.014381319999984,1.0,4.0,1.0,,,1.0,,0.0088,/data/Chapter6/Ni-slabs.hdf,503
Ni-slabs,Ni-211-Ga-4x3x4-2-a-CH3O_H-2,CH4Ga2Ni46O,CH3O,Ni-211-Ga-4x3x4-2-a,Ga2Ni46,ok,-134.11187208,-105.6250253,-28.486846780000008,1.0,4.0,1.0,,,1.0,,0.0079,/data/Chapter6/Ni-slabs.hdf,504
Ni-slabs,Ni-211-Ga-4x3x4-2-a-copt-HCOOH_1%HCO_OH_1-03,CH2Ga2Ni46O2,HCOOH,,,missing,-130.89139743,,,1.0,2.0,2.0,,,,,0.0069,/data/Chapter6/Ni-slabs.hdf,505
Ni-slabs,Ni-211-Ga-4x3x4-2-a-copt-HCOOH_1%HCO_OH_1-04,CH2Ga2Ni46O2,HCOOH,,,missing,-131.53123983,,,1.0,2.0,2.0,,,,,0.0055,/data/Chapter6/Ni-slabs.hdf,506
Ni-slabs,Ni-211-Ga-4x3x4-2-a-copt-HCOOH_1%HCO_OH_1-05,CH2Ga2Ni46O2,HCOOH,,,missing,-131.53287247,,,1.0,2.0,2.0,,,,,0.0051,/data/Chapter6/Ni-slabs.hdf,507
Ni-slabs,Ni-211-Ga-4x3x4-2-a-copt-HCOOH_1%HCO_OH_1-02,0,HCOOH,,,missing,0.0,,,0.0,0.0,0.0,,,,,0.0,/data/Chapter6/Ni-slabs.hdf,508
Ni-slabs,Ni-211-Ga-4x3x4-2-a-copt-HCOOH_1%HCO_OH_1-01,CH2Ga2Ni46O2,HCOOH,,,missing,-131.3444997,,,1.0,2.0,2.0,,,,,0.0062,/data/Chapter6/Ni-slabs.hdf,509
Ni-slabs,Ni-211-Ga-4x3x4-2-a-copt-HCOO_1%HCOOH_1-03,CH2Ga2Ni46O2,HCOO,,,missing,-132.43272928,,,1.0,2.0,2.0,,,,,0.0082,/data/Chapter6/Ni-slabs.hdf,510
Ni-slabs,Ni-211-Ga-4x3x4-2-a-copt-HCOO_1%HCOOH_1-04,CH2Ga2Ni46O2,HCOO,,,missing,-132.43198168,,,1.0,2.0,2.0,,,,,0.0089,/data/Chapter6/Ni-slabs.hdf,511
Ni-slabs,Ni-211-Ga-4x3x4-2-a-copt-HCOO_1%HCOOH_1-05,CH2Ga2Ni46O2,HCOO,,,missing,-130.37206244,,,1.0,2.0,2.0,,,,,0.0072,/data/Chapter6/Ni-slabs.hdf,512
Ni-slabs,Ni-211-Ga-4x3x4-2-a-copt-HCOO_1%HCOOH_1-02,CH2Ga2Ni46O2,HCOO,,,missing,-131.93402268,,,1.0,2.0,2.0,,,,,0.0052,/data/Chapter6/Ni-slabs.hdf,513
Ni-slabs,Ni-211-Ga-4x3x4-2-a-copt-HCOO_1%HCOOH_1-00,CH2Ga2Ni46O2,HCOO,,,missing,-132.43218252,,,1.0,2.0,2.0,,,,,0.0086,/data/Chapter6/Ni-slabs.hdf,514
Ni-slabs,Ni-211-Ga-4x3x4-2-a-copt-HCOO_1%HCOOH_1-01,CH2Ga2Ni46O2,HCOO,,,missing,-132.43278389,,,1.0,2.0,2.0,,,,,0.0039,/data/Chapter6/Ni-slabs.hdf,515
Ni-slabs,Ni-211-Ga-4x3x4-2-a-CO-AB,CGa2Ni46O,CO,Ni-211-Ga-4x3x4-2-a,Ga2Ni46,ok,-119.17445411,-105.6250253,-13.549428809999995,1.0,0.0,1.0,1.0,,,,0.0082,/data/Chapter6/Ni-slabs.hdf,517
Ni-slabs,Ni-211-Ga-4x3x4-2-a-HCOOH-AB-a,CH2Ga2Ni46O2,HCOOH,Ni-211-Ga-4x3x4-2-a,Ga2Ni46,ok,-131.16910055,-105.6250253,-25.54407524999999,1.0,2.0,2.0,,,,,0.0086,/data/Chapter6/Ni-slabs.hdf,518
Ni-slabs,Ni-211-Ga-4x3x4-2-a-HCOOH-AB-c,0,HCOOH,Ni-211-Ga-4x3x4-2-a,Ga2Ni46,ok,0.0,-105.6250253,105.6250253,0.0,0.0,0.0,,,,,0.0,/data/Chapter6/Ni-slabs.hdf,519
Ni-slabs,Ni-211-Ga-4x3x4-2-a-HCOOH-AB-b,CH2Ga2Ni46O2,HCOOH,Ni-211-Ga-4x3x4-2-a,Ga2Ni46,ok,-131.30053668,-105.6250253,-25.67551137999999,1.0,2.0,2.0,,,,,0.0087,/data/Chapter6/Ni-slabs.hdf,520
Ni-slabs,Ni-211-Ga-4x3x4-2-a-HCOO_H-1,CH2Ga2Ni46O2,HCOO,Ni-211-Ga-4x3x4-2-a,Ga2Ni46,ok,-132.0219585,-105.6250253,-26.396933200000007,1.0,2.0,2.0,,,,,0.0071,/data/Chapter6/Ni-slabs.hdf,528
Ni-slabs,Ni-211-Ga-4x3x4-2-a-HCOO_H-4,CH2Ga2Ni46O2,HCOO,Ni-211-Ga-4x3x4-2-a,Ga2Ni46,ok,-132.43550451,-105.6250253,-26.810479209999983,1.0,2.0,2.0,,,,,0.0066,/data/Chapter6/Ni-slabs.hdf,529
Ni-slabs,Ni-211-Ga-4x3x4-2-a-HCOO_H-3,CH2Ga2Ni46O2,HCOO,Ni-211-Ga-4x3x4-2-a,Ga2Ni46,ok,-132.43414368,-105.6250253,-26.80911838,1.0,2.0,2.0,,,,,0.0059,/data/Chapter6/Ni-slabs.hdf,530
Ni-slabs,Ni-211-Ga-4x3x4-2-a-HCOO_H-2,CH2Ga2Ni46O2,HCOO,Ni-211-Ga-4x3x4-2-a,Ga2Ni46,ok,-132.43218818,-105.6250253,-26.807162879999993,1.0,2.0,2.0,,,,,0.0081,/data/Chapter6/Ni-slabs.hdf,531
Ni-slabs,Ni-211-Ga-4x3x4-2-a-HCO_OH-1,CH2Ga2Ni46O2,HCO,Ni-211-Ga-4x3x4-2-a,Ga2Ni46,ok,-131.53704932,-105.6250253,-25.91202401999999,1.0,2.0,2.0,,,,,0.0078,/data/Chapter6/Ni-slabs.hdf,533
Ni-slabs,Ni-211-Ga-4x3x4-2-a-HCO_OH-2,CH2Ga2Ni46O2,HCO,Ni-211-Ga-4x3x4-2-a,Ga2Ni46,ok,-130.96616371,-105.6250253,-25.341138409999985,1.0,2.0,2.0,,,,,0.0076,/data/Chapter6/Ni-slabs.hdf,534
Ni-slabs,Ni-211-Ga-4x3x4-2-a-Ox4-1-CO-1,CGa2Ni46O5,CO,Ni-211-Ga-4x3x4-2-a-Ox4-1,Ga2Ni46O4,ok,-139.19933718,-126.1348747,-13.064462479999989,1.0,0.0,1.0,1.0,,,,0.0077,/data/Chapter6/Ni-slabs.hdf,536
Ni-slabs,Ni-211-Ga-4x3x4-2-a-Ox4-1-CO-2,CGa2Ni46O5,CO,Ni-211-Ga-4x3x4-2-a-Ox4-1,Ga2Ni46O4,ok,-138.37739526,-126.1348747,-12.242520559999988,1.0,0.0,1.0,1.0,,,,0.0077,/data/Chapter6/Ni-slabs.hdf,537
Ni-slabs,Ni-211-Ga-4x3x4-2-a-Ox4-2-CO-1,CGa2Ni46O5,CO,Ni-211-Ga-4x3x4-2-a-Ox4-2,Ga2Ni46O4,ok,-139.17884928,-126.01861254,-13.160236740000002,1.0,0.0,1.0,1.0,,,,0.0081,/data/Chapter6/Ni-slabs.hdf,539
Ni-slabs,Ni-211-Ga-4x3x4-2-a-Ox4-2-CO-3,C2Ga2Ni46O6,CO,Ni-211-Ga-4x3x4-2-a-Ox4-2,Ga2Ni46O4,ok,-150.48669058,-126.01861254,-24.46807803999998,2.0,0.0,2.0,2.0,,,,0.0085,/data/Chapter6/Ni-slabs.hdf,540
Ni-slabs,Ni-211-Ga-4x3x4-2-a-Ox4-2-CO-2,CGa2Ni46O5,CO,Ni-211-Ga-4x3x4-2-a-Ox4-2,Ga2Ni46O4,ok,-138.24658835,-126.01861254,-12.22797580999999,1.0,0.0,1.0,1.0,,,,0.008,/data/Chapter6/Ni-slabs.hdf,541
Ni-slabs,Ni-211-Ga-4x3x4-2-a-O_CO-1,CGa2Ni46O2,CO,,,missing,-124.25335254,,,1.0,0.0,2.0,1.0,,,,0.0086,/data/Chapter6/Ni-slabs.hdf,544
Ni-slabs,Ni-211-Ga-4x3x4-2-a-H2COOH-AB-1,CH3Ga2Ni46O2,H2COOH,Ni-211-Ga-4x3x4-2-a,Ga2Ni46,ok,-135.29600841,-105.6250253,-29.67098311000001,1.0,3.0,2.0,,,,,0.0076,/data/Chapter6/Ni-slabs.hdf,545
Ni-slabs,Ni-211-Ga-4x3x4-2-a-H2COOH-AB-2,CH3Ga2Ni46O2,H2COOH,Ni-211-Ga-4x3x4-2-a,Ga2Ni46,ok,-135.09120089,-105.6250253,-29.466175590000006,1.0,3.0,2.0,,,,,0.0081,/data/Chapter6/Ni-slabs.hdf,546
Ni-slabs,Ni-211-Ga-4x3x4-2-a-HCOO-AB,CHGa2Ni46O2,HCOO,Ni-211-Ga-4x3x4-2-a,Ga2Ni46,ok,-128.54756978,-105.6250253,-22.92254448,1.0,1.0,2.0,,,,,0.0072,/data/Chapter6/Ni-slabs.hdf,548
Ni-slabs,Ni-211-Ga-4x3x4-2-a-CO2-1,CGa2Ni46O2,CO2,Ni-211-Ga-4x3x4-2-a,Ga2Ni46,ok,-124.11979789,-105.6250253,-18.494772589999997,1.0,0.0,2.0,,,,,0.0081,/data/Chapter6/Ni-slabs.hdf,549
Ni-slabs,Ni-111-clean-2x2x4-CH3O-A-1,CH3Ni16O,CH3O,Ni-111-clean-2x2x4,Ni16,ok,-59.67999032,-35.2362,-24.443790320000005,1.0,3.0,1.0,,,1.0,,0.008,/data/Chapter6/Ni-slabs.hdf,563
Ni-slabs,Ni-111-clean-2x2x4-CO-top,CNi16O,CO,Ni-111-clean-2x2x4,Ni16,ok,-48.62228174,-35.2362,-13.386081740000002,1.0,0.0,1.0,1.0,,,,0.0068,/data/Chapter6/Ni-slabs.hdf,566
Ni-slabs,Ni-111-clean-2x2x4-CO-50percent,C2Ni16O2,CO,Ni-111-clean-2x2x4,Ni16,ok,-62.32759867,-35.2362,-27.091398670000004,2.0,0.0,2.0,2.0,,,,0.0061,/data/Chapter6/Ni-slabs.hdf,567
Ni-slabs,Ni-111-clean-2x2x4-CO-2top,C2Ni16O2,CO,Ni-111-clean-2x2x4,Ni16,ok,-61.86421564,-35.2362,-26.62801564,2.0,0.0,2.0,2.0,,,,0.0073,/data/Chapter6/Ni-slabs.hdf,568
Ni-slabs,Ni-111-clean-2x2x4-CO-bridge,CNi16O,CO,Ni-111-clean-2x2x4,Ni16,ok,-48.90427883,-35.2362,-13.668078830000006,1.0,0.0,1.0,1.0,,,,0.0084,/data/Chapter6/Ni-slabs.hdf,569
Ni-slabs,Ni-111-clean-2x2x4-CO-1,CNi16O,CO,Ni-111-clean-2x2x4,Ni16,ok,-48.9029596,-35.2362,-13.666759600000006,1.0,0.0,1.0,1.0,,,,0.0074,/data/Chapter6/Ni-slabs.hdf,570
Ni-slabs,Ni-111-clean-2x2x4-CO-famous,C3Ni16O3,CO,Ni-111-clean-2x2x4,Ni16,ok,-74.92788324,-35.2362,-39.69168324,3.0,0.0,3.0,3.0,,,,0.0073,/data/Chapter6/Ni-slabs.hdf,571
Ni-slabs,Ni-111-clean-2x2x4-CO-fcc_top,C2Ni16O2,CO,Ni-111-clean-2x2x4,Ni16,ok,-61.86515728,-35.2362,-26.62895728,2.0,0.0,2.0,2.0,,,,0.0081,/data/Chapter6/Ni-slabs.hdf,572
Ni-slabs,Ni-111-clean-2x2x4-CO-2,CNi16O,CO,Ni-111-clean-2x2x4,Ni16,ok,-48.87817164,-35.2362,-13.641971640000001,1.0,0.0,1.0,1.0,,,,0.0064,/data/Chapter6/Ni-slabs.hdf,573
Ni-slabs,Ni-111-clean-2x2x4-O_CO-1,CNi16O2,CO,,,missing,-53.82352705,,,1.0,0.0,2.0,1.0,,,,0.0083,/data/Chapter6/Ni-slabs.hdf,608
Ni-slabs,Ni-111-clean-2x2x4-O_CO-2,CNi16O2,CO,,,missing,-53.97895403,,,1.0,0.0,2.0,1.0,,,,0.0072,/data/Chapter6/Ni-slabs.hdf,609
Ni-slabs,Ni-111-clean-2x2x4-Ox2_CO-1,CNi16O3,CO,,,missing,-58.27972488,,,1.0,0.0,3.0,1.0,,,,0.0065,/data/Chapter6/Ni-slabs.hdf,610
Ni-slabs,Ni-111-clean-7x8x2-CO,CNi112O,CO,Ni-111-clean-7x8x2,Ni112,ok,-225.36913787,-211.12652783,-14.242610040000017,1.0,0.0,1.0,1.0,,,,0.0081,/data/Chapter6/Ni-slabs.hdf,617
Ni-slabs,Ni-111-clean-7x8x2-MgOwire-COOH-1,0,COOH,,,missing,0.0,,,0.0,0.0,0.0,,,,,0.0,/data/Chapter6/Ni-slabs.hdf,619
Ni-slabs,Ni-111-clean-7x8x2-MgOwire-HCOO-1,CHMg64Ni112O66,HCOO,,,missing,-782.10921477,,,1.0,1.0,66.0,,,,,0.0082,/data/Chapter6/Ni-slabs.hdf,621
Ni-slabs,Ni-111-clean-7x8x2-MgOwire-CO2-1,0,CO2,,,missing,0.0,,,0.0,0.0,0.0,,,,,0.0,/data/Chapter6/Ni-slabs.hdf,622
Ni-slabs,Ni-111-clean-3x3x4-CH3O-AAA,CH3Ni36O,CH3O,Ni-111-clean-3x3x4,Ni36,ok,-103.82894818,-79.28252769,-24.546420490000003,1.0,3.0,1.0,,,1.0,,0.0084,/data/Chapter6/Ni-slabs.hdf,701
Ni-slabs,Ni-111-clean-3x3x4-COOH-AA,CHNi36O2,COOH,Ni-111-clean-3x3x4,Ni36,ok,-101.37409699,-79.28252769,-22.091569300000003,1.0,1.0,2.0,,,,,0.006,/data/Chapter6/Ni-slabs.hdf,704
Ni-slabs,Ni-111-clean-3x3x4-HCO-AA,CHNi36O,HCO,Ni-111-clean-3x3x4,Ni36,ok,-95.61462638,-79.28252769,-16.33209869000001,1.0,1.0,1.0,,,,,0.0084,/data/Chapter6/Ni-slabs.hdf,705
Ni-slabs,Ni-111-clean-3x3x4-CO-A-7,C3Ni36O3,CO,Ni-111-clean-3x3x4,Ni36,ok,-119.47272776,-79.28252769,-40.19020007,3.0,0.0,3.0,3.0,,,,0.0092,/data/Chapter6/Ni-slabs.hdf,706
Ni-slabs,Ni-111-clean-3x3x4-CO-A-6,C2Ni36O2,CO,Ni-111-clean-3x3x4,Ni36,ok,-106.05117514,-79.28252769,-26.768647450000003,2.0,0.0,2.0,2.0,,,,0.0067,/data/Chapter6/Ni-slabs.hdf,707
Ni-slabs,Ni-111-clean-3x3x4-CO-A-1,CNi36O,CO,Ni-111-clean-3x3x4,Ni36,ok,-92.66052775,-79.28252769,-13.378000060000005,1.0,0.0,1.0,1.0,,,,0.0089,/data/Chapter6/Ni-slabs.hdf,708
Ni-slabs,Ni-111-clean-3x3x4-CO-A-4,CNi36O,CO,Ni-111-clean-3x3x4,Ni36,ok,-92.96011399,-79.28252769,-13.677586300000002,1.0,0.0,1.0,1.0,,,,0.0022,/data/Chapter6/Ni-slabs.hdf,709
Ni-slabs,Ni-111-clean-3x3x4-CO-A-3,CNi36O,CO,Ni-111-clean-3x3x4,Ni36,ok,-92.96314198,-79.28252769,-13.680614290000008,1.0,0.0,1.0,1.0,,,,0.0049,/data/Chapter6/Ni-slabs.hdf,710
Ni-slabs,Ni-111-clean-3x3x4-CO-A-2,CNi36O,CO,Ni-111-clean-3x3x4,Ni36,ok,-91.43785602,-79.28252769,-12.155328330000003,1.0,0.0,1.0,1.0,,,,0.0086,/data/Chapter6/Ni-slabs.hdf,711
Ni-slabs,Ni-111-clean-3x3x4-CO-A-5,CNi36O,CO,Ni-111-clean-3x3x4,Ni36,ok,-92.85411098,-79.28252769,-13.571583290000007,1.0,0.0,1.0,1.0,,,,0.008,/data/Chapter6/Ni-slabs.hdf,712
Ni-slabs,Ni-111-clean-3x3x4-HCOOH-AA-1,CH2Ni36O2,HCOOH,Ni-111-clean-3x3x4,Ni36,ok,-104.85072293,-79.28252769,-25.56819524000001,1.0,2.0,2.0,,,,,0.0074,/data/Chapter6/Ni-slabs.hdf,713
Ni-slabs,Ni-111-clean-3x3x4-GaO3-1-CO-1,CGaNi36O4,CO,,,missing,-109.86768912,,,1.0,0.0,4.0,1.0,,,,0.0055,/data/Chapter6/Ni-slabs.hdf,732
Ni-slabs,Ni-111-clean-3x3x4-GaO3-1-CO-2,0,CO,,,missing,0.0,,,0.0,0.0,0.0,0.0,,,,0.0,/data/Chapter6/Ni-slabs.hdf,733
Ni-slabs,Ni-111-clean-3x3x4-H2COOH-AA-1,CH3Ni36O2,H2COOH,Ni-111-clean-3x3x4,Ni36,ok,-108.79811377,-79.28252769,-29.515586080000006,1.0,3.0,2.0,,,,,0.0085,/data/Chapter6/Ni-slabs.hdf,737
Ni-slabs,Ni-111-clean-3x3x4-HCOO-AA-1,CHNi36O2,HCOO,Ni-111-clean-3x3x4,Ni36,ok,-101.84991314,-79.28252769,-22.567385450000003,1.0,1.0,2.0,,,,,0.0078,/data/Chapter6/Ni-slabs.hdf,740
Ni-slabs,Ni-111-Zn-4x4x4-16-bulk-2-CO-1,CNi48OZn16,CO,Ni-111-Zn-4x4x4-16-bulk-2,Ni48Zn16,ok,-92.18236558,-78.25704059,-13.925324989999993,1.0,0.0,1.0,1.0,,,,0.0036,/data/Chapter6/Ni-slabs.hdf,826
Ni-slabs,Ni-111-Zn-4x4x4-16-bulk-2-CO-2,CNi48OZn16,CO,Ni-111-Zn-4x4x4-16-bulk-2,Ni48Zn16,ok,-91.97345814,-78.25704059,-13.716417550000003,1.0,0.0,1.0,1.0,,,,0.0081,/data/Chapter6/Ni-slabs.hdf,827
Ni-slabs,Ni-111-Zn-4x4x4-16-bulk-2-HCOO-AB,CHNi48O2Zn16,HCOO,Ni-111-Zn-4x4x4-16-bulk-2,Ni48Zn16,ok,-100.67886179,-78.25704059,-22.421821199999997,1.0,1.0,2.0,,,,,0.0088,/data/Chapter6/Ni-slabs.hdf,829
Ni-slabs,Ni-111-Zn-4x4x4-16-bulk-2-HCOO-AA,CHNi48O2Zn16,HCOO,Ni-111-Zn-4x4x4-16-bulk-2,Ni48Zn16,ok,-100.92413365,-78.25704059,-22.66709306,1.0,1.0,2.0,,,,,0.0088,/data/Chapter6/Ni-slabs.hdf,830
Ni-slabs,Ni-111-Zn-4x4x4-4-b-HCOO-AB,CHNi60O2Zn4,HCOO,Ni-111-Zn-4x4x4-4-b,Ni60Zn4,ok,-148.52070149,-126.18319502,-22.337506469999994,1.0,1.0,2.0,,,,,0.0086,/data/Chapter6/Ni-slabs.hdf,878
Ni-slabs,Ni-111-Zn-4x4x4-4-b-HCOO-AA,CHNi60O2Zn4,HCOO,Ni-111-Zn-4x4x4-4-b,Ni60Zn4,ok,-148.67896345,-126.18319502,-22.49576843,1.0,1.0,2.0,,,,,0.0077,/data/Chapter6/Ni-slabs.hdf,879
Ni-slabs,Ni-111-Zn-3x3x4-1-HCOO-AAA,CHNi35O2Zn,HCOO,Ni-111-Zn-3x3x4-1,Ni35Zn,ok,-98.11837245,-75.56848814,-22.549884309999996,1.0,1.0,2.0,,,,,0.0087,/data/Chapter6/Ni-slabs.hdf,910
Ni-slabs,Ni-111-Zn-3x3x4-3-a-CH3O-AAB,CH3Ni33OZn3,CH3O,Ni-111-Zn-3x3x4-3-a,Ni33Zn3,ok,-92.36182494,-68.17014326,-24.191681680000002,1.0,3.0,1.0,,,1.0,,0.0077,/data/Chapter6/Ni-slabs.hdf,914
Ni-slabs,Ni-111-Zn-3x3x4-3-a-COOH-AB,CHNi33O2Zn3,COOH,Ni-111-Zn-3x3x4-3-a,Ni33Zn3,ok,-89.99806115,-68.17014326,-21.827917889999995,1.0,1.0,2.0,,,,,0.0078,/data/Chapter6/Ni-slabs.hdf,918
Ni-slabs,Ni-111-Zn-3x3x4-3-a-COOH-AA,CHNi33O2Zn3,COOH,Ni-111-Zn-3x3x4-3-a,Ni33Zn3,ok,-90.07806583,-68.17014326,-21.907922569999997,1.0,1.0,2.0,,,,,0.0078,/data/Chapter6/Ni-slabs.hdf,919
Ni-slabs,Ni-111-Zn-3x3x4-3-a-HCO-AB,CHNi33OZn3,HCO,Ni-111-Zn-3x3x4-3-a,Ni33Zn3,ok,-84.24263009,-68.17014326,-16.072486830000003,1.0,1.0,1.0,,,,,0.0054,/data/Chapter6/Ni-slabs.hdf,920
Ni-slabs,Ni-111-Zn-3x3x4-3-a-HCO-AA,CHNi33OZn3,HCO,Ni-111-Zn-3x3x4-3-a,Ni33Zn3,ok,-84.3041792,-68.17014326,-16.13403593999999,1.0,1.0,1.0,,,,,0.0061,/data/Chapter6/Ni-slabs.hdf,921
Ni-slabs,Ni-111-Zn-3x3x4-3-a-CO-A-1,CNi33OZn3,CO,Ni-111-Zn-3x3x4-3-a,Ni33Zn3,ok,-81.49757417,-68.17014326,-13.32743090999999,1.0,0.0,1.0,1.0,,,,0.0087,/data/Chapter6/Ni-slabs.hdf,922
Ni-slabs,Ni-111-Zn-3x3x4-3-a-CO-A-2,CNi33OZn3,CO,Ni-111-Zn-3x3x4-3-a,Ni33Zn3,ok,-80.32032484,-68.17014326,-12.150181579999995,1.0,0.0,1.0,1.0,,,,0.0044,/data/Chapter6/Ni-slabs.hdf,923
Ni-slabs,Ni-111-Zn-3x3x4-3-a-CO-B-4,CNi33OZn3,CO,Ni-111-Zn-3x3x4-3-a,Ni33Zn3,ok,-81.52735435,-68.17014326,-13.357211089999993,1.0,0.0,1.0,1.0,,,,0.0059,/data/Chapter6/Ni-slabs.hdf,924
Ni-slabs,Ni-111-Zn-3x3x4-3-a-CO-B-3,CNi33OZn3,CO,Ni-111-Zn-3x3x4-3-a,Ni33Zn3,ok,-81.52736769,-68.17014326,-13.357224430000002,1.0,0.0,1.0,1.0,,,,0.008,/data/Chapter6/Ni-slabs.hdf,925
Ni-slabs,Ni-111-Zn-3x3x4-3-a-H2COOH-AB-1,CH3Ni33O2Zn3,H2COOH,Ni-111-Zn-3x3x4-3-a,Ni33Zn3,ok,-97.51113696,-68.17014326,-29.3409937,1.0,3.0,2.0,,,,,0.0076,/data/Chapter6/Ni-slabs.hdf,942
Ni-slabs,Ni-111-Zn-3x3x4-3-a-HCOO-BB-1,CHNi33O2Zn3,HCOO,Ni-111-Zn-3x3x4-3-a,Ni33Zn3,ok,-90.47096027,-68.17014326,-22.300817010000003,1.0,1.0,2.0,,,,,0.0085,/data/Chapter6/Ni-slabs.hdf,943
Ni-slabs,Ni-111-Zn-3x3x4-3-a-HCOO-AB-1,CHNi33O2Zn3,HCOO,Ni-111-Zn-3x3x4-3-a,Ni33Zn3,ok,-90.47097176,-68.17014326,-22.300828499999994,1.0,1.0,2.0,,,,,0.0077,/data/Chapter6/Ni-slabs.hdf,944
Ni-slabs,Ni-111-Zn-3x3x4-3-a-HCOO-AA-1,CHNi33O2Zn3,HCOO,Ni-111-Zn-3x3x4-3-a,Ni33Zn3,ok,-90.61332699,-68.17014326,-22.44318373,1.0,1.0,2.0,,,,,0.0042,/data/Chapter6/Ni-slabs.hdf,945
Ni-slabs,Ni-111-Zn-3x3x4-3-c-CO-BBB-2,CNi33OZn3,CO,Ni-111-Zn-3x3x4-3-c,Ni33Zn3,ok,-80.10888426,-67.95251292,-12.156371339999993,1.0,0.0,1.0,1.0,,,,0.01,/data/Chapter6/Ni-slabs.hdf,950
Ni-slabs,Ni-111-Zn-3x3x4-3-c-CO-AAA-1,CNi33OZn3,CO,Ni-111-Zn-3x3x4-3-c,Ni33Zn3,ok,-81.71446197,-67.95251292,-13.761949049999998,1.0,0.0,1.0,1.0,,,,0.0096,/data/Chapter6/Ni-slabs.hdf,951
Ni-slabs,Ni-111-Zn-3x3x4-3-c-CO-AAA-2,CNi33OZn3,CO,Ni-111-Zn-3x3x4-3-c,Ni33Zn3,ok,-81.65464912,-67.95251292,-13.702136199999998,1.0,0.0,1.0,1.0,,,,0.0069,/data/Chapter6/Ni-slabs.hdf,952
Ni-slabs,Ni-111-Zn-3x3x4-3-c-HCOO-BB-1,CHNi33O2Zn3,HCOO,Ni-111-Zn-3x3x4-3-c,Ni33Zn3,ok,-90.07393203,-67.95251292,-22.12141910999999,1.0,1.0,2.0,,,,,0.0053,/data/Chapter6/Ni-slabs.hdf,953
Ni-slabs,Ni-111-Zn-3x3x4-3-c-HCOO-AB,CHNi33O2Zn3,HCOO,Ni-111-Zn-3x3x4-3-c,Ni33Zn3,ok,-90.26835413,-67.95251292,-22.315841210000002,1.0,1.0,2.0,,,,,0.0055,/data/Chapter6/Ni-slabs.hdf,954
Ni-slabs,Ni-111-Zn-3x3x4-3-c-HCOO-AA,CHNi33O2Zn3,HCOO,Ni-111-Zn-3x3x4-3-c,Ni33Zn3,ok,-90.42853832,-67.95251292,-22.476025399999997,1.0,1.0,2.0,,,,,0.0086,/data/Chapter6/Ni-slabs.hdf,955
Ni-slabs,Ni-111-Zn-3x3x4-3-b-CO-AAA-1,CNi33OZn3,CO,Ni-111-Zn-3x3x4-3-b,Ni33Zn3,ok,-81.78417811,-68.02905325,-13.755124859999995,1.0,0.0,1.0,1.0,,,,0.0042,/data/Chapter6/Ni-slabs.hdf,961
Ni-slabs,Ni-111-Zn-3x3x4-3-b-CO-AAA-2,CNi33OZn3,CO,Ni-111-Zn-3x3x4-3-b,Ni33Zn3,ok,-81.76592418,-68.02905325,-13.736870929999995,1.0,0.0,1.0,1.0,,,,0.0041,/data/Chapter6/Ni-slabs.hdf,962
Ni-slabs,Ni-111-Zn-3x3x4-3-b-CO-ABA-1,CNi33OZn3,CO,Ni-111-Zn-3x3x4-3-b,Ni33Zn3,ok,-81.7660421,-68.02905325,-13.736988850000003,1.0,0.0,1.0,1.0,,,,0.0037,/data/Chapter6/Ni-slabs.hdf,963
Ni-slabs,Ni-111-Zn-3x3x4-3-b-CO-ABA-2,CNi33OZn3,CO,Ni-111-Zn-3x3x4-3-b,Ni33Zn3,ok,-81.79538487,-68.02905325,-13.766331620000003,1.0,0.0,1.0,1.0,,,,0.0094,/data/Chapter6/Ni-slabs.hdf,964
Ni-slabs,Ni-111-Zn-3x3x4-3-b-HCOO-BB-1,CHNi33O2Zn3,HCOO,Ni-111-Zn-3x3x4-3-b,Ni33Zn3,ok,-90.10877619,-68.02905325,-22.079722939999996,1.0,1.0,2.0,,,,,0.0082,/data/Chapter6/Ni-slabs.hdf,965
Ni-slabs,Ni-111-Zn-3x3x4-3-b-HCOO-AB,CHNi33O2Zn3,HCOO,Ni-111-Zn-3x3x4-3-b,Ni33Zn3,ok,-90.34351785,-68.02905325,-22.314464599999994,1.0,1.0,2.0,,,,,0.0091,/data/Chapter6/Ni-slabs.hdf,966
Ni-slabs,Ni-111-Zn-3x3x4-3-b-HCOO-AA,CHNi33O2Zn3,HCOO,Ni-111-Zn-3x3x4-3-b,Ni33Zn3,ok,-90.5043729,-68.02905325,-22.475319650000003,1.0,1.0,2.0,,,,,0.0068,/data/Chapter6/Ni-slabs.hdf,967
Ni-slabs,Ni-111-Ga-2x2x4-1-CO-6,C2GaNi15O2,CO,Ni-111-Ga-2x2x4-1,GaNi15,ok,-62.9897143,-35.74839877,-27.24131553,2.0,0.0,2.0,2.0,,,,0.0079,/data/Chapter6/Ni-slabs.hdf,981
Ni-slabs,Ni-111-Ga-2x2x4-1-CO-1,CGaNi15O,CO,Ni-111-Ga-2x2x4-1,GaNi15,ok,-49.38208527,-35.74839877,-13.633686499999996,1.0,0.0,1.0,1.0,,,,0.007,/data/Chapter6/Ni-slabs.hdf,982
Ni-slabs,Ni-111-Ga-2x2x4-1-CO-4,C2GaNi15O2,CO,Ni-111-Ga-2x2x4-1,GaNi15,ok,-62.98978527,-35.74839877,-27.241386499999997,2.0,0.0,2.0,2.0,,,,0.0054,/data/Chapter6/Ni-slabs.hdf,983
Ni-slabs,Ni-111-Ga-2x2x4-1-CO-3,CGaNi15O,CO,Ni-111-Ga-2x2x4-1,GaNi15,ok,-49.44376181,-35.74839877,-13.695363039999997,1.0,0.0,1.0,1.0,,,,0.0075,/data/Chapter6/Ni-slabs.hdf,984
Ni-slabs,Ni-111-Ga-2x2x4-1-CO-2,CGaNi15O,CO,Ni-111-Ga-2x2x4-1,GaNi15,ok,-49.38208077,-35.74839877,-13.633682,1.0,0.0,1.0,1.0,,,,0.0053,/data/Chapter6/Ni-slabs.hdf,985
Ni-slabs,Ni-111-Ga-2x2x4-1-CO-5,CGaNi15O,CO,Ni-111-Ga-2x2x4-1,GaNi15,ok,-49.44392414,-35.74839877,-13.695525369999999,1.0,0.0,1.0,1.0,,,,0.0085,/data/Chapter6/Ni-slabs.hdf,986
Ni-slabs,Ni-111-Ga-2x2x4-1-O_CO-1,CGaNi15O2,CO,,,missing,-54.281885,,,1.0,0.0,2.0,1.0,,,,0.0073,/data/Chapter6/Ni-slabs.hdf,1007
Ni-slabs,Ni-111-Ga-2x2x4-1-Ox2_CO-1,CGaNi15O3,CO,,,missing,-57.93533604,,,1.0,0.0,3.0,1.0,,,,0.0089,/data/Chapter6/Ni-slabs.hdf,1008
Ni-slabs,Ni-111-Ga-2x2x4-1-Ox2_CO-2,CGaNi15O3,CO,,,missing,-57.93508637,,,1.0,0.0,3.0,1.0,,,,0.0075,/data/Chapter6/Ni-slabs.hdf,1009
Ni-slabs,Ni-111-Ga-2x2x4-4-bulk-CH3O-AA-1,CH3Ga4Ni12O,CH3O,Ni-111-Ga-2x2x4-4-bulk,Ga4Ni12,ok,-61.09900241,-36.56554159,-24.533460819999995,1.0,3.0,1.0,,,1.0,,0.0076,/data/Chapter6/Ni-slabs.hdf,1012
Ni-slabs,Ni-111-Ga-2x2x4-4-bulk-CH3O-AA-2,C2H6Ga4Ni12O2,CH3O,Ni-111-Ga-2x2x4-4-bulk,Ga4Ni12,ok,-83.92805868,-36.56554159,-47.362517090000004,2.0,6.0,2.0,,,2.0,,0.0076,/data/Chapter6/Ni-slabs.hdf,1013
Ni-slabs,Ni-111-Ga-2x2x4-4-bulk-CO-top,CGa4Ni12O,CO,Ni-111-Ga-2x2x4-4-bulk,Ga4Ni12,ok,-50.530213,-36.56554159,-13.964671410000001,1.0,0.0,1.0,1.0,,,,0.006,/data/Chapter6/Ni-slabs.hdf,1016
Ni-slabs,Ni-111-Ga-2x2x4-4-bulk-CO-3top,C3Ga4Ni12O3,CO,Ni-111-Ga-2x2x4-4-bulk,Ga4Ni12,ok,-75.1848469,-36.56554159,-38.619305309999994,3.0,0.0,3.0,3.0,,,,0.0084,/data/Chapter6/Ni-slabs.hdf,1017
Ni-slabs,Ni-111-Ga-2x2x4-4-bulk-CO-fcc_hcp,C2Ga4Ni12O2,CO,Ni-111-Ga-2x2x4-4-bulk,Ga4Ni12,ok,-63.88280105,-36.56554159,-27.317259459999995,2.0,0.0,2.0,2.0,,,,0.0076,/data/Chapter6/Ni-slabs.hdf,1018
Ni-slabs,Ni-111-Ga-2x2x4-4-bulk-CO-2top,C2Ga4Ni12O2,CO,Ni-111-Ga-2x2x4-4-bulk,Ga4Ni12,ok,-63.84046884,-36.56554159,-27.274927249999998,2.0,0.0,2.0,2.0,,,,0.0053,/data/Chapter6/Ni-slabs.hdf,1019
Ni-slabs,Ni-111-Ga-2x2x4-4-bulk-CO-bridge,CGa4Ni12O,CO,Ni-111-Ga-2x2x4-4-bulk,Ga4Ni12,ok,-50.53035382,-36.56554159,-13.96481223,1.0,0.0,1.0,1.0,,,,0.0074,/data/Chapter6/Ni-slabs.hdf,1020
Ni-slabs,Ni-111-Ga-2x2x4-4-bulk-CO-1,CGa4Ni12O,CO,Ni-111-Ga-2x2x4-4-bulk,Ga4Ni12,ok,-50.53114251,-36.56554159,-13.96560092,1.0,0.0,1.0,1.0,,,,0.0058,/data/Chapter6/Ni-slabs.hdf,1021
Ni-slabs,Ni-111-Ga-2x2x4-4-bulk-CO-2,CGa4Ni12O,CO,Ni-111-Ga-2x2x4-4-bulk,Ga4Ni12,ok,-50.13669056,-36.56554159,-13.571148969999996,1.0,0.0,1.0,1.0,,,,0.0058,/data/Chapter6/Ni-slabs.hdf,1022
Ni-slabs,Ni-111-Ga-2x2x4-4-bulk-O_CO-1,CGa4Ni12O2,CO,,,missing,-55.27765989,,,1.0,0.0,2.0,1.0,,,,0.0082,/data/Chapter6/Ni-slabs.hdf,1025
Ni-slabs,Ni-111-Ga-2x2x4-4-bulk-O_CO-2,CGa4Ni12O2,CO,,,missing,-55.06487039,,,1.0,0.0,2.0,1.0,,,,0.0091,/data/Chapter6/Ni-slabs.hdf,1026
Ni-slabs,Ni-111-Ga-4x4x4-16-bulk-2-CH3O-1,CH3Ga16Ni48O,CH3O,Ni-111-Ga-4x4x4-16-bulk-2,Ga16Ni48,ok,-170.80829432,-146.25170038,-24.55659394,1.0,3.0,1.0,,,1.0,,0.006,/data/Chapter6/Ni-slabs.hdf,1091
Ni-slabs,Ni-111-Ga-4x4x4-16-bulk-2-CH3O-2,CH3Ga16Ni48O,CH3O,Ni-111-Ga-4x4x4-16-bulk-2,Ga16Ni48,ok,-170.2917172,-146.25170038,-24.040016820000005,1.0,3.0,1.0,,,1.0,,0.0083,/data/Chapter6/Ni-slabs.hdf,1092
Ni-slabs,Ni-111-Ga-4x4x4-16-bulk-2-CO-1,CGa16Ni48O,CO,Ni-111-Ga-4x4x4-16-bulk-2,Ga16Ni48,ok,-160.20712078,-146.25170038,-13.955420400000008,1.0,0.0,1.0,1.0,,,,0.0085,/data/Chapter6/Ni-slabs.hdf,1093
Ni-slabs,Ni-111-Ga-4x4x4-16-bulk-2-CO-2,CGa16Ni48O,CO,Ni-111-Ga-4x4x4-16-bulk-2,Ga16Ni48,ok,-159.87051992,-146.25170038,-13.618819540000004,1.0,0.0,1.0,1.0,,,,0.0059,/data/Chapter6/Ni-slabs.hdf,1094
Ni-slabs,Ni-111-Ga-4x4x4-16-bulk-2-HCOO-AB,CHGa16Ni48O2,HCOO,Ni-111-Ga-4x4x4-16-bulk-2,Ga16Ni48,ok,-168.62532867,-146.25170038,-22.37362829,1.0,1.0,2.0,,,,,0.0081,/data/Chapter6/Ni-slabs.hdf,1096
Ni-slabs,Ni-111-Ga-4x4x4-16-bulk-2-HCOO-AA-1,CHGa16Ni48O2,HCOO,Ni-111-Ga-4x4x4-16-bulk-2,Ga16Ni48,ok,-168.89221635,-146.25170038,-22.640515970000024,1.0,1.0,2.0,,,,,0.0075,/data/Chapter6/Ni-slabs.hdf,1097
Ni-slabs,Ni-111-Ga-4x4x4-16-bulk-2-HCOO-AA-2,CHGa16Ni48O2,HCOO,Ni-111-Ga-4x4x4-16-bulk-2,Ga16Ni48,ok,-168.73958611,-146.25170038,-22.487885730000016,1.0,1.0,2.0,,,,,0.0081,/data/Chapter6/Ni-slabs.hdf,1098
Ni-slabs,Ni-111-Ga-4x4x4-4-a-CO-1,CGa4Ni60O,CO,Ni-111-Ga-4x4x4-4-a,Ga4Ni60,ok,-156.1122343,-142.98594509,-13.12628921000001,1.0,0.0,1.0,1.0,,,,0.0095,/data/Chapter6/Ni-slabs.hdf,1105
Ni-slabs,Ni-111-Ga-4x4x4-4-b-CO-1,CGa4Ni60O,CO,Ni-111-Ga-4x4x4-4-b,Ga4Ni60,ok,-156.71110702,-142.99923211,-13.711874909999977,1.0,0.0,1.0,1.0,,,,0.0084,/data/Chapter6/Ni-slabs.hdf,1117
Ni-slabs,Ni-111-Ga-4x4x4-4-b-HCOOH-AA,CH2Ga4Ni60O2,HCOOH,Ni-111-Ga-4x4x4-4-b,Ga4Ni60,ok,-168.53948079,-142.99923211,-25.54024867999999,1.0,2.0,2.0,,,,,0.0069,/data/Chapter6/Ni-slabs.hdf,1118
Ni-slabs,Ni-111-Ga-4x4x4-4-b-HCOO-AA,CHGa4Ni60O2,HCOO,Ni-111-Ga-4x4x4-4-b,Ga4Ni60,ok,-165.39638679,-142.99923211,-22.39715468,1.0,1.0,2.0,,,,,0.0091,/data/Chapter6/Ni-slabs.hdf,1135
Ni-slabs,Ni-111-Ga-3x3x4-1-HCOOH-AB,CH2GaNi35O2,HCOOH,Ni-111-Ga-3x3x4-1,GaNi35,ok,-105.32272147,-79.74342816,-25.57929331000001,1.0,2.0,2.0,,,,,0.0079,/data/Chapter6/Ni-slabs.hdf,1153
Ni-slabs,Ni-111-Ga-3x3x4-1-HCOOH-AA-1,CH2GaNi35O2,HCOOH,Ni-111-Ga-3x3x4-1,GaNi35,ok,-105.35871101,-79.74342816,-25.61528285,1.0,2.0,2.0,,,,,0.0069,/data/Chapter6/Ni-slabs.hdf,1154
Ni-slabs,Ni-111-Ga-3x3x4-1-HCOOH-AA-2,CH2GaNi35O2,HCOOH,Ni-111-Ga-3x3x4-1,GaNi35,ok,-105.35936427,-79.74342816,-25.615936110000007,1.0,2.0,2.0,,,,,0.0057,/data/Chapter6/Ni-slabs.hdf,1155
Ni-slabs,Ni-111-Ga-3x3x4-1-HCOO-AB,CHGaNi35O2,HCOO,Ni-111-Ga-3x3x4-1,GaNi35,ok,-101.22297084,-79.74342816,-21.47954268000001,1.0,1.0,2.0,,,,,0.0075,/data/Chapter6/Ni-slabs.hdf,1170
Ni-slabs,Ni-111-Ga-3x3x4-1-HCOO-AA-1,CHGaNi35O2,HCOO,Ni-111-Ga-3x3x4-1,GaNi35,ok,-102.24141398,-79.74342816,-22.49798582000001,1.0,1.0,2.0,,,,,0.0082,/data/Chapter6/Ni-slabs.hdf,1171
Ni-slabs,Ni-111-Ga-3x3x4-1-HCOO-AA-2,CHGaNi35O2,HCOO,Ni-111-Ga-3x3x4-1,GaNi35,ok,-102.27250114,-79.74342816,-22.52907298000001,1.0,1.0,2.0,,,,,0.0072,/data/Chapter6/Ni-slabs.hdf,1172
Ni-slabs,Ni-111-Ga-3x3x4-3-a-CH3O-AAB-1,CH3Ga3Ni33O,CH3O,Ni-111-Ga-3x3x4-3-a,Ga3Ni33,ok,-104.84873225,-80.83163704,-24.017095209999994,1.0,3.0,1.0,,,1.0,,0.008,/data/Chapter6/Ni-slabs.hdf,1175
Ni-slabs,Ni-111-Ga-3x3x4-3-a-CH3O-AAB-3,C3H9Ga3Ni33O3,CH3O,Ni-111-Ga-3x3x4-3-a,Ga3Ni33,ok,-152.77897679,-80.83163704,-71.94733975,3.0,9.0,3.0,,,3.0,,0.008,/data/Chapter6/Ni-slabs.hdf,1176
Ni-slabs,Ni-111-Ga-3x3x4-3-a-CH3O-AAB-2,C2H6Ga3Ni33O2,CH3O,Ni-111-Ga-3x3x4-3-a,Ga3Ni33,ok,-128.83049036,-80.83163704,-47.998853319999995,2.0,6.0,2.0,,,2.0,,0.0086,/data/Chapter6/Ni-slabs.hdf,1177
Ni-slabs,Ni-111-Ga-3x3x4-3-a-CH3O-bridge,CH3Ga3Ni33O,CH3O,Ni-111-Ga-3x3x4-3-a,Ga3Ni33,ok,-104.84793604,-80.83163704,-24.01629899999999,1.0,3.0,1.0,,,1.0,,0.0093,/data/Chapter6/Ni-slabs.hdf,1178
Ni-slabs,Ni-111-Ga-3x3x4-3-a-COOH-AB,CHGa3Ni33O2,COOH,Ni-111-Ga-3x3x4-3-a,Ga3Ni33,ok,-102.56659689,-80.83163704,-21.734959849999996,1.0,1.0,2.0,,,,,0.0059,/data/Chapter6/Ni-slabs.hdf,1182
Ni-slabs,Ni-111-Ga-3x3x4-3-a-COOH-AA,CHGa3Ni33O2,COOH,Ni-111-Ga-3x3x4-3-a,Ga3Ni33,ok,-102.5953529,-80.83163704,-21.76371585999999,1.0,1.0,2.0,,,,,0.008,/data/Chapter6/Ni-slabs.hdf,1183
Ni-slabs,Ni-111-Ga-3x3x4-3-a-HCO-AB,CHGa3Ni33O,HCO,Ni-111-Ga-3x3x4-3-a,Ga3Ni33,ok,-96.85257209,-80.83163704,-16.02093504999999,1.0,1.0,1.0,,,,,0.0083,/data/Chapter6/Ni-slabs.hdf,1184
Ni-slabs,Ni-111-Ga-3x3x4-3-a-HCO-AA,CHGa3Ni33O,HCO,Ni-111-Ga-3x3x4-3-a,Ga3Ni33,ok,-96.83817279,-80.83163704,-16.006535749999998,1.0,1.0,1.0,,,,,0.0082,/data/Chapter6/Ni-slabs.hdf,1185
Ni-slabs,Ni-111-Ga-3x3x4-3-a-CO-A-1,CGa3Ni33O,CO,Ni-111-Ga-3x3x4-3-a,Ga3Ni33,ok,-94.00500243,-80.83163704,-13.17336539,1.0,0.0,1.0,1.0,,,,0.0088,/data/Chapter6/Ni-slabs.hdf,1186
Ni-slabs,Ni-111-Ga-3x3x4-3-a-CO-A-4,C3Ga3Ni33O3,CO,Ni-111-Ga-3x3x4-3-a,Ga3Ni33,ok,-120.58621047,-80.83163704,-39.75457342999999,3.0,0.0,3.0,3.0,,,,0.0073,/data/Chapter6/Ni-slabs.hdf,1187
Ni-slabs,Ni-111-Ga-3x3x4-3-a-CO-A-3,C2Ga3Ni33O2,CO,Ni-111-Ga-3x3x4-3-a,Ga3Ni33,ok,-107.25167454,-80.83163704,-26.420037499999992,2.0,0.0,2.0,2.0,,,,0.0064,/data/Chapter6/Ni-slabs.hdf,1188
Ni-slabs,Ni-111-Ga-3x3x4-3-a-CO-A-2,CGa3Ni33O,CO,Ni-111-Ga-3x3x4-3-a,Ga3Ni33,ok,-92.98501606,-80.83163704,-12.153379020000003,1.0,0.0,1.0,1.0,,,,0.0064,/data/Chapter6/Ni-slabs.hdf,1189
Ni-slabs,Ni-111-Ga-3x3x4-3-a-CO-A-5,C3Ga3Ni33O3,CO,Ni-111-Ga-3x3x4-3-a,Ga3Ni33,ok,-120.61276829,-80.83163704,-39.78113125,3.0,0.0,3.0,3.0,,,,0.0072,/data/Chapter6/Ni-slabs.hdf,1190
Ni-slabs,Ni-111-Ga-3x3x4-3-a-CO-B-1,CGa3Ni33O,CO,Ni-111-Ga-3x3x4-3-a,Ga3Ni33,ok,-92.9865455,-80.83163704,-12.154908460000001,1.0,0.0,1.0,1.0,,,,0.0091,/data/Chapter6/Ni-slabs.hdf,1191
Ni-slabs,Ni-111-Ga-3x3x4-3-a-CO-B-4,CGa3Ni33O,CO,Ni-111-Ga-3x3x4-3-a,Ga3Ni33,ok,-94.00757523,-80.83163704,-13.175938189999997,1.0,0.0,1.0,1.0,,,,0.0095,/data/Chapter6/Ni-slabs.hdf,1192
Ni-slabs,Ni-111-Ga-3x3x4-3-a-CO-B-3,CGa3Ni33O,CO,Ni-111-Ga-3x3x4-3-a,Ga3Ni33,ok,-94.00762652,-80.83163704,-13.175989479999998,1.0,0.0,1.0,1.0,,,,0.0031,/data/Chapter6/Ni-slabs.hdf,1193
Ni-slabs,Ni-111-Ga-3x3x4-3-a-CO-B-5,C2Ga3Ni33O2,CO,Ni-111-Ga-3x3x4-3-a,Ga3Ni33,ok,-107.15640303,-80.83163704,-26.324765990000003,2.0,0.0,2.0,2.0,,,,0.0087,/data/Chapter6/Ni-slabs.hdf,1194
Ni-slabs,Ni-111-Ga-3x3x4-3-a-HCOOH-BB-1,CH2Ga3Ni33O2,HCOOH,Ni-111-Ga-3x3x4-3-a,Ga3Ni33,ok,-106.38096005,-80.83163704,-25.549323009999995,1.0,2.0,2.0,,,,,0.0082,/data/Chapter6/Ni-slabs.hdf,1195
Ni-slabs,Ni-111-Ga-3x3x4-3-a-HCOOH-AB-1,CH2Ga3Ni33O2,HCOOH,Ni-111-Ga-3x3x4-3-a,Ga3Ni33,ok,-106.33202783,-80.83163704,-25.500390789999997,1.0,2.0,2.0,,,,,0.0082,/data/Chapter6/Ni-slabs.hdf,1196
Ni-slabs,Ni-111-Ga-3x3x4-3-a-HCOOH-AA-1,CH2Ga3Ni33O2,HCOOH,Ni-111-Ga-3x3x4-3-a,Ga3Ni33,ok,-106.28509672,-80.83163704,-25.453459679999995,1.0,2.0,2.0,,,,,0.0075,/data/Chapter6/Ni-slabs.hdf,1197
Ni-slabs,Ni-111-Ga-3x3x4-3-a-H2COOH-AB-1,CH3Ga3Ni33O2,H2COOH,Ni-111-Ga-3x3x4-3-a,Ga3Ni33,ok,-109.98586607,-80.83163704,-29.154229029999996,1.0,3.0,2.0,,,,,0.0073,/data/Chapter6/Ni-slabs.hdf,1215
Ni-slabs,Ni-111-Ga-3x3x4-3-a-HCOO-BB-1,CHGa3Ni33O2,HCOO,Ni-111-Ga-3x3x4-3-a,Ga3Ni33,ok,-103.08437343,-80.83163704,-22.252736389999995,1.0,1.0,2.0,,,,,0.0064,/data/Chapter6/Ni-slabs.hdf,1216
Ni-slabs,Ni-111-Ga-3x3x4-3-a-HCOO-AB-1,CHGa3Ni33O2,HCOO,Ni-111-Ga-3x3x4-3-a,Ga3Ni33,ok,-103.08391334,-80.83163704,-22.25227629999999,1.0,1.0,2.0,,,,,0.0097,/data/Chapter6/Ni-slabs.hdf,1217
Ni-slabs,Ni-111-Ga-3x3x4-3-a-HCOO-AA-1,CHGa3Ni33O2,HCOO,Ni-111-Ga-3x3x4-3-a,Ga3Ni33,ok,-103.12407723,-80.83163704,-22.292440189999994,1.0,1.0,2.0,,,,,0.0064,/data/Chapter6/Ni-slabs.hdf,1218
Ni-slabs,Ni-111-Ga-3x3x4-3-c-CO-AAA-fcc,CGa3Ni33O,CO,Ni-111-Ga-3x3x4-3-c,Ga3Ni33,ok,-93.52815825,-79.95256971,-13.575588539999998,1.0,0.0,1.0,1.0,,,,0.0085,/data/Chapter6/Ni-slabs.hdf,1223
Ni-slabs,Ni-111-Ga-3x3x4-3-c-CO-AAA-hcp,CGa3Ni33O,CO,Ni-111-Ga-3x3x4-3-c,Ga3Ni33,ok,-93.68803674,-79.95256971,-13.735467029999995,1.0,0.0,1.0,1.0,,,,0.0068,/data/Chapter6/Ni-slabs.hdf,1224
Ni-slabs,Ni-111-Ga-3x3x4-3-c-HCOOH-BB-1,CH2Ga3Ni33O2,HCOOH,Ni-111-Ga-3x3x4-3-c,Ga3Ni33,ok,-105.58197392,-79.95256971,-25.62940420999999,1.0,2.0,2.0,,,,,0.005,/data/Chapter6/Ni-slabs.hdf,1225
Ni-slabs,Ni-111-Ga-3x3x4-3-c-HCOOH-AB,CH2Ga3Ni33O2,HCOOH,Ni-111-Ga-3x3x4-3-c,Ga3Ni33,ok,-105.52273299,-79.95256971,-25.57016327999999,1.0,2.0,2.0,,,,,0.0065,/data/Chapter6/Ni-slabs.hdf,1226
Ni-slabs,Ni-111-Ga-3x3x4-3-c-HCOOH-AA,CH2Ga3Ni33O2,HCOOH,Ni-111-Ga-3x3x4-3-c,Ga3Ni33,ok,-105.50407998,-79.95256971,-25.551510269999994,1.0,2.0,2.0,,,,,0.0097,/data/Chapter6/Ni-slabs.hdf,1227
Ni-slabs,Ni-111-Ga-3x3x4-3-c-HCOO-BB-1,CHGa3Ni33O2,HCOO,Ni-111-Ga-3x3x4-3-c,Ga3Ni33,ok,-102.20386108,-79.95256971,-22.25129136999999,1.0,1.0,2.0,,,,,0.0081,/data/Chapter6/Ni-slabs.hdf,1228
Ni-slabs,Ni-111-Ga-3x3x4-3-c-HCOO-AB,CHGa3Ni33O2,HCOO,Ni-111-Ga-3x3x4-3-c,Ga3Ni33,ok,-102.25219387,-79.95256971,-22.299624159999993,1.0,1.0,2.0,,,,,0.0053,/data/Chapter6/Ni-slabs.hdf,1229
Ni-slabs,Ni-111-Ga-3x3x4-3-c-HCOO-AA,CHGa3Ni33O2,HCOO,Ni-111-Ga-3x3x4-3-c,Ga3Ni33,ok,-102.23135535,-79.95256971,-22.278785639999995,1.0,1.0,2.0,,,,,0.0052,/data/Chapter6/Ni-slabs.hdf,1230
Ni-slabs,Ni-111-Ga-3x3x4-3-b-CO-AAA-1,CGa3Ni33O,CO,Ni-111-Ga-3x3x4-3-b,Ga3Ni33,ok,-94.02137338,-80.25898171,-13.76239167,1.0,0.0,1.0,1.0,,,,0.0061,/data/Chapter6/Ni-slabs.hdf,1236
Ni-slabs,Ni-111-Ga-3x3x4-3-b-CO-AAA-2,CGa3Ni33O,CO,Ni-111-Ga-3x3x4-3-b,Ga3Ni33,ok,-94.02137374,-80.25898171,-13.76239203,1.0,0.0,1.0,1.0,,,,0.0061,/data/Chapter6/Ni-slabs.hdf,1237
Ni-slabs,Ni-111-Ga-3x3x4-3-b-CO-ABA-1,CGa3Ni33O,CO,Ni-111-Ga-3x3x4-3-b,Ga3Ni33,ok,-93.9549356,-80.25898171,-13.695953889999998,1.0,0.0,1.0,1.0,,,,0.0067,/data/Chapter6/Ni-slabs.hdf,1238
Ni-slabs,Ni-111-Ga-3x3x4-3-b-CO-ABA-2,CGa3Ni33O,CO,Ni-111-Ga-3x3x4-3-b,Ga3Ni33,ok,-93.97677161,-80.25898171,-13.7177899,1.0,0.0,1.0,1.0,,,,0.0065,/data/Chapter6/Ni-slabs.hdf,1239
Ni-slabs,Ni-111-Ga-3x3x4-3-b-HCOOH-BB-1,CH2Ga3Ni33O2,HCOOH,Ni-111-Ga-3x3x4-3-b,Ga3Ni33,ok,-105.8390194,-80.25898171,-25.580037689999997,1.0,2.0,2.0,,,,,0.0095,/data/Chapter6/Ni-slabs.hdf,1240
Ni-slabs,Ni-111-Ga-3x3x4-3-b-HCOOH-AB,CH2Ga3Ni33O2,HCOOH,Ni-111-Ga-3x3x4-3-b,Ga3Ni33,ok,-105.83545996,-80.25898171,-25.576478249999994,1.0,2.0,2.0,,,,,0.0085,/data/Chapter6/Ni-slabs.hdf,1241
Ni-slabs,Ni-111-Ga-3x3x4-3-b-HCOOH-AA,CH2Ga3Ni33O2,HCOOH,Ni-111-Ga-3x3x4-3-b,Ga3Ni33,ok,-105.88792621,-80.25898171,-25.628944500000003,1.0,2.0,2.0,,,,,0.0081,/data/Chapter6/Ni-slabs.hdf,1242
Ni-slabs,Ni-111-Ga-3x3x4-3-b-HCOO-BB-1,CHGa3Ni33O2,HCOO,Ni-111-Ga-3x3x4-3-b,Ga3Ni33,ok,-102.45234511,-80.25898171,-22.193363399999996,1.0,1.0,2.0,,,,,0.0078,/data/Chapter6/Ni-slabs.hdf,1243
Ni-slabs,Ni-111-Ga-3x3x4-3-b-HCOO-AB,CHGa3Ni33O2,HCOO,Ni-111-Ga-3x3x4-3-b,Ga3Ni33,ok,-102.56199166,-80.25898171,-22.303009950000003,1.0,1.0,2.0,,,,,0.0091,/data/Chapter6/Ni-slabs.hdf,1244
Ni-slabs,Ni-111-Ga-3x3x4-3-b-HCOO-AA,CHGa3Ni33O2,HCOO,Ni-111-Ga-3x3x4-3-b,Ga3Ni33,ok,-102.70368232,-80.25898171,-22.444700609999998,1.0,1.0,2.0,,,,,0.0077,/data/Chapter6/Ni-slabs.hdf,1245
Ni-slabs,Ni-110-clean-2x2x4-CH3O-1,CH3Ni16O,CH3O,Ni-110-clean-2x2x4,Ni16,ok,-55.17655082,-30.33573638,-24.840814440000003,1.0,3.0,1.0,,,1.0,,0.0068,/data/Chapter6/Ni-slabs.hdf,1263
Ni-slabs,Ni-110-clean-2x2x4-CO-AA-1,CNi16O,CO,Ni-110-clean-2x2x4,Ni16,ok,-44.10618238,-30.33573638,-13.770446,1.0,0.0,1.0,1.0,,,,0.0086,/data/Chapter6/Ni-slabs.hdf,1265
Ni-slabs,Ni-110-clean-2x2x4-CO-AA-2,CNi16O,CO,Ni-110-clean-2x2x4,Ni16,ok,-43.96523152,-30.33573638,-13.629495140000003,1.0,0.0,1.0,1.0,,,,0.007,/data/Chapter6/Ni-slabs.hdf,1266
Ni-slabs,Ni-110-clean-1x2x4-CH3O-AA,CH3Ni8O,CH3O,Ni-110-clean-1x2x4,Ni8,ok,-40.00584637,-15.16759884,-24.83824753,1.0,3.0,1.0,,,1.0,,0.0076,/data/Chapter6/Ni-slabs.hdf,1305
Ni-slabs,Ni-110-clean-1x2x4-COOH-AA-1,CHNi8O2,COOH,Ni-110-clean-1x2x4,Ni8,ok,-37.81962032,-15.16759884,-22.65202148,1.0,1.0,2.0,,,,,0.0059,/data/Chapter6/Ni-slabs.hdf,1307
Ni-slabs,Ni-110-clean-1x2x4-HCO-AA-1,CHNi8O,HCO,Ni-110-clean-1x2x4,Ni8,ok,-31.96864504,-15.16759884,-16.8010462,1.0,1.0,1.0,,,,,0.006,/data/Chapter6/Ni-slabs.hdf,1308
Ni-slabs,Ni-110-clean-1x2x4-CO-AA-1,CNi8O,CO,Ni-110-clean-1x2x4,Ni8,ok,-28.41442037,-15.16759884,-13.246821529999998,1.0,0.0,1.0,1.0,,,,0.0088,/data/Chapter6/Ni-slabs.hdf,1309
Ni-slabs,Ni-110-clean-1x2x4-HCOO-AA-1,CHNi8O2,HCOO,Ni-110-clean-1x2x4,Ni8,ok,-38.30613153,-15.16759884,-23.13853269,1.0,1.0,2.0,,,,,0.0062,/data/Chapter6/Ni-slabs.hdf,1313
Ni-slabs,Ni-110-clean-2x3x4-CH3O-AA,CH3Ni24O,CH3O,Ni-110-clean-2x3x4,Ni24,ok,-70.38013409,-45.50401815,-24.87611594,1.0,3.0,1.0,,,1.0,,0.0088,/data/Chapter6/Ni-slabs.hdf,1322
Ni-slabs,Ni-110-clean-2x3x4-COOH-AA-1,CHNi24O2,COOH,Ni-110-clean-2x3x4,Ni24,ok,-67.94911356,-45.50401815,-22.44509541,1.0,1.0,2.0,,,,,0.0081,/data/Chapter6/Ni-slabs.hdf,1326
Ni-slabs,Ni-110-clean-2x3x4-COOH-AA-2,CHNi24O2,COOH,Ni-110-clean-2x3x4,Ni24,ok,-67.95199892,-45.50401815,-22.447980769999994,1.0,1.0,2.0,,,,,0.0084,/data/Chapter6/Ni-slabs.hdf,1327
Ni-slabs,Ni-110-clean-2x3x4-HCO-AA-1,CHNi24O,HCO,Ni-110-clean-2x3x4,Ni24,ok,-62.26739933,-45.50401815,-16.763381180000003,1.0,1.0,1.0,,,,,0.0093,/data/Chapter6/Ni-slabs.hdf,1334
Ni-slabs,Ni-110-clean-2x3x4-HCO-AA-2,CHNi24O,HCO,Ni-110-clean-2x3x4,Ni24,ok,-62.2616115,-45.50401815,-16.75759335,1.0,1.0,1.0,,,,,0.0077,/data/Chapter6/Ni-slabs.hdf,1335
Ni-slabs,Ni-110-clean-2x3x4-CO-AA-top,CNi24O,CO,Ni-110-clean-2x3x4,Ni24,ok,-59.15849269,-45.50401815,-13.654474540000002,1.0,0.0,1.0,1.0,,,,0.0082,/data/Chapter6/Ni-slabs.hdf,1337
Ni-slabs,Ni-110-clean-2x3x4-CO-AA-1,CNi24O,CO,Ni-110-clean-2x3x4,Ni24,ok,-59.24868616,-45.50401815,-13.744668009999998,1.0,0.0,1.0,1.0,,,,0.0095,/data/Chapter6/Ni-slabs.hdf,1338
Ni-slabs,Ni-110-clean-2x3x4-CO-AA-2,CNi24O,CO,Ni-110-clean-2x3x4,Ni24,ok,-58.84353856,-45.50401815,-13.339520409999999,1.0,0.0,1.0,1.0,,,,0.0051,/data/Chapter6/Ni-slabs.hdf,1339
Ni-slabs,Ni-110-clean-2x3x4-HCOO-AA-1,CHNi24O2,HCOO,Ni-110-clean-2x3x4,Ni24,ok,-68.72236506,-45.50401815,-23.21834691,1.0,1.0,2.0,,,,,0.0072,/data/Chapter6/Ni-slabs.hdf,1352
Ni-slabs,Ni-110-clean-2x3x4-HCOO-AA-2,CHNi24O2,HCOO,Ni-110-clean-2x3x4,Ni24,ok,-68.78888294,-45.50401815,-23.284864789999993,1.0,1.0,2.0,,,,,0.0051,/data/Chapter6/Ni-slabs.hdf,1353
Ni-slabs,Ni-110-Zn-2x3x4-6-CH3O-BB,CH3Ni18OZn6,CH3O,Ni-110-Zn-2x3x4-6,Ni18Zn6,ok,-48.50050423,-23.9018798,-24.598624429999997,1.0,3.0,1.0,,,1.0,,0.0077,/data/Chapter6/Ni-slabs.hdf,1395
Ni-slabs,Ni-110-Zn-2x3x4-6-COOH-BB-1,CHNi18O2Zn6,COOH,Ni-110-Zn-2x3x4-6,Ni18Zn6,ok,-45.5674403,-23.9018798,-21.6655605,1.0,1.0,2.0,,,,,0.0076,/data/Chapter6/Ni-slabs.hdf,1397
Ni-slabs,Ni-110-Zn-2x3x4-6-COOH-BB-2,CHNi18O2Zn6,COOH,Ni-110-Zn-2x3x4-6,Ni18Zn6,ok,-45.48739644,-23.9018798,-21.585516639999998,1.0,1.0,2.0,,,,,0.0094,/data/Chapter6/Ni-slabs.hdf,1398
Ni-slabs,Ni-110-Zn-2x3x4-6-HCO-BB-2,CHNi18OZn6,HCO,Ni-110-Zn-2x3x4-6,Ni18Zn6,ok,-39.57627055,-23.9018798,-15.674390749999997,1.0,1.0,1.0,,,,,0.0062,/data/Chapter6/Ni-slabs.hdf,1399
Ni-slabs,Ni-110-Zn-2x3x4-6-CO-BB-1,CNi18OZn6,CO,Ni-110-Zn-2x3x4-6,Ni18Zn6,ok,-35.85466238,-23.9018798,-11.952782580000001,1.0,0.0,1.0,1.0,,,,0.0086,/data/Chapter6/Ni-slabs.hdf,1400
Ni-slabs,Ni-110-Zn-2x3x4-6-HCOO-BB-1,CHNi18O2Zn6,HCOO,Ni-110-Zn-2x3x4-6,Ni18Zn6,ok,-46.8627953,-23.9018798,-22.960915500000002,1.0,1.0,2.0,,,,,0.0081,/data/Chapter6/Ni-slabs.hdf,1406
Ni-slabs,Ni-110-Ga-2x2x4-4-bulk-a-CO-1,CGa4Ni12O,CO,Ni-110-Ga-2x2x4-4-bulk-a,Ga4Ni12,ok,-45.24433594,-31.88431326,-13.36002268,1.0,0.0,1.0,1.0,,,,0.0058,/data/Chapter6/Ni-slabs.hdf,1431
Ni-slabs,Ni-110-Ga-2x2x4-4-bulk-a-HCOO-1,CHGa4Ni12O2,HCOO,Ni-110-Ga-2x2x4-4-bulk-a,Ga4Ni12,ok,-54.64288814,-31.88431326,-22.758574879999998,1.0,1.0,2.0,,,,,0.0079,/data/Chapter6/Ni-slabs.hdf,1432
Ni-slabs,Ni-110-Ga-2x2x4-2-a-CH3O-1,CH3Ga2Ni14O,CH3O,Ni-110-Ga-2x2x4-2-a,Ga2Ni14,ok,-56.1485303,-31.5756619,-24.572868399999997,1.0,3.0,1.0,,,1.0,,0.0074,/data/Chapter6/Ni-slabs.hdf,1436
Ni-slabs,Ni-110-Ga-2x2x4-2-a-COOH-AB-1,CHGa2Ni14O2,COOH,Ni-110-Ga-2x2x4-2-a,Ga2Ni14,ok,-54.01031075,-31.5756619,-22.434648850000002,1.0,1.0,2.0,,,,,0.0076,/data/Chapter6/Ni-slabs.hdf,1439
Ni-slabs,Ni-110-Ga-2x2x4-2-a-COOH-AB-2,CHGa2Ni14O2,COOH,Ni-110-Ga-2x2x4-2-a,Ga2Ni14,ok,-53.92427955,-31.5756619,-22.34861765,1.0,1.0,2.0,,,,,0.0083,/data/Chapter6/Ni-slabs.hdf,1440
Ni-slabs,Ni-110-Ga-2x2x4-2-a-HCO-AB-1,CHGa2Ni14O,HCO,Ni-110-Ga-2x2x4-2-a,Ga2Ni14,ok,-48.24405511,-31.5756619,-16.668393209999998,1.0,1.0,1.0,,,,,0.0061,/data/Chapter6/Ni-slabs.hdf,1441
Ni-slabs,Ni-110-Ga-2x2x4-2-a-HCO-AB-2,CHGa2Ni14O,HCO,Ni-110-Ga-2x2x4-2-a,Ga2Ni14,ok,-47.97328895,-31.5756619,-16.397627049999997,1.0,1.0,1.0,,,,,0.0098,/data/Chapter6/Ni-slabs.hdf,1442
Ni-slabs,Ni-110-Ga-2x2x4-2-a-CO-AB-1,CGa2Ni14O,CO,Ni-110-Ga-2x2x4-2-a,Ga2Ni14,ok,-45.0859612,-31.5756619,-13.5102993,1.0,0.0,1.0,1.0,,,,0.0094,/data/Chapter6/Ni-slabs.hdf,1443
Ni-slabs,Ni-110-Ga-2x2x4-2-a-CO-AB-2,CGa2Ni14O,CO,Ni-110-Ga-2x2x4-2-a,Ga2Ni14,ok,-45.08664968,-31.5756619,-13.51098778,1.0,0.0,1.0,1.0,,,,0.0081,/data/Chapter6/Ni-slabs.hdf,1444
Ni-slabs,Ni-110-Ga-2x2x4-2-a-HCOOH-AB-1,CH2Ga2Ni14O2,HCOOH,Ni-110-Ga-2x2x4-2-a,Ga2Ni14,ok,-57.40932921,-31.5756619,-25.833667310000003,1.0,2.0,2.0,,,,,0.0058,/data/Chapter6/Ni-slabs.hdf,1445
Ni-slabs,Ni-110-Ga-2x2x4-2-a-HCOOH-AB-2,CH2Ga2Ni14O2,HCOOH,Ni-110-Ga-2x2x4-2-a,Ga2Ni14,ok,-57.13531425,-31.5756619,-25.55965235,1.0,2.0,2.0,,,,,0.007,/data/Chapter6/Ni-slabs.hdf,1446
Ni-slabs,Ni-110-Ga-2x2x4-2-a-O_CO-1,CGa2Ni14O2,CO,,,missing,-48.74966624,,,1.0,0.0,2.0,1.0,,,,0.008,/data/Chapter6/Ni-slabs.hdf,1450
Ni-slabs,Ni-110-Ga-2x2x4-2-a-O_CO-3,C2Ga2Ni14O4,CO,,,missing,-67.8902102,,,2.0,0.0,4.0,2.0,,,,0.0093,/data/Chapter6/Ni-slabs.hdf,1451
Ni-slabs,Ni-110-Ga-2x2x4-2-a-O_CO-2,CGa2Ni14O2,CO,,,missing,-50.10448285,,,1.0,0.0,2.0,1.0,,,,0.0076,/data/Chapter6/Ni-slabs.hdf,1452
Ni-slabs,Ni-110-Ga-2x2x4-2-a-Ox2_CO-1,CGa2Ni14O3,CO,,,missing,-55.02389853,,,1.0,0.0,3.0,1.0,,,,0.0068,/data/Chapter6/Ni-slabs.hdf,1453
Ni-slabs,Ni-110-Ga-2x2x4-2-a-HCOO-AB-1,CHGa2Ni14O2,HCOO,Ni-110-Ga-2x2x4-2-a,Ga2Ni14,ok,-54.50808859,-31.5756619,-22.93242669,1.0,1.0,2.0,,,,,0.0091,/data/Chapter6/Ni-slabs.hdf,1454
Ni-slabs,Ni-110-Ga-2x2x4-2-a-HCOO-AB-2,CHGa2Ni14O2,HCOO,Ni-110-Ga-2x2x4-2-a,Ga2Ni14,ok,-54.59179018,-31.5756619,-23.016128279999997,1.0,1.0,2.0,,,,,0.0091,/data/Chapter6/Ni-slabs.hdf,1455
Ni-slabs,Ni-110-Ga-2x2x4-2-b-COOH-AB-1,CHGa2Ni14O2,COOH,Ni-110-Ga-2x2x4-2-b,Ga2Ni14,ok,-53.78855675,-31.56566248,-22.222894269999998,1.0,1.0,2.0,,,,,0.0066,/data/Chapter6/Ni-slabs.hdf,1460
Ni-slabs,Ni-110-Ga-2x2x4-2-b-COOH-AB-2,CHGa2Ni14O2,COOH,Ni-110-Ga-2x2x4-2-b,Ga2Ni14,ok,-53.95169556,-31.56566248,-22.386033079999997,1.0,1.0,2.0,,,,,0.0076,/data/Chapter6/Ni-slabs.hdf,1461
Ni-slabs,Ni-110-Ga-2x2x4-2-b-HCO-AB-1,CHGa2Ni14O,HCO,Ni-110-Ga-2x2x4-2-b,Ga2Ni14,ok,-48.01683763,-31.56566248,-16.451175149999997,1.0,1.0,1.0,,,,,0.0071,/data/Chapter6/Ni-slabs.hdf,1462
Ni-slabs,Ni-110-Ga-2x2x4-2-b-HCO-AB-2,CHGa2Ni14O,HCO,Ni-110-Ga-2x2x4-2-b,Ga2Ni14,ok,-48.00483883,-31.56566248,-16.439176349999997,1.0,1.0,1.0,,,,,0.0078,/data/Chapter6/Ni-slabs.hdf,1463
Ni-slabs,Ni-110-Ga-2x2x4-2-b-CO-AB-1,CGa2Ni14O,CO,Ni-110-Ga-2x2x4-2-b,Ga2Ni14,ok,-45.10953479,-31.56566248,-13.543872309999998,1.0,0.0,1.0,1.0,,,,0.0072,/data/Chapter6/Ni-slabs.hdf,1464
Ni-slabs,Ni-110-Ga-2x2x4-2-b-CO-AB-2,CGa2Ni14O,CO,Ni-110-Ga-2x2x4-2-b,Ga2Ni14,ok,-45.10955356,-31.56566248,-13.543891080000002,1.0,0.0,1.0,1.0,,,,0.008,/data/Chapter6/Ni-slabs.hdf,1465
Ni-slabs,Ni-110-Ga-2x2x4-2-b-HCOOH-AB-1,CH2Ga2Ni14O2,HCOOH,Ni-110-Ga-2x2x4-2-b,Ga2Ni14,ok,-57.40065924,-31.56566248,-25.834996760000003,1.0,2.0,2.0,,,,,0.0052,/data/Chapter6/Ni-slabs.hdf,1466
Ni-slabs,Ni-110-Ga-2x2x4-2-b-HCOOH-AB-2,CH2Ga2Ni14O2,HCOOH,Ni-110-Ga-2x2x4-2-b,Ga2Ni14,ok,-57.11369793,-31.56566248,-25.54803545,1.0,2.0,2.0,,,,,0.0086,/data/Chapter6/Ni-slabs.hdf,1467
Ni-slabs,Ni-110-Ga-2x2x4-2-b-O_CO-1,CGa2Ni14O2,CO,,,missing,-50.21093583,,,1.0,0.0,2.0,1.0,,,,0.0078,/data/Chapter6/Ni-slabs.hdf,1469
Ni-slabs,Ni-110-Ga-2x2x4-2-b-O_CO-2,0,CO,,,missing,0.0,,,0.0,0.0,0.0,0.0,,,,0.0,/data/Chapter6/Ni-slabs.hdf,1470
Ni-slabs,Ni-110-Ga-2x2x4-2-b-HCOO-AB-1,CHGa2Ni14O2,HCOO,Ni-110-Ga-2x2x4-2-b,Ga2Ni14,ok,-54.55012078,-31.56566248,-22.9844583,1.0,1.0,2.0,,,,,0.0088,/data/Chapter6/Ni-slabs.hdf,1471
Ni-slabs,Ni-110-Ga-2x2x4-2-b-HCOO-AB-2,CHGa2Ni14O2,HCOO,Ni-110-Ga-2x2x4-2-b,Ga2Ni14,ok,-54.41624934,-31.56566248,-22.85058686,1.0,1.0,2.0,,,,,0.0076,/data/Chapter6/Ni-slabs.hdf,1472
Ni-slabs,Ni-110-Ga-1x2x4-1-CH3O-AB,CH3GaNi7O,CH3O,Ni-110-Ga-1x2x4-1,GaNi7,ok,-40.37158464,-15.79562911,-24.57595553,1.0,3.0,1.0,,,1.0,,0.0051,/data/Chapter6/Ni-slabs.hdf,1476
Ni-slabs,Ni-110-Ga-1x2x4-1-CO-AB-1,CGaNi7O,CO,Ni-110-Ga-1x2x4-1,GaNi7,ok,-29.31812864,-15.79562911,-13.522499530000001,1.0,0.0,1.0,1.0,,,,0.0082,/data/Chapter6/Ni-slabs.hdf,1478
Ni-slabs,Ni-110-Ga-1x2x4-1-HCOOH-AB-1,CH2GaNi7O2,HCOOH,Ni-110-Ga-1x2x4-1,GaNi7,ok,-41.68459857,-15.79562911,-25.88896946,1.0,2.0,2.0,,,,,0.0082,/data/Chapter6/Ni-slabs.hdf,1479
Ni-slabs,Ni-110-Ga-1x2x4-1-HCOO-AB-1,CHGaNi7O2,HCOO,Ni-110-Ga-1x2x4-1,GaNi7,ok,-38.76751591,-15.79562911,-22.9718868,1.0,1.0,2.0,,,,,0.0068,/data/Chapter6/Ni-slabs.hdf,1483
Ni-slabs,Ni-110-Ga-2x4x4-4-CO-1,CGa4Ni28O,CO,Ni-110-Ga-2x4x4-4,Ga4Ni28,ok,-76.66015614,-63.15917855,-13.500977589999998,1.0,0.0,1.0,1.0,,,,0.0056,/data/Chapter6/Ni-slabs.hdf,1505
Ni-slabs,Ni-110-Ga-2x2x6-2-a-O_CO-1,C2Ga2Ni22O4,CO,,,missing,-88.0654224,,,2.0,0.0,4.0,2.0,,,,0.0074,/data/Chapter6/Ni-slabs.hdf,1513
Ni-slabs,Ni-110-Ga-2x2x6-2-a-Ox2_CO-1,CGa2Ni22O3,CO,,,missing,-75.2252253,,,1.0,0.0,3.0,1.0,,,,0.0063,/data/Chapter6/Ni-slabs.hdf,1514
Ni-slabs,Ni-100-clean-2x2x4-CH3O-bridge,CH3Ni16O,CH3O,Ni-100-clean-2x2x4,Ni16,ok,-58.30664885,-33.62266439,-24.683984460000005,1.0,3.0,1.0,,,1.0,,0.0086,/data/Chapter6/Ni-slabs.hdf,1530
Ni-slabs,Ni-100-clean-2x2x4-CH3O-1,CH3Ni16O,CH3O,Ni-100-clean-2x2x4,Ni16,ok,-58.30582176,-33.62266439,-24.683157370000004,1.0,3.0,1.0,,,1.0,,0.0093,/data/Chapter6/Ni-slabs.hdf,1531
Ni-slabs,Ni-100-clean-2x2x4-CH3O-2,CH3Ni16O,CH3O,Ni-100-clean-2x2x4,Ni16,ok,-58.3068141,-33.62266439,-24.68414971,1.0,3.0,1.0,,,1.0,,0.0061,/data/Chapter6/Ni-slabs.hdf,1532
Ni-slabs,Ni-100-clean-2x2x4-COOH-AB-1,CHNi16O2,COOH,Ni-100-clean-2x2x4,Ni16,ok,-56.04867621,-33.62266439,-22.426011820000006,1.0,1.0,2.0,,,,,0.0084,/data/Chapter6/Ni-slabs.hdf,1535
Ni-slabs,Ni-100-clean-2x2x4-HCO-AB-1,CHNi16O,HCO,Ni-100-clean-2x2x4,Ni16,ok,-50.19234801,-33.62266439,-16.569683620000006,1.0,1.0,1.0,,,,,0.0064,/data/Chapter6/Ni-slabs.hdf,1536
Ni-slabs,Ni-100-clean-2x2x4-CO-A-2,CNi16O,CO,Ni-100-clean-2x2x4,Ni16,ok,-47.31001511,-33.62266439,-13.687350720000005,1.0,0.0,1.0,1.0,,,,0.0027,/data/Chapter6/Ni-slabs.hdf,1538
Ni-slabs,Ni-100-clean-2x2x4-H2COOH-AA-1,CH3Ni16O2,H2COOH,Ni-100-clean-2x2x4,Ni16,ok,-63.61259107,-33.62266439,-29.989926680000004,1.0,3.0,2.0,,,,,0.007,/data/Chapter6/Ni-slabs.hdf,1561
Ni-slabs,Ni-100-clean-2x2x4-H2COOH-AA-3,CH3Ni16O2,H2COOH,Ni-100-clean-2x2x4,Ni16,ok,-63.57544978,-33.62266439,-29.952785390000003,1.0,3.0,2.0,,,,,0.0085,/data/Chapter6/Ni-slabs.hdf,1562
Ni-slabs,Ni-100-clean-2x2x4-H2COOH-AA-2,CH2Ni16O2,H2COOH,Ni-100-clean-2x2x4,Ni16,ok,-59.93498777,-33.62266439,-26.312323380000002,1.0,2.0,2.0,,,,,0.0052,/data/Chapter6/Ni-slabs.hdf,1563
Ni-slabs,Ni-100-clean-2x2x4-Ox2_CO-1,CNi16O3,CO,,,missing,-56.3619885,,,1.0,0.0,3.0,1.0,,,,0.007,/data/Chapter6/Ni-slabs.hdf,1565
Ni-slabs,Ni-100-clean-2x2x4-HCOO-AA-1,CHNi16O2,HCOO,Ni-100-clean-2x2x4,Ni16,ok,-56.35701142,-33.62266439,-22.734347030000002,1.0,1.0,2.0,,,,,0.0071,/data/Chapter6/Ni-slabs.hdf,1566
Ni-slabs,Ni-100-clean-4x2x4-COOH-AB,CHNi32O2,COOH,Ni-100-clean-4x2x4,Ni32,ok,-89.54492852,-67.24659116,-22.298337360000005,1.0,1.0,2.0,,,,,0.0093,/data/Chapter6/Ni-slabs.hdf,1571
Ni-slabs,Ni-100-clean-4x2x4-HCO-AB,CHNi32O,HCO,Ni-100-clean-4x2x4,Ni32,ok,-83.79105623,-67.24659116,-16.54446507,1.0,1.0,1.0,,,,,0.0057,/data/Chapter6/Ni-slabs.hdf,1572
Ni-slabs,Ni-100-clean-4x2x4-HCOO-AA-1,CHNi32O2,HCOO,Ni-100-clean-4x2x4,Ni32,ok,-90.08788448,-67.24659116,-22.841293320000005,1.0,1.0,2.0,,,,,0.0074,/data/Chapter6/Ni-slabs.hdf,1573
Ni-slabs,Ni-100-clean-4x4x4-CH3O-AA-1,CH3Ni64O,CH3O,Ni-100-clean-4x4x4,Ni64,ok,-159.20296102,-134.49610785,-24.706853170000016,1.0,3.0,1.0,,,1.0,,0.0079,/data/Chapter6/Ni-slabs.hdf,1582
Ni-slabs,Ni-100-clean-4x4x4-COOH-AA-1,CHNi64O2,COOH,Ni-100-clean-4x4x4,Ni64,ok,-156.79157287,-134.49610785,-22.295465020000023,1.0,1.0,2.0,,,,,0.008,/data/Chapter6/Ni-slabs.hdf,1585
Ni-slabs,Ni-100-clean-4x4x4-HCO-AA-1,CHNi64O,HCO,Ni-100-clean-4x4x4,Ni64,ok,-151.03153805,-134.49610785,-16.535430200000008,1.0,1.0,1.0,,,,,0.0084,/data/Chapter6/Ni-slabs.hdf,1589
Ni-slabs,Ni-100-clean-4x4x4-CO-AA-1,CNi64O,CO,Ni-100-clean-4x4x4,Ni64,ok,-148.22293512,-134.49610785,-13.726827270000001,1.0,0.0,1.0,1.0,,,,0.0054,/data/Chapter6/Ni-slabs.hdf,1592
Ni-slabs,Ni-100-clean-4x4x4-HCOOH-AA-1,CH2Ni64O2,HCOOH,Ni-100-clean-4x4x4,Ni64,ok,-160.20277351,-134.49610785,-25.70666566,1.0,2.0,2.0,,,,,0.0063,/data/Chapter6/Ni-slabs.hdf,1593
Ni-slabs,Ni-100-clean-4x4x4-HCOO-AA-1,CHNi64O2,HCOO,Ni-100-clean-4x4x4,Ni64,ok,-157.34555055,-134.49610785,-22.849442700000026,1.0,1.0,2.0,,,,,0.007,/data/Chapter6/Ni-slabs.hdf,1606
Ni-slabs,Ni-100-Zn-2x2x4-2-CH3O-AB-1,CH3Ni14OZn2,CH3O,Ni-100-Zn-2x2x4-2,Ni14Zn2,ok,-50.83467251,-26.57566428,-24.259008229999996,1.0,3.0,1.0,,,1.0,,0.0088,/data/Chapter6/Ni-slabs.hdf,1631
Ni-slabs,Ni-100-Zn-2x2x4-2-CH3O-AB-2,CH3Ni14OZn2,CH3O,Ni-100-Zn-2x2x4-2,Ni14Zn2,ok,-50.79352941,-26.57566428,-24.217865129999996,1.0,3.0,1.0,,,1.0,,0.0076,/data/Chapter6/Ni-slabs.hdf,1632
Ni-slabs,Ni-100-Zn-2x2x4-2-COOH-AB-1,CHNi14O2Zn2,COOH,Ni-100-Zn-2x2x4-2,Ni14Zn2,ok,-48.6737008,-26.57566428,-22.098036519999997,1.0,1.0,2.0,,,,,0.0087,/data/Chapter6/Ni-slabs.hdf,1634
Ni-slabs,Ni-100-Zn-2x2x4-2-HCO-AB-1,CHNi14OZn2,HCO,Ni-100-Zn-2x2x4-2,Ni14Zn2,ok,-42.76413347,-26.57566428,-16.188469189999996,1.0,1.0,1.0,,,,,0.0083,/data/Chapter6/Ni-slabs.hdf,1635
Ni-slabs,Ni-100-Zn-2x2x4-2-CO-AB-2,CNi14OZn2,CO,Ni-100-Zn-2x2x4-2,Ni14Zn2,ok,-39.65498251,-26.57566428,-13.079318230000002,1.0,0.0,1.0,1.0,,,,0.0041,/data/Chapter6/Ni-slabs.hdf,1637
Ni-slabs,Ni-100-Zn-2x2x4-2-HCOO-AB-1,CHNi14O2Zn2,HCOO,Ni-100-Zn-2x2x4-2,Ni14Zn2,ok,-49.05860577,-26.57566428,-22.482941489999998,1.0,1.0,2.0,,,,,0.0069,/data/Chapter6/Ni-slabs.hdf,1649
Ni-slabs,Ni-100-Zn-4x2x4-8-COOH-AB,CHNi28O2Zn4,COOH,Ni-100-Zn-4x2x4-8,Ni28Zn4,ok,-75.07932822,-53.15267902,-21.926649199999993,1.0,1.0,2.0,,,,,0.0074,/data/Chapter6/Ni-slabs.hdf,1651
Ni-slabs,Ni-100-Zn-4x2x4-8-HCO-AB,CHNi28OZn4,HCO,Ni-100-Zn-4x2x4-8,Ni28Zn4,ok,-69.29393638,-53.15267902,-16.141257360000004,1.0,1.0,1.0,,,,,0.0092,/data/Chapter6/Ni-slabs.hdf,1652
Ni-slabs,Ni-100-Zn-4x2x4-4-HCOO-AB,CHNi28O2Zn4,HCOO,Ni-100-Zn-4x2x4-4,Ni28Zn4,ok,-75.71852029,-53.15267902,-22.56584127,1.0,1.0,2.0,,,,,0.0076,/data/Chapter6/Ni-slabs.hdf,1654
Ni-slabs,Ni-100-Zn-4x4x4-8-CH3O-AB,CH3Ni56OZn8,CH3O,Ni-100-Zn-4x4x4-8,Ni56Zn8,ok,-130.55424527,-106.30850101,-24.245744259999995,1.0,3.0,1.0,,,1.0,,0.007,/data/Chapter6/Ni-slabs.hdf,1657
Ni-slabs,Ni-100-Zn-4x4x4-8-COOH-AB-1,CHNi56O2Zn8,COOH,Ni-100-Zn-4x4x4-8,Ni56Zn8,ok,-128.24218912,-106.30850101,-21.933688110000006,1.0,1.0,2.0,,,,,0.0088,/data/Chapter6/Ni-slabs.hdf,1658
Ni-slabs,Ni-100-Zn-4x4x4-8-CO-a,CNi56OZn8,CO,Ni-100-Zn-4x4x4-8,Ni56Zn8,ok,-119.81452982,-106.30850101,-13.506028810000004,1.0,0.0,1.0,1.0,,,,0.0086,/data/Chapter6/Ni-slabs.hdf,1659
Ni-slabs,Ni-100-Zn-4x4x4-8-HCOO-AB,CHNi56O2Zn8,HCOO,Ni-100-Zn-4x4x4-8,Ni56Zn8,ok,-128.88216773,-106.30850101,-22.57366671999999,1.0,1.0,2.0,,,,,0.0071,/data/Chapter6/Ni-slabs.hdf,1664
Ni-slabs,Ni-100-Zn-3x3x4-3-b-CO-B-3,CNi33OZn3,CO,Ni-100-Zn-3x3x4-3-b,Ni33Zn3,ok,-76.85894579,-64.8248975,-12.034048290000001,1.0,0.0,1.0,1.0,,,,0.0085,/data/Chapter6/Ni-slabs.hdf,1697
Ni-slabs,Ni-100-Zn-3x3x4-3-b-HCOO-BB-1,CHNi33O2Zn3,HCOO,Ni-100-Zn-3x3x4-3-b,Ni33Zn3,ok,-87.33709399,-64.8248975,-22.512196489999994,1.0,1.0,2.0,,,,,0.0084,/data/Chapter6/Ni-slabs.hdf,1698
Ni-slabs,Ni-100-Ga-2x2x4-2-CH3O-AB,CH3Ga2Ni14O,CH3O,Ni-100-Ga-2x2x4-2,Ga2Ni14,ok,-59.10412279,-34.79978689,-24.304335899999998,1.0,3.0,1.0,,,1.0,,0.0097,/data/Chapter6/Ni-slabs.hdf,1712
Ni-slabs,Ni-100-Ga-2x2x4-2-COOH-AB-1,CHGa2Ni14O2,COOH,Ni-100-Ga-2x2x4-2,Ga2Ni14,ok,-56.90779693,-34.79978689,-22.108010040000003,1.0,1.0,2.0,,,,,0.0048,/data/Chapter6/Ni-slabs.hdf,1716
Ni-slabs,Ni-100-Ga-2x2x4-2-HCO-AB-1,CHGa2Ni14O,HCO,Ni-100-Ga-2x2x4-2,Ga2Ni14,ok,-50.92364889,-34.79978689,-16.123862000000003,1.0,1.0,1.0,,,,,0.0098,/data/Chapter6/Ni-slabs.hdf,1717
Ni-slabs,Ni-100-Ga-2x2x4-2-CO-AB-2,CGa2Ni14O,CO,Ni-100-Ga-2x2x4-2,Ga2Ni14,ok,-47.41524481,-34.79978689,-12.615457919999997,1.0,0.0,1.0,1.0,,,,0.0084,/data/Chapter6/Ni-slabs.hdf,1719
Ni-slabs,Ni-100-Ga-2x2x4-2-HCOOH-AB,CH2Ga2Ni14O2,HCOOH,Ni-100-Ga-2x2x4-2,Ga2Ni14,ok,-60.64344707,-34.79978689,-25.84366018,1.0,2.0,2.0,,,,,0.0068,/data/Chapter6/Ni-slabs.hdf,1720
Ni-slabs,Ni-100-Ga-2x2x4-2-HCOO-AB,CHGa2Ni14O2,HCOO,Ni-100-Ga-2x2x4-2,Ga2Ni14,ok,-57.31529482,-34.79978689,-22.51550793,1.0,1.0,2.0,,,,,0.0093,/data/Chapter6/Ni-slabs.hdf,1730
Ni-slabs,Ni-100-Ga-4x2x4-8-COOH-AB,CHGa4Ni28O2,COOH,Ni-100-Ga-4x2x4-8,Ga4Ni28,ok,-91.52515756,-69.60074117,-21.92441638999999,1.0,1.0,2.0,,,,,0.0081,/data/Chapter6/Ni-slabs.hdf,1732
Ni-slabs,Ni-100-Ga-4x2x4-8-HCO-AB,CHGa4Ni28O,HCO,Ni-100-Ga-4x2x4-8,Ga4Ni28,ok,-85.68069267,-69.60074117,-16.079951499999993,1.0,1.0,1.0,,,,,0.0056,/data/Chapter6/Ni-slabs.hdf,1733
Ni-slabs,Ni-100-Ga-4x2x4-4-CO-1,CGa4Ni28O,CO,Ni-100-Ga-4x2x4-4,Ga4Ni28,ok,-83.02786819,-69.60074117,-13.42712702,1.0,0.0,1.0,1.0,,,,0.0089,/data/Chapter6/Ni-slabs.hdf,1736
Ni-slabs,Ni-100-Ga-4x2x4-4-HCOOH-AB-b,CH2Ga4Ni28O2,HCOOH,Ni-100-Ga-4x2x4-4,Ga4Ni28,ok,-95.20346584,-69.60074117,-25.60272467,1.0,2.0,2.0,,,,,0.0078,/data/Chapter6/Ni-slabs.hdf,1737
Ni-slabs,Ni-100-Ga-4x2x4-4-HCOO-AB,CHGa4Ni28O2,HCOO,Ni-100-Ga-4x2x4-4,Ga4Ni28,ok,-92.21147567,-69.60074117,-22.610734499999992,1.0,1.0,2.0,,,,,0.0087,/data/Chapter6/Ni-slabs.hdf,1738
Ni-slabs,Ni-100-Ga-4x4x4-8-COOH-AB,CHGa8Ni56O2,COOH,Ni-100-Ga-4x4x4-8,Ga8Ni56,ok,-161.14085574,-139.20388128,-21.936974460000016,1.0,1.0,2.0,,,,,0.0077,/data/Chapter6/Ni-slabs.hdf,1742
Ni-slabs,Ni-100-Ga-4x4x4-8-CO-a,CGa8Ni56O,CO,Ni-100-Ga-4x4x4-8,Ga8Ni56,ok,-152.62770366,-139.20388128,-13.423822380000018,1.0,0.0,1.0,1.0,,,,0.0058,/data/Chapter6/Ni-slabs.hdf,1743
Ni-slabs,Ni-100-Ga-4x4x4-8-CO-c,CGa8Ni56O,CO,Ni-100-Ga-4x4x4-8,Ga8Ni56,ok,-151.35011318,-139.20388128,-12.146231900000004,1.0,0.0,1.0,1.0,,,,0.0076,/data/Chapter6/Ni-slabs.hdf,1744
Ni-slabs,Ni-100-Ga-4x4x4-8-CO-b,CGa8Ni56O,CO,Ni-100-Ga-4x4x4-8,Ga8Ni56,ok,-152.62768219,-139.20388128,-13.423800910000011,1.0,0.0,1.0,1.0,,,,0.006,/data/Chapter6/Ni-slabs.hdf,1745
Ni-slabs,Ni-100-Ga-4x4x4-8-HCOO-AB,CHGa8Ni56O2,HCOO,Ni-100-Ga-4x4x4-8,Ga8Ni56,ok,-161.82651578,-139.20388128,-22.622634500000004,1.0,1.0,2.0,,,,,0.0052,/data/Chapter6/Ni-slabs.hdf,1750
Ni-slabs,Ni-100-Ga-3x3x4-1-CO-AB,CGaNi35O,CO,Ni-100-Ga-3x3x4-1,GaNi35,ok,-89.88963266,-76.18816176,-13.701470900000004,1.0,0.0,1.0,1.0,,,,0.0083,/data/Chapter6/Ni-slabs.hdf,1767
Ni-slabs,Ni-100-Ga-3x3x4-1-CO-A-1,CGaNi35O,CO,Ni-100-Ga-3x3x4-1,GaNi35,ok,-89.88976534,-76.18816176,-13.701603579999997,1.0,0.0,1.0,1.0,,,,0.0069,/data/Chapter6/Ni-slabs.hdf,1768
Ni-slabs,Ni-100-Ga-3x3x4-1-CO-A-2,CGaNi35O,CO,Ni-100-Ga-3x3x4-1,GaNi35,ok,-88.34414963,-76.18816176,-12.155987870000004,1.0,0.0,1.0,1.0,,,,0.0082,/data/Chapter6/Ni-slabs.hdf,1769
Ni-slabs,Ni-100-Ga-3x3x4-1-CO-AA,CGaNi35O,CO,Ni-100-Ga-3x3x4-1,GaNi35,ok,-89.84058547,-76.18816176,-13.652423709999994,1.0,0.0,1.0,1.0,,,,0.0071,/data/Chapter6/Ni-slabs.hdf,1770
Ni-slabs,Ni-100-Ga-3x3x4-1-HCOOH-AB-1,CH2GaNi35O2,HCOOH,Ni-100-Ga-3x3x4-1,GaNi35,ok,-101.77722721,-76.18816176,-25.589065450000007,1.0,2.0,2.0,,,,,0.0093,/data/Chapter6/Ni-slabs.hdf,1771
Ni-slabs,Ni-100-Ga-3x3x4-1-HCOOH-AB-2,CH2GaNi35O2,HCOOH,Ni-100-Ga-3x3x4-1,GaNi35,ok,-101.74670337,-76.18816176,-25.558541610000006,1.0,2.0,2.0,,,,,0.0065,/data/Chapter6/Ni-slabs.hdf,1772
Ni-slabs,Ni-100-Ga-3x3x4-1-HCOOH-AA-1,CH2GaNi35O2,HCOOH,Ni-100-Ga-3x3x4-1,GaNi35,ok,-101.82332678,-76.18816176,-25.635165020000002,1.0,2.0,2.0,,,,,0.0097,/data/Chapter6/Ni-slabs.hdf,1773
Ni-slabs,Ni-100-Ga-3x3x4-1-HCOOH-AA-2,CH2GaNi35O2,HCOOH,Ni-100-Ga-3x3x4-1,GaNi35,ok,-101.83667042,-76.18816176,-25.648508660000005,1.0,2.0,2.0,,,,,0.0077,/data/Chapter6/Ni-slabs.hdf,1774
Ni-slabs,Ni-100-Ga-3x3x4-1-HCOO-AB-1,CHGaNi35O2,HCOO,Ni-100-Ga-3x3x4-1,GaNi35,ok,-98.81948987,-76.18816176,-22.63132811,1.0,1.0,2.0,,,,,0.0081,/data/Chapter6/Ni-slabs.hdf,1779
Ni-slabs,Ni-100-Ga-3x3x4-1-HCOO-AB-2,CHGaNi35O2,HCOO,Ni-100-Ga-3x3x4-1,GaNi35,ok,-98.59113173,-76.18816176,-22.40296997,1.0,1.0,2.0,,,,,0.0028,/data/Chapter6/Ni-slabs.hdf,1780
Ni-slabs,Ni-100-Ga-3x3x4-1-HCOO-AA-1,CHGaNi35O2,HCOO,Ni-100-Ga-3x3x4-1,GaNi35,ok,-99.00064164,-76.18816176,-22.812479879999998,1.0,1.0,2.0,,,,,0.0047,/data/Chapter6/Ni-slabs.hdf,1781
Ni-slabs,Ni-100-Ga-3x3x4-1-HCOO-AA-2,CHGaNi35O2,HCOO,Ni-100-Ga-3x3x4-1,GaNi35,ok,-98.98934883,-76.18816176,-22.801187069999997,1.0,1.0,2.0,,,,,0.0094,/data/Chapter6/Ni-slabs.hdf,1782
Ni-slabs,Ni-211_hk-clean-3x3x4-COOH-AA,CHNi36O2,COOH,Ni-211_hk-clean-3x3x4,Ni36,ok,-100.82420157,-78.40456302,-22.419638550000002,1.0,1.0,2.0,,,,,0.0077,/data/Chapter6/Ni-slabs.hdf,1798
Ni-slabs,Ni-211_hk-clean-3x3x4-HCO-AA,CHNi36O,HCO,Ni-211_hk-clean-3x3x4,Ni36,ok,-95.05313716,-78.40456302,-16.648574140000008,1.0,1.0,1.0,,,,,0.009,/data/Chapter6/Ni-slabs.hdf,1799
Ni-slabs,Ni-211_hk-clean-3x3x4-CO-AA,CNi36O,CO,Ni-211_hk-clean-3x3x4,Ni36,ok,-92.08558822,-78.40456302,-13.681025200000008,1.0,0.0,1.0,1.0,,,,0.0066,/data/Chapter6/Ni-slabs.hdf,1800
Ni-slabs,Ni-211_hk-clean-3x3x4-HCOO-AA,CHNi36O2,HCOO,Ni-211_hk-clean-3x3x4,Ni36,ok,-101.53168213,-78.40456302,-23.127119109999995,1.0,1.0,2.0,,,,,0.0074,/data/Chapter6/Ni-slabs.hdf,1806
Ni-slabs,Ni-211_hk-Zn-3x3x4-1-HCO-AB,CHNi35OZn,HCO,Ni-211_hk-Zn-3x3x4-1,Ni35Zn,ok,-91.27243011,-74.83681424,-16.435615870000007,1.0,1.0,1.0,,,,,0.0062,/data/Chapter6/Ni-slabs.hdf,1811
Ni-slabs,Ni-211_hk-Zn-3x3x4-3-COOH-BB-1,CHNi33O2Zn3,COOH,Ni-211_hk-Zn-3x3x4-3,Ni33Zn3,ok,-89.06994732,-67.40435826,-21.665589060000002,1.0,1.0,2.0,,,,,0.008,/data/Chapter6/Ni-slabs.hdf,1813
Ni-slabs,Ni-211_hk-Zn-3x3x4-3-HCOO-BB-1,CHNi33O2Zn3,HCOO,Ni-211_hk-Zn-3x3x4-3,Ni33Zn3,ok,-90.28236756,-67.40435826,-22.878009300000002,1.0,1.0,2.0,,,,,0.0075,/data/Chapter6/Ni-slabs.hdf,1814
Ni-slabs,Ni-211_hk-Ga-4x3x4-2-HCOO-AB-1,CHGa2Ni46O2,HCOO,Ni-211_hk-Ga-4x3x4-2,Ga2Ni46,ok,-128.54754839,-105.6250253,-22.92252309,1.0,1.0,2.0,,,,,0.0067,/data/Chapter6/Ni-slabs.hdf,1817
Ni3Ga,Ni3Ga-111-clean-2x2x4-CO-1,CGa4Ni12O,CO,Ni3Ga-111-clean-2x2x4,Ga4Ni12,ok,-50.5303895,-36.56554159,-13.964847909999996,1.0,0.0,1.0,1.0,,,,0.006,/data/Chapter6/Ni3Ga.hdf,10
Ni3Ga,Ni3Ga-111-Ga-6x6x4-12-a-CO-1,CGa39Ni105O,CO,Ni3Ga-111-Ga-6x6x4-12-a,Ga39Ni105,ok,-342.44393596,-329.22659155,-13.217344409999953,1.0,0.0,1.0,1.0,,,,0.0082,/data/Chapter6/Ni3Ga.hdf,23
Ni5Ga3-slabs,Ni5Ga3-211-clean-4x3x4-1-CH3O-1,CH3Ga24Ni40O,CH3O,Ni5Ga3-211-clean-4x3x4-1,Ga24Ni40,ok,-169.57718734,-145.07954972,-24.497637620000006,1.0,3.0,1.0,,,1.0,,0.0082,/data/Chapter6/Ni5Ga3-slabs.hdf,1
Ni5Ga3-slabs,Ni5Ga3-211-clean-4x3x4-1-CH3O-3,CH3Ga24Ni40O,CH3O,Ni5Ga3-211-clean-4x3x4-1,Ga24Ni40,ok,-169.51082697,-145.07954972,-24.431277250000022,1.0,3.0,1.0,,,1.0,,0.0088,/data/Chapter6/Ni5Ga3-slabs.hdf,2
Ni5Ga3-slabs,Ni5Ga3-211-clean-4x3x4-1-CH3O-2,CH3Ga24Ni40O,CH3O,Ni5Ga3-211-clean-4x3x4-1,Ga24Ni40,ok,-169.62120602,-145.07954972,-24.5416563,1.0,3.0,1.0,,,1.0,,0.0065,/data/Chapter6/Ni5Ga3-slabs.hdf,3
Ni5Ga3-slabs,Ni5Ga3-211-clean-4x3x4-1-CO-1,CGa24Ni40O,CO,Ni5Ga3-211-clean-4x3x4-1,Ga24Ni40,ok,-158.33522758,-145.07954972,-13.25567786000002,1.0,0.0,1.0,1.0,,,,0.007,/data/Chapter6/Ni5Ga3-slabs.hdf,4
Ni5Ga3-slabs,Ni5Ga3-211-clean-4x3x4-1-CO-2,C2Ga24Ni40O2,CO,Ni5Ga3-211-clean-4x3x4-1,Ga24Ni40,ok,-171.61460621,-145.07954972,-26.535056490000017,2.0,0.0,2.0,2.0,,,,0.0067,/data/Chapter6/Ni5Ga3-slabs.hdf,5
Ni5Ga3-slabs,Ni5Ga3-221-clean-2x4x4-CH3O-top-A,CH3Ga12Ni20O,CH3O,Ni5Ga3-221-clean-2x4x4,Ga12Ni20,ok,-96.93745349,-72.50025308,-24.437200410000003,1.0,3.0,1.0,,,1.0,,0.007,/data/Chapter6/Ni5Ga3-slabs.hdf,7
Ni5Ga3-slabs,Ni5Ga3-221-clean-2x4x4-CH3O-top-B,CH3Ga12Ni20O,CH3O,Ni5Ga3-221-clean-2x4x4,Ga12Ni20,ok,-96.93647691,-72.50025308,-24.436223830000003,1.0,3.0,1.0,,,1.0,,0.0091,/data/Chapter6/Ni5Ga3-slabs.hdf,8
Ni5Ga3-slabs,Ni5Ga3-221-clean-2x4x4-CH3O-bridge-1,CH3Ga12Ni20O,CH3O,Ni5Ga3-221-clean-2x4x4,Ga12Ni20,ok,-96.99881829,-72.50025308,-24.49856521000001,1.0,3.0,1.0,,,1.0,,0.0064,/data/Chapter6/Ni5Ga3-slabs.hdf,9
Ni5Ga3-slabs,Ni5Ga3-221-clean-2x4x4-CH3O-bridge-3,CH3Ga12Ni20O,CH3O,Ni5Ga3-221-clean-2x4x4,Ga12Ni20,ok,-96.81950223,-72.50025308,-24.319249150000005,1.0,3.0,1.0,,,1.0,,0.009,/data/Chapter6/Ni5Ga3-slabs.hdf,10
Ni5Ga3-slabs,Ni5Ga3-221-clean-2x4x4-CH3O-bridge-2,CH3Ga12Ni20O,CH3O,Ni5Ga3-221-clean-2x4x4,Ga12Ni20,ok,-97.199546,-72.50025308,-24.699292920000005,1.0,3.0,1.0,,,1.0,,0.0086,/data/Chapter6/Ni5Ga3-slabs.hdf,11
Ni5Ga3-slabs,Ni5Ga3-221-clean-2x4x4-CH3O-hcp-1,CH3Ga12Ni20O,CH3O,Ni5Ga3-221-clean-2x4x4,Ga12Ni20,ok,-96.92275909,-72.50025308,-24.422506010000006,1.0,3.0,1.0,,,1.0,,0.0063,/data/Chapter6/Ni5Ga3-slabs.hdf,12
Ni5Ga3-slabs,Ni5Ga3-221-clean-2x4x4-CH3O-hcp-2,CH3Ga12Ni20O,CH3O,Ni5Ga3-221-clean-2x4x4,Ga12Ni20,ok,-96.50246012,-72.50025308,-24.002207040000002,1.0,3.0,1.0,,,1.0,,0.0082,/data/Chapter6/Ni5Ga3-slabs.hdf,13
Ni5Ga3-slabs,Ni5Ga3-221-clean-2x4x4-CO-top-1,C2Ga12Ni20O2,CO,Ni5Ga3-221-clean-2x4x4,Ga12Ni20,ok,-99.42207395,-72.50025308,-26.921820870000005,2.0,0.0,2.0,2.0,,,,0.007,/data/Chapter6/Ni5Ga3-slabs.hdf,14
Ni5Ga3-slabs,Ni5Ga3-221-clean-2x4x4-CO-top-4,CGa12Ni20O,CO,Ni5Ga3-221-clean-2x4x4,Ga12Ni20,ok,-85.94293233,-72.50025308,-13.442679250000012,1.0,0.0,1.0,1.0,,,,0.009,/data/Chapter6/Ni5Ga3-slabs.hdf,15
Ni5Ga3-slabs,Ni5Ga3-221-clean-2x4x4-CO-top-3,C2Ga12Ni20O2,CO,Ni5Ga3-221-clean-2x4x4,Ga12Ni20,ok,-99.69667746,-72.50025308,-27.19642438000001,2.0,0.0,2.0,2.0,,,,0.0071,/data/Chapter6/Ni5Ga3-slabs.hdf,16
Ni5Ga3-slabs,Ni5Ga3-221-clean-2x4x4-CO-top-2,C2Ga12Ni20O2,CO,Ni5Ga3-221-clean-2x4x4,Ga12Ni20,ok,-99.92272417,-72.50025308,-27.422471090000002,2.0,0.0,2.0,2.0,,,,0.0099,/data/Chapter6/Ni5Ga3-slabs.hdf,17
Ni5Ga3-slabs,Ni5Ga3-221-clean-2x4x4-CO-hcp_bridge,C3Ga12Ni20O3,CO,Ni5Ga3-221-clean-2x4x4,Ga12Ni20,ok,-113.13470854,-72.50025308,-40.63445546000001,3.0,0.0,3.0,3.0,,,,0.0053,/data/Chapter6/Ni5Ga3-slabs.hdf,18
Ni5Ga3-slabs,Ni5Ga3-221-clean-2x4x4-CO-bridge,CGa12Ni20O,CO,Ni5Ga3-221-clean-2x4x4,Ga12Ni20,ok,-86.2395778,-72.50025308,-13.739324720000013,1.0,0.0,1.0,1.0,,,,0.0042,/data/Chapter6/Ni5Ga3-slabs.hdf,19
Ni5Ga3-slabs,Ni5Ga3-221-clean-2x4x4-CO-hcp,CGa12Ni20O,CO,Ni5Ga3-221-clean-2x4x4,Ga12Ni20,ok,-86.53208593,-72.50025308,-14.03183285,1.0,0.0,1.0,1.0,,,,0.0082,/data/Chapter6/Ni5Ga3-slabs.hdf,20
Ni5Ga3-slabs,Ni5Ga3-221-clean-2x4x4-CO-hcp-1,CGa12Ni20O,CO,Ni5Ga3-221-clean-2x4x4,Ga12Ni20,ok,-86.53208593,-72.50025308,-14.03183285,1.0,0.0,1.0,1.0,,,,0.0082,/data/Chapter6/Ni5Ga3-slabs.hdf,21
Ni5Ga3-slabs,Ni5Ga3-221-clean-2x4x4-CO-hcp-2,C2Ga12Ni20O2,CO,Ni5Ga3-221-clean-2x4x4,Ga12Ni20,ok,-99.92334901,-72.50025308,-27.423095930000002,2.0,0.0,2.0,2.0,,,,0.0042,/data/Chapter6/Ni5Ga3-slabs.hdf,22
NiO-slabs,NiO-110-0-CO-1,CNi24O25,CO,NiO-110-0,Ni24O24,ok,-175.48632952,-161.68255274,-13.803776779999993,1.0,0.0,1.0,1.0,,,,0.0064,/data/Chapter6/NiO-slabs.hdf,4
NiO-slabs,NiO-110-0-CO-4,C4Ni24O28,CO,NiO-110-0,Ni24O24,ok,-213.50611912,-161.68255274,-51.82356637999999,4.0,0.0,4.0,4.0,,,,0.0073,/data/Chapter6/NiO-slabs.hdf,5
NiO-slabs,NiO-110-0-CO-3,C3Ni24O27,CO,NiO-110-0,Ni24O24,ok,-200.55244434,-161.68255274,-38.86989159999999,3.0,0.0,3.0,3.0,,,,0.0088,/data/Chapter6/NiO-slabs.hdf,6
NiO-slabs,NiO-110-0-CO-2-a,C2Ni24O26,CO,NiO-110-0,Ni24O24,ok,-187.3846659,-161.68255274,-25.702113159999982,2.0,0.0,2.0,2.0,,,,0.0086,/data/Chapter6/NiO-slabs.hdf,7
NiO-slabs,NiO-110-0-CO-2-b,C2Ni24O26,CO,NiO-110-0,Ni24O24,ok,-186.90675443,-161.68255274,-25.22420169,2.0,0.0,2.0,2.0,,,,0.0094,/data/Chapter6/NiO-slabs.hdf,8
NiO-slabs,NiO-110-DFTU-CH3O-1,0,CH3O,NiO-110-DFTU,Ni24O24,ok,0.0,-161.68211123,161.68211123,0.0,0.0,-24.0,,,0.0,,0.0,/data/Chapter6/NiO-slabs.hdf,10
NiO-slabs,NiO-110-DFTU-CO-1,CNi24O25,CO,NiO-110-DFTU,Ni24O24,ok,-137.1047534,-161.68211123,24.57735783000001,1.0,0.0,1.0,1.0,,,,0.0075,/data/Chapter6/NiO-slabs.hdf,11
NiO-slabs,NiO-100-Ga-2x2x4-1-CO-1,CGaNi31O33,CO,NiO-100-Ga-2x2x4-1,GaNi31O32,ok,-235.00518478,-222.35129638,-12.6538884,1.0,0.0,1.0,1.0,,,,0.0094,/data/Chapter6/NiO-slabs.hdf,13
NiO-slabs,NiO-100-Ga-2x2x4-4-CO-1,0,CO,,,missing,0.0,,,0.0,0.0,0.0,0.0,,,,0.0,/data/Chapter6/NiO-slabs.hdf,15
NiO-slabs,NiO-100-clean-2x2x4-AF-1-CH3O-bridge,0,CH3O,NiO-100-clean-2x2x4-AF-1,Ni32O32,ok,0.0,-221.95566513,221.95566513,0.0,0.0,-32.0,,,0.0,,0.0,/data/Chapter6/NiO-slabs.hdf,19
NiO-slabs,NiO-100-clean-2x2x4-AF-1-CH3O-1,CH3Ni32O33,CH3O,NiO-100-clean-2x2x4-AF-1,Ni32O32,ok,-244.19759986,-221.95566513,-22.241934729999997,1.0,3.0,1.0,,,1.0,,0.0082,/data/Chapter6/NiO-slabs.hdf,20
NiO-slabs,NiO-100-clean-2x2x4-AF-1-CH3O-bridgeAF-AF_F,CH3Ni32O33,CH3O,NiO-100-clean-2x2x4-AF-1,Ni32O32,ok,-243.86389913,-221.95566513,-21.908233999999993,1.0,3.0,1.0,,,1.0,,0.0079,/data/Chapter6/NiO-slabs.hdf,21
NiO-slabs,NiO-100-clean-2x2x4-AF-1-CH3O-bridgeAF-F_F,CH3Ni32O33,CH3O,NiO-100-clean-2x2x4-AF-1,Ni32O32,ok,-245.41255526,-221.95566513,-23.456890130000005,1.0,3.0,1.0,,,1.0,,0.0053,/data/Chapter6/NiO-slabs.hdf,22
NiO-slabs,NiO-100-clean-2x2x4-AF-1-CO-bridge-AF_F,CNi32O33,CO,NiO-100-clean-2x2x4-AF-1,Ni32O32,ok,-234.83318412,-221.95566513,-12.877518989999999,1.0,0.0,1.0,1.0,,,,0.0045,/data/Chapter6/NiO-slabs.hdf,23
NiO-slabs,NiO-100-clean-2x2x4-AF-1-CO-bridge-F_F,CNi32O33,CO,NiO-100-clean-2x2x4-AF-1,Ni32O32,ok,-234.83319835,-221.95566513,-12.877533220000004,1.0,0.0,1.0,1.0,,,,0.008,/data/Chapter6/NiO-slabs.hdf,24
NiO-slabs,NiO-100-clean-2x2x4-AF-1-CO-1,CNi32O33,CO,NiO-100-clean-2x2x4-AF-1,Ni32O32,ok,-234.83380538,-221.95566513,-12.878140250000001,1.0,0.0,1.0,1.0,,,,0.0086,/data/Chapter6/NiO-slabs.hdf,25
NiO-slabs,NiO-100-clean-2x2x4-AF-1-CO-8,0,CO,NiO-100-clean-2x2x4-AF-1,Ni32O32,ok,0.0,-221.95566513,221.95566513,0.0,0.0,-32.0,0.0,,,,0.0,/data/Chapter6/NiO-slabs.hdf,26
NiO-slabs,NiO-100-clean-2x2x4-AF-1-CO-4,C4Ni32O36,CO,NiO-100-clean-2x2x4-AF-1,Ni32O32,ok,-271.82342367,-221.95566513,-49.86775854000001,4.0,0.0,4.0,4.0,,,,0.006,/data/Chapter6/NiO-slabs.hdf,27
NiO-slabs,NiO-100-clean-2x2x4-AF-1-CO-3,C3Ni32O35,CO,NiO-100-clean-2x2x4-AF-1,Ni32O32,ok,-258.51349471,-221.95566513,-36.557829579999975,3.0,0.0,3.0,3.0,,,,0.0067,/data/Chapter6/NiO-slabs.hdf,28
NiO-slabs,NiO-100-clean-2x2x4-AF-1-CO-2,C2Ni32O34,CO,NiO-100-clean-2x2x4-AF-1,Ni32O32,ok,-247.71908414,-221.95566513,-25.763419010000007,2.0,0.0,2.0,2.0,,,,0.0095,/data/Chapter6/NiO-slabs.hdf,29
NiO-slabs,NiO-100-clean-1x1x4-CO-1,CNi8O9,CO,NiO-100-clean-1x1x4,Ni8O8,ok,-67.19695599,-54.02095192,-13.176004070000005,1.0,0.0,1.0,1.0,,,,0.0049,/data/Chapter6/NiO-slabs.hdf,34
NiO-slabs,NiO-100-DFTU-Ga-2x2x4-CO-1,CGaNi31O33,CO,NiO-100-DFTU-Ga-2x2x4,GaNi31O32,ok,-184.48664791,-178.48823741,-5.998410499999977,1.0,0.0,1.0,1.0,,,,0.0058,/data/Chapter6/NiO-slabs.hdf,36
NiO-slabs,NiO-100-DFTU-Ga-2x2x4-CO-1-F,CGaNi31O33,CO,NiO-100-DFTU-Ga-2x2x4,GaNi31O32,ok,-188.78781689,-178.48823741,-10.299579479999977,1.0,0.0,1.0,1.0,,,,0.0077,/data/Chapter6/NiO-slabs.hdf,37
NiO-slabs,NiO-100-DFTU-clean-2x2x4-AF-1-CO-1,CNi32O33,CO,NiO-100-DFTU-clean-2x2x4-AF-1,Ni32O32,ok,-188.89747489,-176.64629591,-12.25117898000002,1.0,0.0,1.0,1.0,,,,0.0084,/data/Chapter6/NiO-slabs.hdf,40
NiO-slabs,NiO-100-DFTU-clean-2x2x4-AF-1-CO-4,C4Ni32O36,CO,NiO-100-DFTU-clean-2x2x4-AF-1,Ni32O32,ok,-226.06788875,-176.64629591,-49.42159284000002,4.0,0.0,4.0,4.0,,,,0.0057,/data/Chapter6/NiO-slabs.hdf,41
NiO-slabs,NiO-100-DFTU-clean-2x2x4-AF-1-CO-2,C2Ni32O34,CO,NiO-100-DFTU-clean-2x2x4-AF-1,Ni32O32,ok,-201.38379957,-176.64629591,-24.737503660000016,2.0,0.0,2.0,2.0,,,,0.0074,/data/Chapter6/NiO-slabs.hdf,42
NiO-slabs,NiO-100-DFTU-clean-2x2x4-AF-1-OH_CO-1,0,CO,,,missing,0.0,,,0.0,0.0,0.0,0.0,,,,0.0,/data/Chapter6/NiO-slabs.hdf,43
NiO-slabs,NiO-100-DFTU-clean-2x2x4-AF-1-HCOO_CO-1,C4H2Ni32O38,HCOO,NiO-100-DFTU-clean-2x2x4-AF-1,Ni32O32,ok,-244.53230489,-176.64629591,-67.88600898000001,4.0,2.0,6.0,,,,,0.0084,/data/Chapter6/NiO-slabs.hdf,44
NiO-slabs,NiO-100-DFTU-clean-1x1x4-CO-1,CNi10O11,CO,NiO-100-DFTU-clean-1x1x4,Ni10O10,ok,-65.73811049,-54.03670118,-11.701409309999995,1.0,0.0,1.0,1.0,,,,0.0066,/data/Chapter6/NiO-slabs.hdf,46
NiO-slabs,NiO-100-DFTU-clean-1x1x4-OH_CO-1,CHNi10O12,CO,,,missing,-90.02822111,,,1.0,1.0,12.0,1.0,,,,0.0072,/data/Chapter6/NiO-slabs.hdf,47
NiO-slabs,NiO-100-DFTU-clean-1x1x4-CH3O_CO-1,0,CH3O,NiO-100-DFTU-clean-1x1x4,Ni10O10,ok,0.0,-54.03670118,54.03670118,0.0,0.0,-10.0,,,0.0,,0.0,/data/Chapter6/NiO-slabs.hdf,48
