dataset_label,Name,Formula,E,surface_key,surface_ref_status,source_hdf,source_row
CaO-slabs,CaO-100-Ni-2x2x4-1,Ca31NiO32,-289.58852741,CaO-100-Ni-2x2x4-1,self,/data/Chapter6/CaO-slabs.hdf,0
CaO-slabs,CaO-100-Ni-2x2x4-4,0,0.0,CaO-100-Ni-2x2x4-4,missing,/data/Chapter6/CaO-slabs.hdf,4
CaO-slabs,CaO-100-clean-2x2x4,Ca32O32,-292.51203182,CaO-100-clean-2x2x4,self,/data/Chapter6/CaO-slabs.hdf,5
CaO-slabs,CaO-100-clean-4x4x4,Ca128O128,-1169.94145487,CaO-100-clean-4x4x4,self,/data/Chapter6/CaO-slabs.hdf,13
CaO-slabs,CaO-100-clean-4x4x4-Ni4O4-1,0,0.0,CaO-100-clean-4x4x4-Ni4O4-1,missing,/data/Chapter6/CaO-slabs.hdf,14
Ga2O3-slabs,Ga2O3-211-0,0,0.0,Ga2O3-211-0,missing,/data/Chapter6/Ga2O3-slabs.hdf,0
Ga2O3-slabs,Ga2O3-211-1,Ga32O48,-331.90450659,Ga2O3-211-1,self,/data/Chapter6/Ga2O3-slabs.hdf,1
Ga2O3-slabs,Ga2O3-001-0,Ga8O12,-84.6401771,Ga2O3-001-0,self,/data/Chapter6/Ga2O3-slabs.hdf,2
Ga2O3-slabs,Ga2O3-001-1,Ga8O12,-81.16332615,Ga2O3-001-1,self,/data/Chapter6/Ga2O3-slabs.hdf,3
Ga2O3-slabs,Ga2O3-001-4,Ga8O12,-81.6924397,Ga2O3-001-4,self,/data/Chapter6/Ga2O3-slabs.hdf,4
Ga2O3-slabs,Ga2O3-001-3,Ga8O12,-82.48934418,Ga2O3-001-3,self,/data/Chapter6/Ga2O3-slabs.hdf,5
Ga2O3-slabs,Ga2O3-001-2,Ga8O12,-81.27045686,Ga2O3-001-2,self,/data/Chapter6/Ga2O3-slabs.hdf,6
Ga2O3-slabs,Ga2O3-001-5-2x2x4,Ga32O48,-343.44016691,Ga2O3-001-5-2x2x4,self,/data/Chapter6/Ga2O3-slabs.hdf,7
Ga2O3-slabs,Ga2O3-001-5-2x1x4,Ga16O24,-171.71908232,Ga2O3-001-5-2x1x4,self,/data/Chapter6/Ga2O3-slabs.hdf,8
Ga2O3-slabs,Ga2O3-001-5-2x1x4-H-1,0,0.0,Ga2O3-001-5-2x1x4-H-1,missing,/data/Chapter6/Ga2O3-slabs.hdf,13
Ga2O3-slabs,Ga2O3-001-5-1x1x4,Ga8O12,-85.66009524,Ga2O3-001-5-1x1x4,self,/data/Chapter6/Ga2O3-slabs.hdf,14
Ga2O3-slabs,Ga2O3-111-0,Ga16O24,-163.73423327,Ga2O3-111-0,self,/data/Chapter6/Ga2O3-slabs.hdf,15
Ga2O3-slabs,Ga2O3-111-0-2x2x4,0,0.0,Ga2O3-111-0-2x2x4,missing,/data/Chapter6/Ga2O3-slabs.hdf,16
Ga2O3-slabs,Ga2O3-111-1,Ga16O24,-162.65979069,Ga2O3-111-1,self,/data/Chapter6/Ga2O3-slabs.hdf,19
Ga2O3-slabs,Ga2O3-111-3-2x2x4,Ga64O96,-688.07828955,Ga2O3-111-3-2x2x4,self,/data/Chapter6/Ga2O3-slabs.hdf,20
Ga2O3-slabs,Ga2O3-111-3-2x2x4-V1-1,Ga64O95,-680.42227524,Ga2O3-111-3-2x2x4-V1-1,self,/data/Chapter6/Ga2O3-slabs.hdf,21
Ga2O3-slabs,Ga2O3-111-3-2x2x4-V1-4,Ga64O95,-681.54856722,Ga2O3-111-3-2x2x4-V1-4,self,/data/Chapter6/Ga2O3-slabs.hdf,22
Ga2O3-slabs,Ga2O3-111-3-2x2x4-V1-3,Ga64O95,-681.54827649,Ga2O3-111-3-2x2x4-V1-3,self,/data/Chapter6/Ga2O3-slabs.hdf,23
Ga2O3-slabs,Ga2O3-111-3-2x2x4-V1-2,Ga64O95,-681.66075576,Ga2O3-111-3-2x2x4-V1-2,self,/data/Chapter6/Ga2O3-slabs.hdf,24
Ga2O3-slabs,Ga2O3-111-3-2x2x4-V2-6,Ga64O94,-672.62484842,Ga2O3-111-3-2x2x4-V2-6,self,/data/Chapter6/Ga2O3-slabs.hdf,25
Ga2O3-slabs,Ga2O3-111-3-2x2x4-V2-1,Ga64O94,-674.45305308,Ga2O3-111-3-2x2x4-V2-1,self,/data/Chapter6/Ga2O3-slabs.hdf,26
Ga2O3-slabs,Ga2O3-111-3-2x2x4-V2-4,Ga64O94,-675.14263138,Ga2O3-111-3-2x2x4-V2-4,self,/data/Chapter6/Ga2O3-slabs.hdf,27
Ga2O3-slabs,Ga2O3-111-3-2x2x4-V2-3,Ga64O94,-674.74039386,Ga2O3-111-3-2x2x4-V2-3,self,/data/Chapter6/Ga2O3-slabs.hdf,28
Ga2O3-slabs,Ga2O3-111-3-2x2x4-V2-2,Ga64O94,-675.16573658,Ga2O3-111-3-2x2x4-V2-2,self,/data/Chapter6/Ga2O3-slabs.hdf,29
Ga2O3-slabs,Ga2O3-111-3-2x2x4-V4-1,0,0.0,Ga2O3-111-3-2x2x4-V4-1,missing,/data/Chapter6/Ga2O3-slabs.hdf,30
Ga2O3-slabs,Ga2O3-111-3-2x2x4-V4-3,Ga64O92,-662.56106396,Ga2O3-111-3-2x2x4-V4-3,self,/data/Chapter6/Ga2O3-slabs.hdf,31
Ga2O3-slabs,Ga2O3-111-3-2x2x4-V4-2,Ga64O92,-662.6726718,Ga2O3-111-3-2x2x4-V4-2,self,/data/Chapter6/Ga2O3-slabs.hdf,32
Ga2O3-slabs,Ga2O3-111-3-1x1x4,Ga16O24,-172.01322771,Ga2O3-111-3-1x1x4,self,/data/Chapter6/Ga2O3-slabs.hdf,33
Ga2O3-slabs,Ga2O3-111-3-1x1x4-V1-1,Ga16O23,-165.637134,Ga2O3-111-3-1x1x4-V1-1,self,/data/Chapter6/Ga2O3-slabs.hdf,34
Ga2O3-slabs,Ga2O3-111-3-1x1x4-V1-4,Ga16O23,-165.49979233,Ga2O3-111-3-1x1x4-V1-4,self,/data/Chapter6/Ga2O3-slabs.hdf,35
Ga2O3-slabs,Ga2O3-111-3-1x1x4-V1-3,Ga16O23,-164.29738181,Ga2O3-111-3-1x1x4-V1-3,self,/data/Chapter6/Ga2O3-slabs.hdf,36
Ga2O3-slabs,Ga2O3-111-3-1x1x4-V1-2,Ga16O23,-165.74066478,Ga2O3-111-3-1x1x4-V1-2,self,/data/Chapter6/Ga2O3-slabs.hdf,37
Ga2O3-slabs,Ga2O3-111-2,Ga16O24,-156.87038705,Ga2O3-111-2,self,/data/Chapter6/Ga2O3-slabs.hdf,38
Ga2O3-slabs,Ga2O3-121-0,0,0.0,Ga2O3-121-0,missing,/data/Chapter6/Ga2O3-slabs.hdf,39
Ga2O3-slabs,Ga2O3-121-1,0,0.0,Ga2O3-121-1,missing,/data/Chapter6/Ga2O3-slabs.hdf,40
Ga2O3-slabs,Ga2O3-110-0,Ga12O18,-125.54940462,Ga2O3-110-0,self,/data/Chapter6/Ga2O3-slabs.hdf,41
Ga2O3-slabs,Ga2O3-110-0-Ni,Ga11NiO18,-121.69536435,Ga2O3-110-0-Ni,self,/data/Chapter6/Ga2O3-slabs.hdf,43
Ga2O3-slabs,Ga2O3-110-1,Ga12O18,-120.30950736,Ga2O3-110-1,self,/data/Chapter6/Ga2O3-slabs.hdf,46
Ga2O3-slabs,Ga2O3-110-3,Ga12O18,-122.5377538,Ga2O3-110-3,self,/data/Chapter6/Ga2O3-slabs.hdf,47
Ga2O3-slabs,Ga2O3-110-2,Ga12O18,-123.36176796,Ga2O3-110-2,self,/data/Chapter6/Ga2O3-slabs.hdf,48
Ga2O3-slabs,Ga2O3-100-0,Ga8O12,-82.87353932,Ga2O3-100-0,self,/data/Chapter6/Ga2O3-slabs.hdf,49
Ga2O3-slabs,Ga2O3-100-1,Ga8O12,-83.37298057,Ga2O3-100-1,self,/data/Chapter6/Ga2O3-slabs.hdf,50
Ga2O3-slabs,Ga2O3-100-3-2x2x4,Ga32O48,-353.75991575,Ga2O3-100-3-2x2x4,self,/data/Chapter6/Ga2O3-slabs.hdf,51
Ga2O3-slabs,Ga2O3-100-3-2x2x4-Ni-1,Ga31NiO48,-351.47083507,Ga2O3-100-3-2x2x4-Ni-1,self,/data/Chapter6/Ga2O3-slabs.hdf,54
Ga2O3-slabs,Ga2O3-100-3-1x1x4,Ga8O12,-88.18724366,Ga2O3-100-3-1x1x4,self,/data/Chapter6/Ga2O3-slabs.hdf,60
Ga2O3-slabs,Ga2O3-100-3-1x1x4-V1-1,Ga8O11,-80.95881973,Ga2O3-100-3-1x1x4-V1-1,self,/data/Chapter6/Ga2O3-slabs.hdf,61
Ga2O3-slabs,Ga2O3-100-3-1x1x4-V1-2,Ga8O11,-80.95402302,Ga2O3-100-3-1x1x4-V1-2,self,/data/Chapter6/Ga2O3-slabs.hdf,62
Ga2O3-slabs,Ga2O3-100-3-1x1x4-V2-1,Ga8O10,-74.51844918,Ga2O3-100-3-1x1x4-V2-1,self,/data/Chapter6/Ga2O3-slabs.hdf,63
Ga2O3-slabs,Ga2O3-100-2,Ga8O12,-81.37110817,Ga2O3-100-2,self,/data/Chapter6/Ga2O3-slabs.hdf,64
Ga2O3-slabs,Ga2O3-101-0,Ga16O24,-162.3726464,Ga2O3-101-0,self,/data/Chapter6/Ga2O3-slabs.hdf,65
Ga2O3-slabs,Ga2O3-101-1,Ga16O24,-156.70088653,Ga2O3-101-1,self,/data/Chapter6/Ga2O3-slabs.hdf,66
Ga2O3-slabs,Ga2O3-101-2,Ga16O24,-165.94228084,Ga2O3-101-2,self,/data/Chapter6/Ga2O3-slabs.hdf,67
Ga2O3-slabs,Ga2O3-011-0,Ga24O36,-244.47845923,Ga2O3-011-0,self,/data/Chapter6/Ga2O3-slabs.hdf,68
Ga2O3-slabs,Ga2O3-011-1,0,0.0,Ga2O3-011-1,missing,/data/Chapter6/Ga2O3-slabs.hdf,69
Ga2O3-slabs,Ga2O3-011-3,0,0.0,Ga2O3-011-3,missing,/data/Chapter6/Ga2O3-slabs.hdf,70
Ga2O3-slabs,Ga2O3-011-2,Ga24O36,-245.25762698,Ga2O3-011-2,self,/data/Chapter6/Ga2O3-slabs.hdf,71
Ga2O3-slabs,Ga2O3-010-0,Ga24O36,-253.3783047,Ga2O3-010-0,self,/data/Chapter6/Ga2O3-slabs.hdf,72
Ga2O3-slabs,Ga2O3-201-0,Ga24O36,-255.5713365,Ga2O3-201-0,self,/data/Chapter6/Ga2O3-slabs.hdf,74
Ga2O3-slabs,Ga2O3-201-1,Ga24O36,-247.48833752,Ga2O3-201-1,self,/data/Chapter6/Ga2O3-slabs.hdf,75
Ga2O3-slabs,Ga2O3-201-4,Ga24O36,-250.99960771,Ga2O3-201-4,self,/data/Chapter6/Ga2O3-slabs.hdf,76
Ga2O3-slabs,Ga2O3-201-3,Ga24O36,-252.15283205,Ga2O3-201-3,self,/data/Chapter6/Ga2O3-slabs.hdf,77
Ga2O3-slabs,Ga2O3-201-2,Ga24O36,-249.77958824,Ga2O3-201-2,self,/data/Chapter6/Ga2O3-slabs.hdf,78
Ga2O3-slabs,Ga2O3-201-5,Ga24O36,-250.59024698,Ga2O3-201-5,self,/data/Chapter6/Ga2O3-slabs.hdf,79
Ga2O3-slabs,Ga2O3-112-0,Ga24O36,-254.44817646,Ga2O3-112-0,self,/data/Chapter6/Ga2O3-slabs.hdf,80
Ga2O3-slabs,Ga2O3-112-1,Ga24O36,-252.75275783,Ga2O3-112-1,self,/data/Chapter6/Ga2O3-slabs.hdf,81
Ga2O3-slabs,Ga2O3-112-2,Ga24O36,-255.79196116,Ga2O3-112-2,self,/data/Chapter6/Ga2O3-slabs.hdf,82
Ni-slabs,Ni-111_hk-clean-2x2x4,Ni16,-35.28030022,Ni-111_hk-clean-2x2x4,self,/data/Chapter6/Ni-slabs.hdf,0
Ni-slabs,Ni-111_hk-clean-o_2x2x4,Ni16,-35.27811449,Ni-111_hk-clean-o_2x2x4,self,/data/Chapter6/Ni-slabs.hdf,1
Ni-slabs,Ni-111_hk-clean-4x4x4,Ni64,-141.12728521,Ni-111_hk-clean-4x4x4,self,/data/Chapter6/Ni-slabs.hdf,2
Ni-slabs,Ni-111_hk-clean-3x3x4,Ni36,-79.38176009,Ni-111_hk-clean-3x3x4,self,/data/Chapter6/Ni-slabs.hdf,3
Ni-slabs,Ni-111_hk-Zn-2x2x4-1,Ni15Zn,-31.56324368,Ni-111_hk-Zn-2x2x4-1,self,/data/Chapter6/Ni-slabs.hdf,4
Ni-slabs,Ni-111_hk-Zn-2x2x4-3,Ni13Zn3,-23.48341201,Ni-111_hk-Zn-2x2x4-3,self,/data/Chapter6/Ni-slabs.hdf,5
Ni-slabs,Ni-111_hk-Zn-o_2x2x4-1,Ni15Zn,-31.58339121,Ni-111_hk-Zn-o_2x2x4-1,self,/data/Chapter6/Ni-slabs.hdf,6
Ni-slabs,Ni-111_hk-Zn-o_2x2x4-3,Ni13Zn3,-23.49274464,Ni-111_hk-Zn-o_2x2x4-3,self,/data/Chapter6/Ni-slabs.hdf,7
Ni-slabs,Ni-111_hk-Zn-4x4x4-16-a,Ni48Zn16,-75.25585357,Ni-111_hk-Zn-4x4x4-16-a,self,/data/Chapter6/Ni-slabs.hdf,8
Ni-slabs,Ni-111_hk-Zn-4x4x4-1,Ni63Zn,-137.42730097,Ni-111_hk-Zn-4x4x4-1,self,/data/Chapter6/Ni-slabs.hdf,9
Ni-slabs,Ni-111_hk-Zn-4x4x4-8,Ni56Zn8,-110.58770013,Ni-111_hk-Zn-4x4x4-8,self,/data/Chapter6/Ni-slabs.hdf,10
Ni-slabs,Ni-111_hk-Zn-4x4x4-4-a,Ni60Zn4,-126.32847043,Ni-111_hk-Zn-4x4x4-4-a,self,/data/Chapter6/Ni-slabs.hdf,11
Ni-slabs,Ni-111_hk-Zn-4x4x4-2,Ni62Zn2,-133.72123588,Ni-111_hk-Zn-4x4x4-2,self,/data/Chapter6/Ni-slabs.hdf,12
Ni-slabs,Ni-111_hk-Zn-3x3x4-6,Ni30Zn6,-56.25440964,Ni-111_hk-Zn-3x3x4-6,self,/data/Chapter6/Ni-slabs.hdf,13
Ni-slabs,Ni-111_hk-Zn-3x3x4-1,Ni35Zn,-75.64760806,Ni-111_hk-Zn-3x3x4-1,self,/data/Chapter6/Ni-slabs.hdf,14
Ni-slabs,Ni-111_hk-Zn-3x3x4-3-a,Ni33Zn3,-68.20171165,Ni-111_hk-Zn-3x3x4-3-a,self,/data/Chapter6/Ni-slabs.hdf,15
Ni-slabs,Ni-111_hk-Zn-3x3x4-2,Ni34Zn2,-71.92361966,Ni-111_hk-Zn-3x3x4-2,self,/data/Chapter6/Ni-slabs.hdf,16
Ni-slabs,Ni-211-Zn2-3x3x4-1,Ni34Zn2,-71.20582226,Ni-211-Zn2-3x3x4-1,self,/data/Chapter6/Ni-slabs.hdf,17
Ni-slabs,Ni-211-Zn2-3x3x4-4,Ni34Zn2,-70.63438087,Ni-211-Zn2-3x3x4-4,self,/data/Chapter6/Ni-slabs.hdf,18
Ni-slabs,Ni-211-Zn2-3x3x4-3,Ni34Zn2,-70.86549707,Ni-211-Zn2-3x3x4-3,self,/data/Chapter6/Ni-slabs.hdf,19
Ni-slabs,Ni-211-Zn2-3x3x4-2,Ni34Zn2,-71.06341645,Ni-211-Zn2-3x3x4-2,self,/data/Chapter6/Ni-slabs.hdf,20
Ni-slabs,Ni-211-Zn2-3x3x4-5,Ni34Zn2,-70.6960087,Ni-211-Zn2-3x3x4-5,self,/data/Chapter6/Ni-slabs.hdf,21
Ni-slabs,Ni-211-test,Ni24,-52.27017811,Ni-211-test,self,/data/Chapter6/Ni-slabs.hdf,22
Ni-slabs,Ni-211-Al-4x3x4-2-a,0,0.0,Ni-211-Al-4x3x4-2-a,missing,/data/Chapter6/Ni-slabs.hdf,23
Ni-slabs,Ni-211-Ga1-2x3x4-1-a,GaNi23,-52.81190794,Ni-211-Ga1-2x3x4-1-a,self,/data/Chapter6/Ni-slabs.hdf,24
Ni-slabs,Ni-211-Ga1-2x3x4-1-c,GaNi23,-52.54466188,Ni-211-Ga1-2x3x4-1-c,self,/data/Chapter6/Ni-slabs.hdf,25
Ni-slabs,Ni-211-Ga1-2x3x4-1-b,GaNi23,-52.73184314,Ni-211-Ga1-2x3x4-1-b,self,/data/Chapter6/Ni-slabs.hdf,26
Ni-slabs,Ni-211-Ga1-2x3x4-a,GaNi23,-52.81190794,Ni-211-Ga1-2x3x4-a,self,/data/Chapter6/Ni-slabs.hdf,27
Ni-slabs,Ni-211-Ga1-2x3x4-c,GaNi23,-52.54466188,Ni-211-Ga1-2x3x4-c,self,/data/Chapter6/Ni-slabs.hdf,28
Ni-slabs,Ni-211-Ga1-2x3x4-b,GaNi23,-52.73184314,Ni-211-Ga1-2x3x4-b,self,/data/Chapter6/Ni-slabs.hdf,29
Ni-slabs,Ni-211-Ga1-3x3x4-1-a,GaNi35,-78.92343518,Ni-211-Ga1-3x3x4-1-a,self,/data/Chapter6/Ni-slabs.hdf,30
Ni-slabs,Ni-211-Ga1-3x3x4-1-c,GaNi35,-78.663335,Ni-211-Ga1-3x3x4-1-c,self,/data/Chapter6/Ni-slabs.hdf,31
Ni-slabs,Ni-211-Ga1-3x3x4-1-b,GaNi35,-78.85752621,Ni-211-Ga1-3x3x4-1-b,self,/data/Chapter6/Ni-slabs.hdf,32
Ni-slabs,Ni-211-Ga1-3x3x4-a-c,GaNi35,-78.663335,Ni-211-Ga1-3x3x4-a-c,self,/data/Chapter6/Ni-slabs.hdf,33
Ni-slabs,Ni-211-Ga1-3x3x4-a-b,GaNi35,-78.85752621,Ni-211-Ga1-3x3x4-a-b,self,/data/Chapter6/Ni-slabs.hdf,34
Ni-slabs,Ni-211-Ga1-4x3x4-1-a,GaNi47,-105.05774535,Ni-211-Ga1-4x3x4-1-a,self,/data/Chapter6/Ni-slabs.hdf,35
Ni-slabs,Ni-211-Ga1-4x3x4-1-c,GaNi47,-104.79821205,Ni-211-Ga1-4x3x4-1-c,self,/data/Chapter6/Ni-slabs.hdf,36
Ni-slabs,Ni-211-Ga1-4x3x4-1-b,GaNi47,-104.98741129,Ni-211-Ga1-4x3x4-1-b,self,/data/Chapter6/Ni-slabs.hdf,37
Ni-slabs,Ni-211-Ga1-4x3x4-a,GaNi47,-105.05774535,Ni-211-Ga1-4x3x4-a,self,/data/Chapter6/Ni-slabs.hdf,38
Ni-slabs,Ni-211-Ga1-4x3x4-c,GaNi47,-104.79821205,Ni-211-Ga1-4x3x4-c,self,/data/Chapter6/Ni-slabs.hdf,39
Ni-slabs,Ni-211-Ga1-4x3x4-b,GaNi47,-104.98741129,Ni-211-Ga1-4x3x4-b,self,/data/Chapter6/Ni-slabs.hdf,40
Ni-slabs,Ni-211-Zn1-2x3x4-a,Ni23Zn,-48.71222682,Ni-211-Zn1-2x3x4-a,self,/data/Chapter6/Ni-slabs.hdf,41
Ni-slabs,Ni-211-Zn1-2x3x4-c,Ni23Zn,-48.38286989,Ni-211-Zn1-2x3x4-c,self,/data/Chapter6/Ni-slabs.hdf,42
Ni-slabs,Ni-211-Zn1-2x3x4-b,Ni23Zn,-48.55587841,Ni-211-Zn1-2x3x4-b,self,/data/Chapter6/Ni-slabs.hdf,43
Ni-slabs,Ni-211-Zn1-3x3x4-a,Ni35Zn,-74.84037728,Ni-211-Zn1-3x3x4-a,self,/data/Chapter6/Ni-slabs.hdf,44
Ni-slabs,Ni-211-Zn1-3x3x4-c,Ni35Zn,-74.50596602,Ni-211-Zn1-3x3x4-c,self,/data/Chapter6/Ni-slabs.hdf,45
Ni-slabs,Ni-211-Zn1-3x3x4-b,Ni35Zn,-74.68555321,Ni-211-Zn1-3x3x4-b,self,/data/Chapter6/Ni-slabs.hdf,46
Ni-slabs,Ni-211-Zn1-4x3x4-a,Ni47Zn,-100.98144678,Ni-211-Zn1-4x3x4-a,self,/data/Chapter6/Ni-slabs.hdf,47
Ni-slabs,Ni-211-Zn1-4x3x4-c,Ni47Zn,-100.64141652,Ni-211-Zn1-4x3x4-c,self,/data/Chapter6/Ni-slabs.hdf,48
Ni-slabs,Ni-211-Zn1-4x3x4-b,Ni47Zn,-100.81710726,Ni-211-Zn1-4x3x4-b,self,/data/Chapter6/Ni-slabs.hdf,49
Ni-slabs,Ni-211-clean-8x3x4,Ni96,-209.09105285,Ni-211-clean-8x3x4,self,/data/Chapter6/Ni-slabs.hdf,50
Ni-slabs,Ni-211-clean-2x3x6,Ni24,-52.35024672,Ni-211-clean-2x3x6,self,/data/Chapter6/Ni-slabs.hdf,51
Ni-slabs,Ni-211-clean-4x3x4_431,Ni48,-104.43467402,Ni-211-clean-4x3x4_431,self,/data/Chapter6/Ni-slabs.hdf,52
Ni-slabs,Ni-211-clean-4x3x4_431-O-1,Ni48O,-109.91203874,Ni-211-clean-4x3x4_431-O-1,self,/data/Chapter6/Ni-slabs.hdf,70
Ni-slabs,Ni-211-clean-4x3x4_431-Ox4-1,Ni48O4,-124.49402548,Ni-211-clean-4x3x4_431-Ox4-1,self,/data/Chapter6/Ni-slabs.hdf,71
Ni-slabs,Ni-211-clean-4x3x4_431-Ox4-3,Ni48O4,-126.16002149,Ni-211-clean-4x3x4_431-Ox4-3,self,/data/Chapter6/Ni-slabs.hdf,72
Ni-slabs,Ni-211-clean-4x3x4_431-Ox4-2,Ni48O4,-123.80131756,Ni-211-clean-4x3x4_431-Ox4-2,self,/data/Chapter6/Ni-slabs.hdf,75
Ni-slabs,Ni-211-clean-2x3x4,Ni24,-52.27223204,Ni-211-clean-2x3x4,self,/data/Chapter6/Ni-slabs.hdf,77
Ni-slabs,Ni-211-clean-2x3x4-surf-anti,Ni24,-51.66747008,Ni-211-clean-2x3x4-surf-anti,self,/data/Chapter6/Ni-slabs.hdf,78
Ni-slabs,Ni-211-clean-2x3x4-O-1,Ni24O,-57.93958345,Ni-211-clean-2x3x4-O-1,self,/data/Chapter6/Ni-slabs.hdf,79
Ni-slabs,Ni-211-clean-2x3x4-convergence-kpoints-ab-9,Ni24,-52.27248931,Ni-211-clean-2x3x4-convergence-kpoints-ab-9,self,/data/Chapter6/Ni-slabs.hdf,80
Ni-slabs,Ni-211-clean-2x3x4-convergence-kpoints-ab-7,Ni24,-52.25611974,Ni-211-clean-2x3x4-convergence-kpoints-ab-7,self,/data/Chapter6/Ni-slabs.hdf,81
Ni-slabs,Ni-211-clean-2x3x4-convergence-kpoints-ab-6,Ni24,-52.24226029,Ni-211-clean-2x3x4-convergence-kpoints-ab-6,self,/data/Chapter6/Ni-slabs.hdf,82
Ni-slabs,Ni-211-clean-2x3x4-convergence-kpoints-ab-10,Ni24,-52.27392978,Ni-211-clean-2x3x4-convergence-kpoints-ab-10,self,/data/Chapter6/Ni-slabs.hdf,83
Ni-slabs,Ni-211-clean-2x3x4-convergence-kpoints-ab-8,Ni24,-52.27276452,Ni-211-clean-2x3x4-convergence-kpoints-ab-8,self,/data/Chapter6/Ni-slabs.hdf,84
Ni-slabs,Ni-211-clean-2x3x4-convergence-kpoints-ab-4,Ni24,-52.27607847,Ni-211-clean-2x3x4-convergence-kpoints-ab-4,self,/data/Chapter6/Ni-slabs.hdf,85
Ni-slabs,Ni-211-clean-2x3x4-convergence-kpoints-ab-3,Ni24,-52.35678604,Ni-211-clean-2x3x4-convergence-kpoints-ab-3,self,/data/Chapter6/Ni-slabs.hdf,86
Ni-slabs,Ni-211-clean-2x3x4-convergence-kpoints-ab-5,Ni24,-52.27755887,Ni-211-clean-2x3x4-convergence-kpoints-ab-5,self,/data/Chapter6/Ni-slabs.hdf,87
Ni-slabs,Ni-211-clean-2x3x4-convergence-kpoints-9,Ni24,-52.27248931,Ni-211-clean-2x3x4-convergence-kpoints-9,self,/data/Chapter6/Ni-slabs.hdf,88
Ni-slabs,Ni-211-clean-2x3x4-convergence-kpoints-7,Ni24,-52.25611974,Ni-211-clean-2x3x4-convergence-kpoints-7,self,/data/Chapter6/Ni-slabs.hdf,89
Ni-slabs,Ni-211-clean-2x3x4-convergence-kpoints-6,Ni24,-52.24226029,Ni-211-clean-2x3x4-convergence-kpoints-6,self,/data/Chapter6/Ni-slabs.hdf,90
Ni-slabs,Ni-211-clean-2x3x4-convergence-kpoints-10,Ni24,-52.27392978,Ni-211-clean-2x3x4-convergence-kpoints-10,self,/data/Chapter6/Ni-slabs.hdf,91
Ni-slabs,Ni-211-clean-2x3x4-convergence-kpoints-8,Ni24,-52.27276452,Ni-211-clean-2x3x4-convergence-kpoints-8,self,/data/Chapter6/Ni-slabs.hdf,92
Ni-slabs,Ni-211-clean-2x3x4-convergence-kpoints-4,Ni24,-52.27607847,Ni-211-clean-2x3x4-convergence-kpoints-4,self,/data/Chapter6/Ni-slabs.hdf,93
Ni-slabs,Ni-211-clean-2x3x4-convergence-kpoints-3,Ni24,-52.35678604,Ni-211-clean-2x3x4-convergence-kpoints-3,self,/data/Chapter6/Ni-slabs.hdf,94
Ni-slabs,Ni-211-clean-2x3x4-convergence-kpoints-5,Ni24,-52.27755887,Ni-211-clean-2x3x4-convergence-kpoints-5,self,/data/Chapter6/Ni-slabs.hdf,95
Ni-slabs,Ni-211-clean-3x3x4,Ni36,-78.40925744,Ni-211-clean-3x3x4,self,/data/Chapter6/Ni-slabs.hdf,98
Ni-slabs,Ni-211-clean-3x3x4-H2COH-AA,CH3Ni36O,-102.55480002,Ni-211-clean-3x3x4-H2COH-AA,self,/data/Chapter6/Ni-slabs.hdf,99
Ni-slabs,Ni-211-clean-3x3x4-H2COO-AA,CH2Ni36O2,-103.94274864,Ni-211-clean-3x3x4-H2COO-AA,self,/data/Chapter6/Ni-slabs.hdf,102
Ni-slabs,Ni-211-clean-3x3x4-surf-anti,Ni36,-77.50386402,Ni-211-clean-3x3x4-surf-anti,self,/data/Chapter6/Ni-slabs.hdf,104
Ni-slabs,Ni-211-clean-3x3x4-HC_O-1,CHNi36O,-95.00607029,Ni-211-clean-3x3x4-HC_O-1,self,/data/Chapter6/Ni-slabs.hdf,109
Ni-slabs,Ni-211-clean-3x3x4-test,Ni36,-78.36408011,Ni-211-clean-3x3x4-test,self,/data/Chapter6/Ni-slabs.hdf,110
Ni-slabs,Ni-211-clean-3x3x4-OCOCH3-1,C2H3Ni36O2,-116.85270408,Ni-211-clean-3x3x4-OCOCH3-1,self,/data/Chapter6/Ni-slabs.hdf,111
Ni-slabs,Ni-211-clean-3x3x4-copt-H2CO%H2C_O-1-03,CH2Ni36O,-97.92336046,Ni-211-clean-3x3x4-copt-H2CO%H2C_O-1-03,self,/data/Chapter6/Ni-slabs.hdf,146
Ni-slabs,Ni-211-clean-3x3x4-copt-H2CO%H2C_O-1-04,CH2Ni36O,-98.53958963,Ni-211-clean-3x3x4-copt-H2CO%H2C_O-1-04,self,/data/Chapter6/Ni-slabs.hdf,147
Ni-slabs,Ni-211-clean-3x3x4-copt-H2CO%H2C_O-1-05,CH2Ni36O,-98.82207571,Ni-211-clean-3x3x4-copt-H2CO%H2C_O-1-05,self,/data/Chapter6/Ni-slabs.hdf,148
Ni-slabs,Ni-211-clean-3x3x4-copt-H2CO%H2C_O-1-02,CH2Ni36O,-97.69134812,Ni-211-clean-3x3x4-copt-H2CO%H2C_O-1-02,self,/data/Chapter6/Ni-slabs.hdf,149
Ni-slabs,Ni-211-clean-3x3x4-copt-H2CO%H2C_O-1-00,CH2Ni36O,-98.83505421,Ni-211-clean-3x3x4-copt-H2CO%H2C_O-1-00,self,/data/Chapter6/Ni-slabs.hdf,150
Ni-slabs,Ni-211-clean-3x3x4-copt-H2CO%H2C_O-1-01,CH2Ni36O,-98.41181206,Ni-211-clean-3x3x4-copt-H2CO%H2C_O-1-01,self,/data/Chapter6/Ni-slabs.hdf,151
Ni-slabs,Ni-211-clean-3x3x4-copt-H2CO%H2C_O-1-06,CH2Ni36O,-98.97481334,Ni-211-clean-3x3x4-copt-H2CO%H2C_O-1-06,self,/data/Chapter6/Ni-slabs.hdf,152
Ni-slabs,Ni-211-clean-3x3x4-copt-H2CO%H2C_O-2-04,CH2Ni36O,-97.71853963,Ni-211-clean-3x3x4-copt-H2CO%H2C_O-2-04,self,/data/Chapter6/Ni-slabs.hdf,153
Ni-slabs,Ni-211-clean-3x3x4-copt-H2CO%H2C_O-2-02,CH2Ni36O,-97.90166077,Ni-211-clean-3x3x4-copt-H2CO%H2C_O-2-02,self,/data/Chapter6/Ni-slabs.hdf,154
Ni-slabs,Ni-211-clean-3x3x4-copt-H2CO%H2C_O-2-00,CH2Ni36O,-98.83505421,Ni-211-clean-3x3x4-copt-H2CO%H2C_O-2-00,self,/data/Chapter6/Ni-slabs.hdf,155
Ni-slabs,Ni-211-clean-3x3x4-copt-H2CO%H2C_O-2-06,CH2Ni36O,-98.97481334,Ni-211-clean-3x3x4-copt-H2CO%H2C_O-2-06,self,/data/Chapter6/Ni-slabs.hdf,156
Ni-slabs,Ni-211-clean-3x3x4-CH-1,CHNi36,-89.59037242,Ni-211-clean-3x3x4-CH-1,self,/data/Chapter6/Ni-slabs.hdf,219
Ni-slabs,Ni-211-clean-3x3x4-COH-AA-1,CHNi36O,-94.92273313,Ni-211-clean-3x3x4-COH-AA-1,self,/data/Chapter6/Ni-slabs.hdf,227
Ni-slabs,Ni-211-clean-3x3x4-COH-AA-3,0,0.0,Ni-211-clean-3x3x4-COH-AA-3,missing,/data/Chapter6/Ni-slabs.hdf,228
Ni-slabs,Ni-211-clean-3x3x4-COH-AA-2,CHNi36O,-94.97700257,Ni-211-clean-3x3x4-COH-AA-2,self,/data/Chapter6/Ni-slabs.hdf,229
Ni-slabs,Ni-211-clean-3x3x4-O-A,Ni36O,-82.61265568,Ni-211-clean-3x3x4-O-A,self,/data/Chapter6/Ni-slabs.hdf,231
Ni-slabs,Ni-211-clean-3x3x4-O-AAA,Ni36O,-84.0340536,Ni-211-clean-3x3x4-O-AAA,self,/data/Chapter6/Ni-slabs.hdf,232
Ni-slabs,Ni-211-clean-3x3x4-O-AA,Ni36O,-83.82105638,Ni-211-clean-3x3x4-O-AA,self,/data/Chapter6/Ni-slabs.hdf,233
Ni-slabs,Ni-211-clean-3x3x4-H-A,HNi36,-82.26821606,Ni-211-clean-3x3x4-H-A,self,/data/Chapter6/Ni-slabs.hdf,234
Ni-slabs,Ni-211-clean-3x3x4-H-AAA,HNi36,-82.32405457,Ni-211-clean-3x3x4-H-AAA,self,/data/Chapter6/Ni-slabs.hdf,235
Ni-slabs,Ni-211-clean-3x3x4-H-AA,HNi36,-82.27444362,Ni-211-clean-3x3x4-H-AA,self,/data/Chapter6/Ni-slabs.hdf,236
Ni-slabs,Ni-211-clean-3x3x4-convergence-kpoints-ab-9,Ni36,-78.4078191,Ni-211-clean-3x3x4-convergence-kpoints-ab-9,self,/data/Chapter6/Ni-slabs.hdf,237
Ni-slabs,Ni-211-clean-3x3x4-convergence-kpoints-ab-7,Ni36,-78.40510268,Ni-211-clean-3x3x4-convergence-kpoints-ab-7,self,/data/Chapter6/Ni-slabs.hdf,238
Ni-slabs,Ni-211-clean-3x3x4-convergence-kpoints-ab-6,Ni36,-78.40925748,Ni-211-clean-3x3x4-convergence-kpoints-ab-6,self,/data/Chapter6/Ni-slabs.hdf,239
Ni-slabs,Ni-211-clean-3x3x4-convergence-kpoints-ab-10,Ni36,-78.41024191,Ni-211-clean-3x3x4-convergence-kpoints-ab-10,self,/data/Chapter6/Ni-slabs.hdf,240
Ni-slabs,Ni-211-clean-3x3x4-convergence-kpoints-ab-8,Ni36,-78.40279316,Ni-211-clean-3x3x4-convergence-kpoints-ab-8,self,/data/Chapter6/Ni-slabs.hdf,241
Ni-slabs,Ni-211-clean-3x3x4-convergence-kpoints-ab-4,Ni36,-78.3265642,Ni-211-clean-3x3x4-convergence-kpoints-ab-4,self,/data/Chapter6/Ni-slabs.hdf,242
Ni-slabs,Ni-211-clean-3x3x4-convergence-kpoints-ab-3,Ni36,-78.46437502,Ni-211-clean-3x3x4-convergence-kpoints-ab-3,self,/data/Chapter6/Ni-slabs.hdf,243
Ni-slabs,Ni-211-clean-3x3x4-convergence-kpoints-ab-5,Ni36,-78.40316046,Ni-211-clean-3x3x4-convergence-kpoints-ab-5,self,/data/Chapter6/Ni-slabs.hdf,244
Ni-slabs,Ni-211-clean-3x3x4-convergence-kpoints-9,Ni36,-78.4078191,Ni-211-clean-3x3x4-convergence-kpoints-9,self,/data/Chapter6/Ni-slabs.hdf,245
Ni-slabs,Ni-211-clean-3x3x4-convergence-kpoints-7,Ni36,-78.40510268,Ni-211-clean-3x3x4-convergence-kpoints-7,self,/data/Chapter6/Ni-slabs.hdf,246
Ni-slabs,Ni-211-clean-3x3x4-convergence-kpoints-6,Ni36,-78.40925748,Ni-211-clean-3x3x4-convergence-kpoints-6,self,/data/Chapter6/Ni-slabs.hdf,247
Ni-slabs,Ni-211-clean-3x3x4-convergence-kpoints-10,Ni36,-78.41024191,Ni-211-clean-3x3x4-convergence-kpoints-10,self,/data/Chapter6/Ni-slabs.hdf,248
Ni-slabs,Ni-211-clean-3x3x4-convergence-kpoints-8,Ni36,-78.40279316,Ni-211-clean-3x3x4-convergence-kpoints-8,self,/data/Chapter6/Ni-slabs.hdf,249
Ni-slabs,Ni-211-clean-3x3x4-convergence-kpoints-4,Ni36,-78.3265642,Ni-211-clean-3x3x4-convergence-kpoints-4,self,/data/Chapter6/Ni-slabs.hdf,250
Ni-slabs,Ni-211-clean-3x3x4-convergence-kpoints-3,Ni36,-78.46437502,Ni-211-clean-3x3x4-convergence-kpoints-3,self,/data/Chapter6/Ni-slabs.hdf,251
Ni-slabs,Ni-211-clean-3x3x4-convergence-kpoints-5,Ni36,-78.40316046,Ni-211-clean-3x3x4-convergence-kpoints-5,self,/data/Chapter6/Ni-slabs.hdf,252
Ni-slabs,Ni-211-clean-3x3x4-CH3-1,CH3Ni36,-97.54611606,Ni-211-clean-3x3x4-CH3-1,self,/data/Chapter6/Ni-slabs.hdf,254
Ni-slabs,Ni-211-clean-3x3x4-CH3-2,CH3Ni36,-97.75032282,Ni-211-clean-3x3x4-CH3-2,self,/data/Chapter6/Ni-slabs.hdf,255
Ni-slabs,Ni-211-clean-3x3x4-H2CO-AA,CH2Ni36O,-98.83505421,Ni-211-clean-3x3x4-H2CO-AA,self,/data/Chapter6/Ni-slabs.hdf,257
Ni-slabs,Ni-211-clean-3x3x4-CH2-1,CH2Ni36,-93.48791604,Ni-211-clean-3x3x4-CH2-1,self,/data/Chapter6/Ni-slabs.hdf,258
Ni-slabs,Ni-211-clean-3x3x4-HOCH2OH-AA-1,CH4Ni36O2,-111.84726939,Ni-211-clean-3x3x4-HOCH2OH-AA-1,self,/data/Chapter6/Ni-slabs.hdf,260
Ni-slabs,Ni-211-clean-3x3x4-HOCH2OH-AA-2,CH4Ni36O2,-111.84784339,Ni-211-clean-3x3x4-HOCH2OH-AA-2,self,/data/Chapter6/Ni-slabs.hdf,261
Ni-slabs,Ni-211-clean-3x3x4-C_O-1,CNi36O,-90.95368223,Ni-211-clean-3x3x4-C_O-1,self,/data/Chapter6/Ni-slabs.hdf,264
Ni-slabs,Ni-211-clean-3x3x4-OH-A,HNi36O,-87.60332113,Ni-211-clean-3x3x4-OH-A,self,/data/Chapter6/Ni-slabs.hdf,265
Ni-slabs,Ni-211-clean-3x3x4-OH-AA,HNi36O,-88.22707769,Ni-211-clean-3x3x4-OH-AA,self,/data/Chapter6/Ni-slabs.hdf,266
Ni-slabs,Ni-211-clean-3x3x4-H2C_O-1,CH2Ni36O,-98.97481334,Ni-211-clean-3x3x4-H2C_O-1,self,/data/Chapter6/Ni-slabs.hdf,268
Ni-slabs,Ni-211-clean-3x3x4-C-1,CNi36,-85.26458126,Ni-211-clean-3x3x4-C-1,self,/data/Chapter6/Ni-slabs.hdf,272
Ni-slabs,Ni-211-clean-4x3x4,Ni48,-104.54044838,Ni-211-clean-4x3x4,self,/data/Chapter6/Ni-slabs.hdf,275
Ni-slabs,Ni-211-clean-4x3x4-OHAlO-1,0,0.0,Ni-211-clean-4x3x4-OHAlO-1,missing,/data/Chapter6/Ni-slabs.hdf,277
Ni-slabs,Ni-211-clean-4x3x4-surf-anti,Ni48,-103.33690181,Ni-211-clean-4x3x4-surf-anti,self,/data/Chapter6/Ni-slabs.hdf,278
Ni-slabs,Ni-211-clean-4x3x4-GaO-1,GaNi48O,-113.08327568,Ni-211-clean-4x3x4-GaO-1,self,/data/Chapter6/Ni-slabs.hdf,279
Ni-slabs,Ni-211-clean-4x3x4-GaO-2,GaNi48O,-112.42346611,Ni-211-clean-4x3x4-GaO-2,self,/data/Chapter6/Ni-slabs.hdf,280
Ni-slabs,Ni-211-clean-4x3x4-GaOH-1,HGaNi48O,-116.89003242,Ni-211-clean-4x3x4-GaOH-1,self,/data/Chapter6/Ni-slabs.hdf,281
Ni-slabs,Ni-211-clean-4x3x4-GaOH-2,HGaNi48O,-116.9109998,Ni-211-clean-4x3x4-GaOH-2,self,/data/Chapter6/Ni-slabs.hdf,282
Ni-slabs,Ni-211-clean-4x3x4-Ga-1,GaNi48,-107.46472531,Ni-211-clean-4x3x4-Ga-1,self,/data/Chapter6/Ni-slabs.hdf,283
Ni-slabs,Ni-211-clean-4x3x4-Ga-2,GaNi48,-107.46467227,Ni-211-clean-4x3x4-Ga-2,self,/data/Chapter6/Ni-slabs.hdf,284
Ni-slabs,Ni-211-clean-4x3x4-Na-1,NaNi48,-106.11478669,Ni-211-clean-4x3x4-Na-1,self,/data/Chapter6/Ni-slabs.hdf,285
Ni-slabs,Ni-211-clean-4x3x4-convergence-kpoints-ab-7,Ni48,-104.54983244,Ni-211-clean-4x3x4-convergence-kpoints-ab-7,self,/data/Chapter6/Ni-slabs.hdf,287
Ni-slabs,Ni-211-clean-4x3x4-convergence-kpoints-ab-6,Ni48,-104.54035608,Ni-211-clean-4x3x4-convergence-kpoints-ab-6,self,/data/Chapter6/Ni-slabs.hdf,288
Ni-slabs,Ni-211-clean-4x3x4-convergence-kpoints-ab-8,Ni48,-104.54249185,Ni-211-clean-4x3x4-convergence-kpoints-ab-8,self,/data/Chapter6/Ni-slabs.hdf,289
Ni-slabs,Ni-211-clean-4x3x4-convergence-kpoints-ab-4,Ni48,-104.4868655,Ni-211-clean-4x3x4-convergence-kpoints-ab-4,self,/data/Chapter6/Ni-slabs.hdf,290
Ni-slabs,Ni-211-clean-4x3x4-convergence-kpoints-ab-3,Ni48,-104.56147777,Ni-211-clean-4x3x4-convergence-kpoints-ab-3,self,/data/Chapter6/Ni-slabs.hdf,291
Ni-slabs,Ni-211-clean-4x3x4-convergence-kpoints-ab-5,Ni48,-104.53817313,Ni-211-clean-4x3x4-convergence-kpoints-ab-5,self,/data/Chapter6/Ni-slabs.hdf,292
Ni-slabs,Ni-211-clean-4x3x4-convergence-kpoints-7,Ni48,-104.54983244,Ni-211-clean-4x3x4-convergence-kpoints-7,self,/data/Chapter6/Ni-slabs.hdf,293
Ni-slabs,Ni-211-clean-4x3x4-convergence-kpoints-6,Ni48,-104.54035608,Ni-211-clean-4x3x4-convergence-kpoints-6,self,/data/Chapter6/Ni-slabs.hdf,294
Ni-slabs,Ni-211-clean-4x3x4-convergence-kpoints-8,Ni48,-104.54249185,Ni-211-clean-4x3x4-convergence-kpoints-8,self,/data/Chapter6/Ni-slabs.hdf,295
Ni-slabs,Ni-211-clean-4x3x4-convergence-kpoints-4,Ni48,-104.4868655,Ni-211-clean-4x3x4-convergence-kpoints-4,self,/data/Chapter6/Ni-slabs.hdf,296
Ni-slabs,Ni-211-clean-4x3x4-convergence-kpoints-3,Ni48,-104.56147777,Ni-211-clean-4x3x4-convergence-kpoints-3,self,/data/Chapter6/Ni-slabs.hdf,297
Ni-slabs,Ni-211-clean-4x3x4-convergence-kpoints-5,Ni48,-104.53817313,Ni-211-clean-4x3x4-convergence-kpoints-5,self,/data/Chapter6/Ni-slabs.hdf,298
Ni-slabs,Ni-211-clean-4x3x4-Zn-1,Ni48Zn,-103.47150011,Ni-211-clean-4x3x4-Zn-1,self,/data/Chapter6/Ni-slabs.hdf,299
Ni-slabs,Ni-211-clean-4x3x4-Zn-2,Ni48Zn,-102.89912231,Ni-211-clean-4x3x4-Zn-2,self,/data/Chapter6/Ni-slabs.hdf,300
Ni-slabs,Ni-211-clean-4x3x4-AlOH-2,HAlNi48O,-118.84053584,Ni-211-clean-4x3x4-AlOH-2,self,/data/Chapter6/Ni-slabs.hdf,301
Ni-slabs,Ni-211-clean-4x3x4-NaOH-1,HNaNi48O,-116.18757347,Ni-211-clean-4x3x4-NaOH-1,self,/data/Chapter6/Ni-slabs.hdf,302
Ni-slabs,Ni-211-clean-4x3x4-NaOH-2,0,0.0,Ni-211-clean-4x3x4-NaOH-2,missing,/data/Chapter6/Ni-slabs.hdf,303
Ni-slabs,Ni-211-clean-4x3x4-AlO-1,AlNi48O,-114.6390025,Ni-211-clean-4x3x4-AlO-1,self,/data/Chapter6/Ni-slabs.hdf,304
Ni-slabs,Ni-211-clean-4x3x4-K-1,KNi48,-105.36007642,Ni-211-clean-4x3x4-K-1,self,/data/Chapter6/Ni-slabs.hdf,305
Ni-slabs,Ni-211-clean-4x3x4-OHGaO-1,HGaNi48O2,-122.36573146,Ni-211-clean-4x3x4-OHGaO-1,self,/data/Chapter6/Ni-slabs.hdf,309
Ni-slabs,Ni-211-clean-4x3x4-OHGaO-2,0,0.0,Ni-211-clean-4x3x4-OHGaO-2,missing,/data/Chapter6/Ni-slabs.hdf,310
Ni-slabs,Ni-211-clean-4x3x4-KOH-1,HKNi48O,-115.28330365,Ni-211-clean-4x3x4-KOH-1,self,/data/Chapter6/Ni-slabs.hdf,311
Ni-slabs,Ni-211-clean-4x3x4-KOH-2,0,0.0,Ni-211-clean-4x3x4-KOH-2,missing,/data/Chapter6/Ni-slabs.hdf,312
Ni-slabs,Ni-211-Zn-8x3x4-1,Ni95Zn,-205.53116134,Ni-211-Zn-8x3x4-1,self,/data/Chapter6/Ni-slabs.hdf,313
Ni-slabs,Ni-211-Zn-2x3x4-6,Ni18Zn6,-27.85905793,Ni-211-Zn-2x3x4-6,self,/data/Chapter6/Ni-slabs.hdf,314
Ni-slabs,Ni-211-Zn-2x3x4-6-bulk-a,Ni18Zn6,-28.73528963,Ni-211-Zn-2x3x4-6-bulk-a,self,/data/Chapter6/Ni-slabs.hdf,315
Ni-slabs,Ni-211-Zn-2x3x4-6-bulk-b,Ni18Zn6,-28.73163987,Ni-211-Zn-2x3x4-6-bulk-b,self,/data/Chapter6/Ni-slabs.hdf,316
Ni-slabs,Ni-211-Zn-2x3x4-1,Ni23Zn,-48.71222073,Ni-211-Zn-2x3x4-1,self,/data/Chapter6/Ni-slabs.hdf,317
Ni-slabs,Ni-211-Zn-2x3x4-4,Ni20Zn4,-36.89013185,Ni-211-Zn-2x3x4-4,self,/data/Chapter6/Ni-slabs.hdf,318
Ni-slabs,Ni-211-Zn-2x3x4-3-a,Ni21Zn3,-41.02774191,Ni-211-Zn-2x3x4-3-a,self,/data/Chapter6/Ni-slabs.hdf,319
Ni-slabs,Ni-211-Zn-2x3x4-2-a,Ni22Zn2,-44.92891234,Ni-211-Zn-2x3x4-2-a,self,/data/Chapter6/Ni-slabs.hdf,320
Ni-slabs,Ni-211-Zn-2x3x4-2-b,Ni22Zn2,-44.86920107,Ni-211-Zn-2x3x4-2-b,self,/data/Chapter6/Ni-slabs.hdf,321
Ni-slabs,Ni-211-Zn-2x3x4-5,Ni19Zn5,-32.54804086,Ni-211-Zn-2x3x4-5,self,/data/Chapter6/Ni-slabs.hdf,322
Ni-slabs,Ni-211-Zn-3x3x4-7,Ni29Zn7,-50.99179328,Ni-211-Zn-3x3x4-7,self,/data/Chapter6/Ni-slabs.hdf,323
Ni-slabs,Ni-211-Zn-3x3x4-1,Ni35Zn,-74.8402741,Ni-211-Zn-3x3x4-1,self,/data/Chapter6/Ni-slabs.hdf,324
Ni-slabs,Ni-211-Zn-3x3x4-1-H2COH-AB,CH3Ni35OZn,-98.8679859,Ni-211-Zn-3x3x4-1-H2COH-AB,self,/data/Chapter6/Ni-slabs.hdf,325
Ni-slabs,Ni-211-Zn-3x3x4-1-H2COH-AA,CH3Ni35OZn,-99.03919505,Ni-211-Zn-3x3x4-1-H2COH-AA,self,/data/Chapter6/Ni-slabs.hdf,326
Ni-slabs,Ni-211-Zn-3x3x4-1-H2COO-AB,CH2Ni35O2Zn,-100.10254175,Ni-211-Zn-3x3x4-1-H2COO-AB,self,/data/Chapter6/Ni-slabs.hdf,329
Ni-slabs,Ni-211-Zn-3x3x4-1-H2COO-AA,CH2Ni35O2Zn,-100.3691877,Ni-211-Zn-3x3x4-1-H2COO-AA,self,/data/Chapter6/Ni-slabs.hdf,330
Ni-slabs,Ni-211-Zn-3x3x4-1-OCOCH3-1,C2H3Ni35O2Zn,-113.18891981,Ni-211-Zn-3x3x4-1-OCOCH3-1,self,/data/Chapter6/Ni-slabs.hdf,334
Ni-slabs,Ni-211-Zn-3x3x4-1-OCOCH3-2,C2H3Ni35O2Zn,-112.20228498,Ni-211-Zn-3x3x4-1-OCOCH3-2,self,/data/Chapter6/Ni-slabs.hdf,335
Ni-slabs,Ni-211-Zn-3x3x4-1-CH-AB-1,CHNi35Zn,-85.99034641,Ni-211-Zn-3x3x4-1-CH-AB-1,self,/data/Chapter6/Ni-slabs.hdf,336
Ni-slabs,Ni-211-Zn-3x3x4-1-COH-AB-1,CHNi35OZn,-91.37808439,Ni-211-Zn-3x3x4-1-COH-AB-1,self,/data/Chapter6/Ni-slabs.hdf,340
Ni-slabs,Ni-211-Zn-3x3x4-1-COH-AA-1,CHNi35OZn,-91.46888403,Ni-211-Zn-3x3x4-1-COH-AA-1,self,/data/Chapter6/Ni-slabs.hdf,341
Ni-slabs,Ni-211-Zn-3x3x4-1-O-AB,Ni35OZn,-79.83175616,Ni-211-Zn-3x3x4-1-O-AB,self,/data/Chapter6/Ni-slabs.hdf,342
Ni-slabs,Ni-211-Zn-3x3x4-1-O-AA,Ni35OZn,-80.28655431,Ni-211-Zn-3x3x4-1-O-AA,self,/data/Chapter6/Ni-slabs.hdf,343
Ni-slabs,Ni-211-Zn-3x3x4-1-H-AB,HNi35Zn,-78.44673279,Ni-211-Zn-3x3x4-1-H-AB,self,/data/Chapter6/Ni-slabs.hdf,344
Ni-slabs,Ni-211-Zn-3x3x4-1-H-AA,HNi35Zn,-78.74273689,Ni-211-Zn-3x3x4-1-H-AA,self,/data/Chapter6/Ni-slabs.hdf,345
Ni-slabs,Ni-211-Zn-3x3x4-1-CH3-AB-1,CH3Ni35Zn,-94.20874275,Ni-211-Zn-3x3x4-1-CH3-AB-1,self,/data/Chapter6/Ni-slabs.hdf,346
Ni-slabs,Ni-211-Zn-3x3x4-1-H2CO-AB,CH2Ni35OZn,-95.22119697,Ni-211-Zn-3x3x4-1-H2CO-AB,self,/data/Chapter6/Ni-slabs.hdf,347
Ni-slabs,Ni-211-Zn-3x3x4-1-H2CO-AA,CH2Ni35OZn,-95.40447591,Ni-211-Zn-3x3x4-1-H2CO-AA,self,/data/Chapter6/Ni-slabs.hdf,348
Ni-slabs,Ni-211-Zn-3x3x4-1-HOCH2OH-AB,CH4Ni35O2Zn,-108.19890946,Ni-211-Zn-3x3x4-1-HOCH2OH-AB,self,/data/Chapter6/Ni-slabs.hdf,349
Ni-slabs,Ni-211-Zn-3x3x4-1-HOCH2OH-AA,CH4Ni35O2Zn,-108.32339852,Ni-211-Zn-3x3x4-1-HOCH2OH-AA,self,/data/Chapter6/Ni-slabs.hdf,350
Ni-slabs,Ni-211-Zn-3x3x4-1-OH-AB,HNi35OZn,-84.48000353,Ni-211-Zn-3x3x4-1-OH-AB,self,/data/Chapter6/Ni-slabs.hdf,351
Ni-slabs,Ni-211-Zn-3x3x4-1-OH-AA,HNi35OZn,-84.67577419,Ni-211-Zn-3x3x4-1-OH-AA,self,/data/Chapter6/Ni-slabs.hdf,352
Ni-slabs,Ni-211-Zn-3x3x4-8,Ni28Zn8,-46.49980642,Ni-211-Zn-3x3x4-8,self,/data/Chapter6/Ni-slabs.hdf,357
Ni-slabs,Ni-211-Zn-3x3x4-4,Ni32Zn4,-63.50503958,Ni-211-Zn-3x3x4-4,self,/data/Chapter6/Ni-slabs.hdf,358
Ni-slabs,Ni-211-Zn-3x3x4-3,Ni33Zn3,-67.40436545,Ni-211-Zn-3x3x4-3,self,/data/Chapter6/Ni-slabs.hdf,359
Ni-slabs,Ni-211-Zn-3x3x4-3-H2COH-BB,CH3Ni33OZn3,-90.93968607,Ni-211-Zn-3x3x4-3-H2COH-BB,self,/data/Chapter6/Ni-slabs.hdf,360
Ni-slabs,Ni-211-Zn-3x3x4-3-H2COO-BB,CH2Ni33O2Zn3,-92.89565866,Ni-211-Zn-3x3x4-3-H2COO-BB,self,/data/Chapter6/Ni-slabs.hdf,362
Ni-slabs,Ni-211-Zn-3x3x4-3-COH-BB-1,CHNi33OZn3,-83.629042,Ni-211-Zn-3x3x4-3-COH-BB-1,self,/data/Chapter6/Ni-slabs.hdf,367
Ni-slabs,Ni-211-Zn-3x3x4-3-COH-BB-2,CHNi33OZn3,-81.6839861,Ni-211-Zn-3x3x4-3-COH-BB-2,self,/data/Chapter6/Ni-slabs.hdf,368
Ni-slabs,Ni-211-Zn-3x3x4-3-O-BB,Ni33OZn3,-72.46664043,Ni-211-Zn-3x3x4-3-O-BB,self,/data/Chapter6/Ni-slabs.hdf,369
Ni-slabs,Ni-211-Zn-3x3x4-3-H-BB,HNi33Zn3,-70.75338275,Ni-211-Zn-3x3x4-3-H-BB,self,/data/Chapter6/Ni-slabs.hdf,370
Ni-slabs,Ni-211-Zn-3x3x4-3-CH3-BB-1,CH3Ni33Zn3,-86.13824598,Ni-211-Zn-3x3x4-3-CH3-BB-1,self,/data/Chapter6/Ni-slabs.hdf,371
Ni-slabs,Ni-211-Zn-3x3x4-3-H2CO-BB,CH2Ni33OZn3,-87.14742444,Ni-211-Zn-3x3x4-3-H2CO-BB,self,/data/Chapter6/Ni-slabs.hdf,372
Ni-slabs,Ni-211-Zn-3x3x4-3-CH2-BB-1,CH2Ni33Zn3,-81.5997951,Ni-211-Zn-3x3x4-3-CH2-BB-1,self,/data/Chapter6/Ni-slabs.hdf,373
Ni-slabs,Ni-211-Zn-3x3x4-3-HOCH2OH-BB,CH4Ni33O2Zn3,-100.56187409,Ni-211-Zn-3x3x4-3-HOCH2OH-BB,self,/data/Chapter6/Ni-slabs.hdf,374
Ni-slabs,Ni-211-Zn-3x3x4-3-OH-BB,HNi33OZn3,-77.00184155,Ni-211-Zn-3x3x4-3-OH-BB,self,/data/Chapter6/Ni-slabs.hdf,375
Ni-slabs,Ni-211-Zn-3x3x4-3-HCOH-BB-1,CH2Ni33OZn3,-86.36845604,Ni-211-Zn-3x3x4-3-HCOH-BB-1,self,/data/Chapter6/Ni-slabs.hdf,378
Ni-slabs,Ni-211-Zn-3x3x4-2,Ni34Zn2,-71.20598661,Ni-211-Zn-3x3x4-2,self,/data/Chapter6/Ni-slabs.hdf,379
Ni-slabs,Ni-211-Zn-3x3x4-2-a,Ni34Zn2,-71.20598661,Ni-211-Zn-3x3x4-2-a,self,/data/Chapter6/Ni-slabs.hdf,380
Ni-slabs,Ni-211-Zn-3x3x4-2-b,Ni34Zn2,-71.12724712,Ni-211-Zn-3x3x4-2-b,self,/data/Chapter6/Ni-slabs.hdf,381
Ni-slabs,Ni-211-Zn-3x3x4-5,Ni31Zn5,-59.50898822,Ni-211-Zn-3x3x4-5,self,/data/Chapter6/Ni-slabs.hdf,382
Ni-slabs,Ni-211-Zn-4x3x4-9,Ni39Zn9,-69.43061893,Ni-211-Zn-4x3x4-9,self,/data/Chapter6/Ni-slabs.hdf,383
Ni-slabs,Ni-211-Zn-4x3x4-11,Ni37Zn11,-60.43933691,Ni-211-Zn-4x3x4-11,self,/data/Chapter6/Ni-slabs.hdf,384
Ni-slabs,Ni-211-Zn-4x3x4-7,Ni41Zn7,-77.95736524,Ni-211-Zn-4x3x4-7,self,/data/Chapter6/Ni-slabs.hdf,385
Ni-slabs,Ni-211-Zn-4x3x4-1,Ni47Zn,-100.98144678,Ni-211-Zn-4x3x4-1,self,/data/Chapter6/Ni-slabs.hdf,386
Ni-slabs,Ni-211-Zn-4x3x4-1-surf-anti,Ni47Zn,-100.98144588,Ni-211-Zn-4x3x4-1-surf-anti,self,/data/Chapter6/Ni-slabs.hdf,387
Ni-slabs,Ni-211-Zn-4x3x4-3-a,Ni45Zn3,-93.68192702,Ni-211-Zn-4x3x4-3-a,self,/data/Chapter6/Ni-slabs.hdf,388
Ni-slabs,Ni-211-Zn-4x3x4-3-b,Ni45Zn3,-93.40485759,Ni-211-Zn-4x3x4-3-b,self,/data/Chapter6/Ni-slabs.hdf,389
Ni-slabs,Ni-211-Zn-4x3x4-12-bulk-a,Ni36Zn12,-57.48331309,Ni-211-Zn-4x3x4-12-bulk-a,self,/data/Chapter6/Ni-slabs.hdf,390
Ni-slabs,Ni-211-Zn-4x3x4-12-bulk-b,Ni36Zn12,-57.47770903,Ni-211-Zn-4x3x4-12-bulk-b,self,/data/Chapter6/Ni-slabs.hdf,395
Ni-slabs,Ni-211-Zn-4x3x4-5,Ni43Zn5,-85.95150571,Ni-211-Zn-4x3x4-5,self,/data/Chapter6/Ni-slabs.hdf,400
Ni-slabs,Ni-211-Ga-8x3x4-1,GaNi95,-209.61151116,Ni-211-Ga-8x3x4-1,self,/data/Chapter6/Ni-slabs.hdf,401
Ni-slabs,Ni-211-Ga-2x3x6-9-bulk,Ga9Ni27,-85.01157988,Ni-211-Ga-2x3x6-9-bulk,self,/data/Chapter6/Ni-slabs.hdf,402
Ni-slabs,Ni-211-Ga-2x3x4-6,Ga6Ni18,-49.66461268,Ni-211-Ga-2x3x4-6,self,/data/Chapter6/Ni-slabs.hdf,403
Ni-slabs,Ni-211-Ga-2x3x4-6-bulk-a,Ga6Ni18,-54.08359513,Ni-211-Ga-2x3x4-6-bulk-a,self,/data/Chapter6/Ni-slabs.hdf,404
Ni-slabs,Ni-211-Ga-2x3x4-6-bulk-b,Ga6Ni18,-54.13470394,Ni-211-Ga-2x3x4-6-bulk-b,self,/data/Chapter6/Ni-slabs.hdf,405
Ni-slabs,Ni-211-Ga-2x3x4-1,GaNi23,-52.81190794,Ni-211-Ga-2x3x4-1,self,/data/Chapter6/Ni-slabs.hdf,408
Ni-slabs,Ni-211-Ga-2x3x4-4,Ga4Ni20,-51.88357772,Ni-211-Ga-2x3x4-4,self,/data/Chapter6/Ni-slabs.hdf,410
Ni-slabs,Ni-211-Ga-2x3x4-3-a,Ga3Ni21,-52.6206645,Ni-211-Ga-2x3x4-3-a,self,/data/Chapter6/Ni-slabs.hdf,411
Ni-slabs,Ni-211-Ga-2x3x4-2,Ga2Ni22,-52.59110972,Ni-211-Ga-2x3x4-2,self,/data/Chapter6/Ni-slabs.hdf,412
Ni-slabs,Ni-211-Ga-2x3x4-5,Ga5Ni19,-51.35248245,Ni-211-Ga-2x3x4-5,self,/data/Chapter6/Ni-slabs.hdf,413
Ni-slabs,Ni-211-Ga-3x3x4-7,Ga7Ni29,-77.31575149,Ni-211-Ga-3x3x4-7,self,/data/Chapter6/Ni-slabs.hdf,414
Ni-slabs,Ni-211-Ga-3x3x4-1,GaNi35,-78.92343518,Ni-211-Ga-3x3x4-1,self,/data/Chapter6/Ni-slabs.hdf,415
Ni-slabs,Ni-211-Ga-3x3x4-1-H2COH-AB-1,CH3GaNi35O,-102.84108189,Ni-211-Ga-3x3x4-1-H2COH-AB-1,self,/data/Chapter6/Ni-slabs.hdf,416
Ni-slabs,Ni-211-Ga-3x3x4-1-H2COO-AB,CH2GaNi35O2,-104.37035301,Ni-211-Ga-3x3x4-1-H2COO-AB,self,/data/Chapter6/Ni-slabs.hdf,419
Ni-slabs,Ni-211-Ga-3x3x4-1-H2COO-AA,CH2GaNi35O2,-104.3856001,Ni-211-Ga-3x3x4-1-H2COO-AA,self,/data/Chapter6/Ni-slabs.hdf,420
Ni-slabs,Ni-211-Ga-3x3x4-1-OCOCH3-1,C2H3GaNi35O2,-117.06335558,Ni-211-Ga-3x3x4-1-OCOCH3-1,self,/data/Chapter6/Ni-slabs.hdf,425
Ni-slabs,Ni-211-Ga-3x3x4-1-OCOCH3-2,C2H3GaNi35O2,-116.18305827,Ni-211-Ga-3x3x4-1-OCOCH3-2,self,/data/Chapter6/Ni-slabs.hdf,426
Ni-slabs,Ni-211-Ga-3x3x4-1-COH-AB-1,CHGaNi35O,-95.44744858,Ni-211-Ga-3x3x4-1-COH-AB-1,self,/data/Chapter6/Ni-slabs.hdf,432
Ni-slabs,Ni-211-Ga-3x3x4-1-COH-AA-1,CHGaNi35O,-95.58750974,Ni-211-Ga-3x3x4-1-COH-AA-1,self,/data/Chapter6/Ni-slabs.hdf,433
Ni-slabs,Ni-211-Ga-3x3x4-1-O-AB,GaNi35O,-84.03583069,Ni-211-Ga-3x3x4-1-O-AB,self,/data/Chapter6/Ni-slabs.hdf,434
Ni-slabs,Ni-211-Ga-3x3x4-1-O-A,GaNi35O,-84.38218679,Ni-211-Ga-3x3x4-1-O-A,self,/data/Chapter6/Ni-slabs.hdf,435
Ni-slabs,Ni-211-Ga-3x3x4-1-O-AA,GaNi35O,-84.37943857,Ni-211-Ga-3x3x4-1-O-AA,self,/data/Chapter6/Ni-slabs.hdf,436
Ni-slabs,Ni-211-Ga-3x3x4-1-O-B,GaNi35O,-84.07171061,Ni-211-Ga-3x3x4-1-O-B,self,/data/Chapter6/Ni-slabs.hdf,437
Ni-slabs,Ni-211-Ga-3x3x4-1-H-AB,HGaNi35,-82.37971955,Ni-211-Ga-3x3x4-1-H-AB,self,/data/Chapter6/Ni-slabs.hdf,438
Ni-slabs,Ni-211-Ga-3x3x4-1-H-A,0,0.0,Ni-211-Ga-3x3x4-1-H-A,missing,/data/Chapter6/Ni-slabs.hdf,439
Ni-slabs,Ni-211-Ga-3x3x4-1-H-AA,HGaNi35,-82.8421857,Ni-211-Ga-3x3x4-1-H-AA,self,/data/Chapter6/Ni-slabs.hdf,440
Ni-slabs,Ni-211-Ga-3x3x4-1-H-B,HGaNi35,-81.95509528,Ni-211-Ga-3x3x4-1-H-B,self,/data/Chapter6/Ni-slabs.hdf,441
Ni-slabs,Ni-211-Ga-3x3x4-1-H2CO-AB-1,CH2GaNi35O,-99.1945288,Ni-211-Ga-3x3x4-1-H2CO-AB-1,self,/data/Chapter6/Ni-slabs.hdf,442
Ni-slabs,Ni-211-Ga-3x3x4-1-HOCH2OH-AB,0,0.0,Ni-211-Ga-3x3x4-1-HOCH2OH-AB,missing,/data/Chapter6/Ni-slabs.hdf,443
Ni-slabs,Ni-211-Ga-3x3x4-1-HOCH2OH-AA,CH4GaNi35O2,-112.39936409,Ni-211-Ga-3x3x4-1-HOCH2OH-AA,self,/data/Chapter6/Ni-slabs.hdf,444
Ni-slabs,Ni-211-Ga-3x3x4-1-OH-AB,HGaNi35O,-88.49635686,Ni-211-Ga-3x3x4-1-OH-AB,self,/data/Chapter6/Ni-slabs.hdf,445
Ni-slabs,Ni-211-Ga-3x3x4-1-OH-A,HGaNi35O,-88.78680322,Ni-211-Ga-3x3x4-1-OH-A,self,/data/Chapter6/Ni-slabs.hdf,446
Ni-slabs,Ni-211-Ga-3x3x4-1-OH-AA,HGaNi35O,-88.77890047,Ni-211-Ga-3x3x4-1-OH-AA,self,/data/Chapter6/Ni-slabs.hdf,447
Ni-slabs,Ni-211-Ga-3x3x4-1-OH-B,0,0.0,Ni-211-Ga-3x3x4-1-OH-B,missing,/data/Chapter6/Ni-slabs.hdf,448
Ni-slabs,Ni-211-Ga-3x3x4-8,Ga8Ni28,-76.24233541,Ni-211-Ga-3x3x4-8,self,/data/Chapter6/Ni-slabs.hdf,454
Ni-slabs,Ni-211-Ga-3x3x4-4-a,Ga4Ni32,-78.91388463,Ni-211-Ga-3x3x4-4-a,self,/data/Chapter6/Ni-slabs.hdf,455
Ni-slabs,Ni-211-Ga-3x3x4-3-a,Ga3Ni33,-79.51443855,Ni-211-Ga-3x3x4-3-a,self,/data/Chapter6/Ni-slabs.hdf,456
Ni-slabs,Ni-211-Ga-3x3x4-3-b,Ga3Ni33,-79.22918835,Ni-211-Ga-3x3x4-3-b,self,/data/Chapter6/Ni-slabs.hdf,457
Ni-slabs,Ni-211-Ga-3x3x4-2-a,Ga2Ni34,-79.19745708,Ni-211-Ga-3x3x4-2-a,self,/data/Chapter6/Ni-slabs.hdf,458
Ni-slabs,Ni-211-Ga-3x3x4-2-b,Ga2Ni34,-79.41343609,Ni-211-Ga-3x3x4-2-b,self,/data/Chapter6/Ni-slabs.hdf,459
Ni-slabs,Ni-211-Ga-3x3x4-5-a,Ga5Ni31,-78.64264985,Ni-211-Ga-3x3x4-5-a,self,/data/Chapter6/Ni-slabs.hdf,460
Ni-slabs,Ni-211-Ga-4x3x4-9-a,Ga9Ni39,-103.28425808,Ni-211-Ga-4x3x4-9-a,self,/data/Chapter6/Ni-slabs.hdf,461
Ni-slabs,Ni-211-Ga-4x3x4-9-b,Ga9Ni39,-103.79420475,Ni-211-Ga-4x3x4-9-b,self,/data/Chapter6/Ni-slabs.hdf,462
Ni-slabs,Ni-211-Ga-4x3x4-11,Ga11Ni37,-101.16643693,Ni-211-Ga-4x3x4-11,self,/data/Chapter6/Ni-slabs.hdf,463
Ni-slabs,Ni-211-Ga-4x3x4-7,Ga7Ni41,-104.61218358,Ni-211-Ga-4x3x4-7,self,/data/Chapter6/Ni-slabs.hdf,464
Ni-slabs,Ni-211-Ga-4x3x4-6,Ga6Ni42,-106.42057949,Ni-211-Ga-4x3x4-6,self,/data/Chapter6/Ni-slabs.hdf,465
Ni-slabs,Ni-211-Ga-4x3x4-1,GaNi47,-105.05774535,Ni-211-Ga-4x3x4-1,self,/data/Chapter6/Ni-slabs.hdf,466
Ni-slabs,Ni-211-Ga-4x3x4-4-a,Ga4Ni44,-105.90025313,Ni-211-Ga-4x3x4-4-a,self,/data/Chapter6/Ni-slabs.hdf,467
Ni-slabs,Ni-211-Ga-4x3x4-4-b,Ga4Ni44,-106.36884332,Ni-211-Ga-4x3x4-4-b,self,/data/Chapter6/Ni-slabs.hdf,468
Ni-slabs,Ni-211-Ga-4x3x4-3-a,Ga3Ni45,-105.51290468,Ni-211-Ga-4x3x4-3-a,self,/data/Chapter6/Ni-slabs.hdf,469
Ni-slabs,Ni-211-Ga-4x3x4-3-b,Ga3Ni45,-105.85597278,Ni-211-Ga-4x3x4-3-b,self,/data/Chapter6/Ni-slabs.hdf,470
Ni-slabs,Ni-211-Ga-4x3x4-12-bulk-a,Ga12Ni36,-108.17164449,Ni-211-Ga-4x3x4-12-bulk-a,self,/data/Chapter6/Ni-slabs.hdf,471
Ni-slabs,Ni-211-Ga-4x3x4-12-bulk-b,Ga12Ni36,-108.28875264,Ni-211-Ga-4x3x4-12-bulk-b,self,/data/Chapter6/Ni-slabs.hdf,476
Ni-slabs,Ni-211-Ga-4x3x4-12-bulk-b-O-1,Ga12Ni36O,-113.78259601,Ni-211-Ga-4x3x4-12-bulk-b-O-1,self,/data/Chapter6/Ni-slabs.hdf,488
Ni-slabs,Ni-211-Ga-4x3x4-12-bulk-b-O-2,Ga12Ni36O,-113.82003481,Ni-211-Ga-4x3x4-12-bulk-b-O-2,self,/data/Chapter6/Ni-slabs.hdf,489
Ni-slabs,Ni-211-Ga-4x3x4-12-bulk-b-H-AA-1,HGa12Ni36,-112.26396299,Ni-211-Ga-4x3x4-12-bulk-b-H-AA-1,self,/data/Chapter6/Ni-slabs.hdf,490
Ni-slabs,Ni-211-Ga-4x3x4-12-bulk-b-H-AA-2,HGa12Ni36,-112.39691958,Ni-211-Ga-4x3x4-12-bulk-b-H-AA-2,self,/data/Chapter6/Ni-slabs.hdf,491
Ni-slabs,Ni-211-Ga-4x3x4-12-bulk-b-OH-AA-1,HGa12Ni36O,-118.13204804,Ni-211-Ga-4x3x4-12-bulk-b-OH-AA-1,self,/data/Chapter6/Ni-slabs.hdf,492
Ni-slabs,Ni-211-Ga-4x3x4-12-bulk-b-OH-AA-2,HGa12Ni36O,-118.24808077,Ni-211-Ga-4x3x4-12-bulk-b-OH-AA-2,self,/data/Chapter6/Ni-slabs.hdf,493
Ni-slabs,Ni-211-Ga-4x3x4-2-a,Ga2Ni46,-105.6250253,Ni-211-Ga-4x3x4-2-a,self,/data/Chapter6/Ni-slabs.hdf,496
Ni-slabs,Ni-211-Ga-4x3x4-2-a-H2COH-AB,CH3Ga2Ni46O,-129.45155195,Ni-211-Ga-4x3x4-2-a-H2COH-AB,self,/data/Chapter6/Ni-slabs.hdf,497
Ni-slabs,Ni-211-Ga-4x3x4-2-a-H2COO-AB-1,CH2Ga2Ni46O2,-131.06380643,Ni-211-Ga-4x3x4-2-a-H2COO-AB-1,self,/data/Chapter6/Ni-slabs.hdf,499
Ni-slabs,Ni-211-Ga-4x3x4-2-a-CH-AB-1,CHGa2Ni46,-116.11279165,Ni-211-Ga-4x3x4-2-a-CH-AB-1,self,/data/Chapter6/Ni-slabs.hdf,516
Ni-slabs,Ni-211-Ga-4x3x4-2-a-COH-AB-1,CHGa2Ni46O,-120.88778275,Ni-211-Ga-4x3x4-2-a-COH-AB-1,self,/data/Chapter6/Ni-slabs.hdf,521
Ni-slabs,Ni-211-Ga-4x3x4-2-a-COH-AB-2,CHGa2Ni46O,-120.88743633,Ni-211-Ga-4x3x4-2-a-COH-AB-2,self,/data/Chapter6/Ni-slabs.hdf,522
Ni-slabs,Ni-211-Ga-4x3x4-2-a-O-AB-1,Ga2Ni46O,-110.73711575,Ni-211-Ga-4x3x4-2-a-O-AB-1,self,/data/Chapter6/Ni-slabs.hdf,523
Ni-slabs,Ni-211-Ga-4x3x4-2-a-H-AB-1,HGa2Ni46,-109.12739891,Ni-211-Ga-4x3x4-2-a-H-AB-1,self,/data/Chapter6/Ni-slabs.hdf,524
Ni-slabs,Ni-211-Ga-4x3x4-2-a-CH3-AB-1,CH3Ga2Ni46,-124.56598779,Ni-211-Ga-4x3x4-2-a-CH3-AB-1,self,/data/Chapter6/Ni-slabs.hdf,525
Ni-slabs,Ni-211-Ga-4x3x4-2-a-H2CO-AB,CH2Ga2Ni46O,-125.92691758,Ni-211-Ga-4x3x4-2-a-H2CO-AB,self,/data/Chapter6/Ni-slabs.hdf,526
Ni-slabs,Ni-211-Ga-4x3x4-2-a-CH2-AB-1,CH2Ga2Ni46,-120.20182838,Ni-211-Ga-4x3x4-2-a-CH2-AB-1,self,/data/Chapter6/Ni-slabs.hdf,527
Ni-slabs,Ni-211-Ga-4x3x4-2-a-HOCH2OH-AB-1,CH4Ga2Ni46O2,-138.9259929,Ni-211-Ga-4x3x4-2-a-HOCH2OH-AB-1,self,/data/Chapter6/Ni-slabs.hdf,532
Ni-slabs,Ni-211-Ga-4x3x4-2-a-Ox4-1,Ga2Ni46O4,-126.1348747,Ni-211-Ga-4x3x4-2-a-Ox4-1,self,/data/Chapter6/Ni-slabs.hdf,535
Ni-slabs,Ni-211-Ga-4x3x4-2-a-Ox4-2,Ga2Ni46O4,-126.01861254,Ni-211-Ga-4x3x4-2-a-Ox4-2,self,/data/Chapter6/Ni-slabs.hdf,538
Ni-slabs,Ni-211-Ga-4x3x4-2-a-OH-a,HGa2Ni46O,-115.22269697,Ni-211-Ga-4x3x4-2-a-OH-a,self,/data/Chapter6/Ni-slabs.hdf,542
Ni-slabs,Ni-211-Ga-4x3x4-2-a-OH-b,HGa2Ni46O,-115.22248491,Ni-211-Ga-4x3x4-2-a-OH-b,self,/data/Chapter6/Ni-slabs.hdf,543
Ni-slabs,Ni-211-Ga-4x3x4-2-a-C-1,CGa2Ni46,-112.22542614,Ni-211-Ga-4x3x4-2-a-C-1,self,/data/Chapter6/Ni-slabs.hdf,547
Ni-slabs,Ni-211-Ga-4x3x4-2-b,Ga2Ni46,-105.52549697,Ni-211-Ga-4x3x4-2-b,self,/data/Chapter6/Ni-slabs.hdf,550
Ni-slabs,Ni-211-Ga-4x3x4-5-a,Ga5Ni43,-105.2040362,Ni-211-Ga-4x3x4-5-a,self,/data/Chapter6/Ni-slabs.hdf,551
Ni-slabs,Ni-211-Ga-4x3x4-5-b,Ga5Ni43,-106.33032885,Ni-211-Ga-4x3x4-5-b,self,/data/Chapter6/Ni-slabs.hdf,552
Ni-slabs,Ni-111-Zn2-2x2x4-1,Ni14Zn2,-27.65579923,Ni-111-Zn2-2x2x4-1,self,/data/Chapter6/Ni-slabs.hdf,553
Ni-slabs,Ni-111-Zn2-2x2x4-3,Ni14Zn2,-27.40950305,Ni-111-Zn2-2x2x4-3,self,/data/Chapter6/Ni-slabs.hdf,554
Ni-slabs,Ni-111-Zn2-2x2x4-2,Ni14Zn2,-26.9406765,Ni-111-Zn2-2x2x4-2,self,/data/Chapter6/Ni-slabs.hdf,555
Ni-slabs,Ni-111-Al-2x2x5-1,AlNi19,-47.05091339,Ni-111-Al-2x2x5-1,self,/data/Chapter6/Ni-slabs.hdf,556
Ni-slabs,Ni-111-Ga1-2x2x4-1,GaNi15,-35.74838688,Ni-111-Ga1-2x2x4-1,self,/data/Chapter6/Ni-slabs.hdf,557
Ni-slabs,Ni-111-Ga1-2x2x4-2,GaNi15,-35.29995029,Ni-111-Ga1-2x2x4-2,self,/data/Chapter6/Ni-slabs.hdf,558
Ni-slabs,Ni-111-Ga1-4x4x4-3,GaNi63,-140.96851403,Ni-111-Ga1-4x4x4-3,self,/data/Chapter6/Ni-slabs.hdf,559
Ni-slabs,Ni-111-Zn1-2x2x4-1,Ni15Zn,-31.54423246,Ni-111-Zn1-2x2x4-1,self,/data/Chapter6/Ni-slabs.hdf,560
Ni-slabs,Ni-111-Zn1-2x2x4-2,Ni15Zn,-31.15134832,Ni-111-Zn1-2x2x4-2,self,/data/Chapter6/Ni-slabs.hdf,561
Ni-slabs,Ni-111-clean-2x2x4,Ni16,-35.2362,Ni-111-clean-2x2x4,self,/data/Chapter6/Ni-slabs.hdf,562
Ni-slabs,Ni-111-clean-2x2x4-CH-1,CHNi16,-46.46186194,Ni-111-clean-2x2x4-CH-1,self,/data/Chapter6/Ni-slabs.hdf,564
Ni-slabs,Ni-111-clean-2x2x4-CH-2,CHNi16,-46.41926738,Ni-111-clean-2x2x4-CH-2,self,/data/Chapter6/Ni-slabs.hdf,565
Ni-slabs,Ni-111-clean-2x2x4-O-1,Ni16O,-40.792092,Ni-111-clean-2x2x4-O-1,self,/data/Chapter6/Ni-slabs.hdf,574
Ni-slabs,Ni-111-clean-2x2x4-H-fcc,HNi16,-39.14901587,Ni-111-clean-2x2x4-H-fcc,self,/data/Chapter6/Ni-slabs.hdf,575
Ni-slabs,Ni-111-clean-2x2x4-convergence-kpoints-20,Ni16,-35.274274,Ni-111-clean-2x2x4-convergence-kpoints-20,self,/data/Chapter6/Ni-slabs.hdf,576
Ni-slabs,Ni-111-clean-2x2x4-convergence-kpoints-18,Ni16,-35.27777314,Ni-111-clean-2x2x4-convergence-kpoints-18,self,/data/Chapter6/Ni-slabs.hdf,577
Ni-slabs,Ni-111-clean-2x2x4-convergence-kpoints-9,Ni16,-35.26560466,Ni-111-clean-2x2x4-convergence-kpoints-9,self,/data/Chapter6/Ni-slabs.hdf,578
Ni-slabs,Ni-111-clean-2x2x4-convergence-kpoints-11,Ni16,-35.27870239,Ni-111-clean-2x2x4-convergence-kpoints-11,self,/data/Chapter6/Ni-slabs.hdf,579
Ni-slabs,Ni-111-clean-2x2x4-convergence-kpoints-7,Ni16,-35.25450142,Ni-111-clean-2x2x4-convergence-kpoints-7,self,/data/Chapter6/Ni-slabs.hdf,580
Ni-slabs,Ni-111-clean-2x2x4-convergence-kpoints-16,Ni16,-35.26392659,Ni-111-clean-2x2x4-convergence-kpoints-16,self,/data/Chapter6/Ni-slabs.hdf,581
Ni-slabs,Ni-111-clean-2x2x4-convergence-kpoints-6,Ni16,-35.2362,Ni-111-clean-2x2x4-convergence-kpoints-6,self,/data/Chapter6/Ni-slabs.hdf,582
Ni-slabs,Ni-111-clean-2x2x4-convergence-kpoints-17,Ni16,-35.27271328,Ni-111-clean-2x2x4-convergence-kpoints-17,self,/data/Chapter6/Ni-slabs.hdf,583
Ni-slabs,Ni-111-clean-2x2x4-convergence-kpoints-10,Ni16,-35.26341148,Ni-111-clean-2x2x4-convergence-kpoints-10,self,/data/Chapter6/Ni-slabs.hdf,584
Ni-slabs,Ni-111-clean-2x2x4-convergence-kpoints-19,Ni16,-35.27618319,Ni-111-clean-2x2x4-convergence-kpoints-19,self,/data/Chapter6/Ni-slabs.hdf,585
Ni-slabs,Ni-111-clean-2x2x4-convergence-kpoints-8,Ni16,-35.30066294,Ni-111-clean-2x2x4-convergence-kpoints-8,self,/data/Chapter6/Ni-slabs.hdf,586
Ni-slabs,Ni-111-clean-2x2x4-convergence-kpoints-backup-9,Ni16,-35.26584275,Ni-111-clean-2x2x4-convergence-kpoints-backup-9,self,/data/Chapter6/Ni-slabs.hdf,587
Ni-slabs,Ni-111-clean-2x2x4-convergence-kpoints-backup-7,Ni16,-35.25468022,Ni-111-clean-2x2x4-convergence-kpoints-backup-7,self,/data/Chapter6/Ni-slabs.hdf,588
Ni-slabs,Ni-111-clean-2x2x4-convergence-kpoints-backup-6,Ni16,-35.23619285,Ni-111-clean-2x2x4-convergence-kpoints-backup-6,self,/data/Chapter6/Ni-slabs.hdf,589
Ni-slabs,Ni-111-clean-2x2x4-convergence-kpoints-backup-10,Ni16,-35.26352583,Ni-111-clean-2x2x4-convergence-kpoints-backup-10,self,/data/Chapter6/Ni-slabs.hdf,590
Ni-slabs,Ni-111-clean-2x2x4-convergence-kpoints-backup-8,Ni16,-35.30067449,Ni-111-clean-2x2x4-convergence-kpoints-backup-8,self,/data/Chapter6/Ni-slabs.hdf,591
Ni-slabs,Ni-111-clean-2x2x4-convergence-kpoints-backup-4,Ni16,-35.36915985,Ni-111-clean-2x2x4-convergence-kpoints-backup-4,self,/data/Chapter6/Ni-slabs.hdf,592
Ni-slabs,Ni-111-clean-2x2x4-convergence-kpoints-backup-3,Ni16,-35.45667805,Ni-111-clean-2x2x4-convergence-kpoints-backup-3,self,/data/Chapter6/Ni-slabs.hdf,593
Ni-slabs,Ni-111-clean-2x2x4-convergence-kpoints-backup-2,Ni16,-36.1543747,Ni-111-clean-2x2x4-convergence-kpoints-backup-2,self,/data/Chapter6/Ni-slabs.hdf,594
Ni-slabs,Ni-111-clean-2x2x4-convergence-kpoints-backup-5,Ni16,-35.23556297,Ni-111-clean-2x2x4-convergence-kpoints-backup-5,self,/data/Chapter6/Ni-slabs.hdf,595
Ni-slabs,Ni-111-clean-2x2x4-convergence-kpoints-4,Ni16,-35.36915878,Ni-111-clean-2x2x4-convergence-kpoints-4,self,/data/Chapter6/Ni-slabs.hdf,596
Ni-slabs,Ni-111-clean-2x2x4-convergence-kpoints-15,Ni16,-35.26857034,Ni-111-clean-2x2x4-convergence-kpoints-15,self,/data/Chapter6/Ni-slabs.hdf,597
Ni-slabs,Ni-111-clean-2x2x4-convergence-kpoints-3,Ni16,-35.45653086,Ni-111-clean-2x2x4-convergence-kpoints-3,self,/data/Chapter6/Ni-slabs.hdf,598
Ni-slabs,Ni-111-clean-2x2x4-convergence-kpoints-12,Ni16,-35.28027949,Ni-111-clean-2x2x4-convergence-kpoints-12,self,/data/Chapter6/Ni-slabs.hdf,599
Ni-slabs,Ni-111-clean-2x2x4-convergence-kpoints-2,Ni16,-36.1543747,Ni-111-clean-2x2x4-convergence-kpoints-2,self,/data/Chapter6/Ni-slabs.hdf,600
Ni-slabs,Ni-111-clean-2x2x4-convergence-kpoints-13,Ni16,-35.2822347,Ni-111-clean-2x2x4-convergence-kpoints-13,self,/data/Chapter6/Ni-slabs.hdf,601
Ni-slabs,Ni-111-clean-2x2x4-convergence-kpoints-5,Ni16,-35.23490099,Ni-111-clean-2x2x4-convergence-kpoints-5,self,/data/Chapter6/Ni-slabs.hdf,602
Ni-slabs,Ni-111-clean-2x2x4-convergence-kpoints-14,Ni16,-35.27708983,Ni-111-clean-2x2x4-convergence-kpoints-14,self,/data/Chapter6/Ni-slabs.hdf,603
Ni-slabs,Ni-111-clean-2x2x4-Hx2-honeycomb,H2Ni16,-43.13483144,Ni-111-clean-2x2x4-Hx2-honeycomb,self,/data/Chapter6/Ni-slabs.hdf,604
Ni-slabs,Ni-111-clean-2x2x4-OH-A-1,HNi16O,-44.49954711,Ni-111-clean-2x2x4-OH-A-1,self,/data/Chapter6/Ni-slabs.hdf,605
Ni-slabs,Ni-111-clean-2x2x4-Ox3-1,Ni16O3,-48.9600281,Ni-111-clean-2x2x4-Ox3-1,self,/data/Chapter6/Ni-slabs.hdf,606
Ni-slabs,Ni-111-clean-2x2x4-Ox2-1,Ni16O2,-45.31432912,Ni-111-clean-2x2x4-Ox2-1,self,/data/Chapter6/Ni-slabs.hdf,607
Ni-slabs,Ni-111-clean-2x2x4-OHx2-A-1,H2Ni16O2,-53.08007637,Ni-111-clean-2x2x4-OHx2-A-1,self,/data/Chapter6/Ni-slabs.hdf,611
Ni-slabs,Ni-111-clean-2x2x5,Ni20,-45.38516783,Ni-111-clean-2x2x5,self,/data/Chapter6/Ni-slabs.hdf,612
Ni-slabs,Ni-111-clean-o_6x6x4,Ni144,-317.30776929,Ni-111-clean-o_6x6x4,self,/data/Chapter6/Ni-slabs.hdf,613
Ni-slabs,Ni-111-clean-o_6x6x4-Al20O20,Al24Ni144O24,-590.31072941,Ni-111-clean-o_6x6x4-Al20O20,self,/data/Chapter6/Ni-slabs.hdf,614
Ni-slabs,Ni-111-clean-o_6x6x4-Ga20O20,Ga24Ni144O24,-520.41202625,Ni-111-clean-o_6x6x4-Ga20O20,self,/data/Chapter6/Ni-slabs.hdf,615
Ni-slabs,Ni-111-clean-7x8x2,Ni112,-211.12652783,Ni-111-clean-7x8x2,self,/data/Chapter6/Ni-slabs.hdf,616
Ni-slabs,Ni-111-clean-7x8x2-MgOwire,0,0.0,Ni-111-clean-7x8x2-MgOwire,missing,/data/Chapter6/Ni-slabs.hdf,618
Ni-slabs,Ni-111-clean-7x8x2-MgOwire-CHO-1,0,0.0,Ni-111-clean-7x8x2-MgOwire-CHO-1,missing,/data/Chapter6/Ni-slabs.hdf,620
Ni-slabs,Ni-111-clean-6x6x4,Ni144,-317.14206485,Ni-111-clean-6x6x4,self,/data/Chapter6/Ni-slabs.hdf,623
Ni-slabs,Ni-111-clean-6x6x4-Ga25O25,Ga25Ni144O25,-528.49141523,Ni-111-clean-6x6x4-Ga25O25,self,/data/Chapter6/Ni-slabs.hdf,624
Ni-slabs,Ni-111-clean-4x4x6,Ni96,-221.79004182,Ni-111-clean-4x4x6,self,/data/Chapter6/Ni-slabs.hdf,625
Ni-slabs,Ni-111-clean-o_2x2x4,Ni16,-35.25587584,Ni-111-clean-o_2x2x4,self,/data/Chapter6/Ni-slabs.hdf,626
Ni-slabs,Ni-111-clean-o_2x2x4-convergence-kpoints-20,Ni16,-35.27389887,Ni-111-clean-o_2x2x4-convergence-kpoints-20,self,/data/Chapter6/Ni-slabs.hdf,627
Ni-slabs,Ni-111-clean-o_2x2x4-convergence-kpoints-18,Ni16,-35.2748905,Ni-111-clean-o_2x2x4-convergence-kpoints-18,self,/data/Chapter6/Ni-slabs.hdf,628
Ni-slabs,Ni-111-clean-o_2x2x4-convergence-kpoints-9,Ni16,-35.27640202,Ni-111-clean-o_2x2x4-convergence-kpoints-9,self,/data/Chapter6/Ni-slabs.hdf,629
Ni-slabs,Ni-111-clean-o_2x2x4-convergence-kpoints-11,Ni16,-35.27652988,Ni-111-clean-o_2x2x4-convergence-kpoints-11,self,/data/Chapter6/Ni-slabs.hdf,630
Ni-slabs,Ni-111-clean-o_2x2x4-convergence-kpoints-7,Ni16,-35.27014819,Ni-111-clean-o_2x2x4-convergence-kpoints-7,self,/data/Chapter6/Ni-slabs.hdf,631
Ni-slabs,Ni-111-clean-o_2x2x4-convergence-kpoints-16,Ni16,-35.27045929,Ni-111-clean-o_2x2x4-convergence-kpoints-16,self,/data/Chapter6/Ni-slabs.hdf,632
Ni-slabs,Ni-111-clean-o_2x2x4-convergence-kpoints-6,Ni16,-35.25587584,Ni-111-clean-o_2x2x4-convergence-kpoints-6,self,/data/Chapter6/Ni-slabs.hdf,633
Ni-slabs,Ni-111-clean-o_2x2x4-convergence-kpoints-17,Ni16,-35.27308589,Ni-111-clean-o_2x2x4-convergence-kpoints-17,self,/data/Chapter6/Ni-slabs.hdf,634
Ni-slabs,Ni-111-clean-o_2x2x4-convergence-kpoints-10,Ni16,-35.27097635,Ni-111-clean-o_2x2x4-convergence-kpoints-10,self,/data/Chapter6/Ni-slabs.hdf,635
Ni-slabs,Ni-111-clean-o_2x2x4-convergence-kpoints-19,Ni16,-35.27432992,Ni-111-clean-o_2x2x4-convergence-kpoints-19,self,/data/Chapter6/Ni-slabs.hdf,636
Ni-slabs,Ni-111-clean-o_2x2x4-convergence-kpoints-8,Ni16,-35.27802981,Ni-111-clean-o_2x2x4-convergence-kpoints-8,self,/data/Chapter6/Ni-slabs.hdf,637
Ni-slabs,Ni-111-clean-o_2x2x4-convergence-kpoints-4,Ni16,-35.28672639,Ni-111-clean-o_2x2x4-convergence-kpoints-4,self,/data/Chapter6/Ni-slabs.hdf,638
Ni-slabs,Ni-111-clean-o_2x2x4-convergence-kpoints-15,Ni16,-35.27265289,Ni-111-clean-o_2x2x4-convergence-kpoints-15,self,/data/Chapter6/Ni-slabs.hdf,639
Ni-slabs,Ni-111-clean-o_2x2x4-convergence-kpoints-3,Ni16,-35.41643572,Ni-111-clean-o_2x2x4-convergence-kpoints-3,self,/data/Chapter6/Ni-slabs.hdf,640
Ni-slabs,Ni-111-clean-o_2x2x4-convergence-kpoints-12,Ni16,-35.27811449,Ni-111-clean-o_2x2x4-convergence-kpoints-12,self,/data/Chapter6/Ni-slabs.hdf,641
Ni-slabs,Ni-111-clean-o_2x2x4-convergence-kpoints-13,Ni16,-35.2741203,Ni-111-clean-o_2x2x4-convergence-kpoints-13,self,/data/Chapter6/Ni-slabs.hdf,642
Ni-slabs,Ni-111-clean-o_2x2x4-convergence-kpoints-5,Ni16,-35.24451669,Ni-111-clean-o_2x2x4-convergence-kpoints-5,self,/data/Chapter6/Ni-slabs.hdf,643
Ni-slabs,Ni-111-clean-o_2x2x4-convergence-kpoints-14,Ni16,-35.27393412,Ni-111-clean-o_2x2x4-convergence-kpoints-14,self,/data/Chapter6/Ni-slabs.hdf,644
Ni-slabs,Ni-111-clean-3x3x6,Ni54,-124.7539801,Ni-111-clean-3x3x6,self,/data/Chapter6/Ni-slabs.hdf,645
Ni-slabs,Ni-111-clean-3x3x6-convergence-kpoints-9,Ni54,-124.86969081,Ni-111-clean-3x3x6-convergence-kpoints-9,self,/data/Chapter6/Ni-slabs.hdf,646
Ni-slabs,Ni-111-clean-3x3x6-convergence-kpoints-7,Ni54,-124.87004596,Ni-111-clean-3x3x6-convergence-kpoints-7,self,/data/Chapter6/Ni-slabs.hdf,647
Ni-slabs,Ni-111-clean-3x3x6-convergence-kpoints-6,Ni54,-124.84775048,Ni-111-clean-3x3x6-convergence-kpoints-6,self,/data/Chapter6/Ni-slabs.hdf,648
Ni-slabs,Ni-111-clean-3x3x6-convergence-kpoints-10,Ni54,-124.84702785,Ni-111-clean-3x3x6-convergence-kpoints-10,self,/data/Chapter6/Ni-slabs.hdf,649
Ni-slabs,Ni-111-clean-3x3x6-convergence-kpoints-8,Ni54,-124.87019007,Ni-111-clean-3x3x6-convergence-kpoints-8,self,/data/Chapter6/Ni-slabs.hdf,650
Ni-slabs,Ni-111-clean-3x3x6-convergence-kpoints-4,Ni54,-124.75397964,Ni-111-clean-3x3x6-convergence-kpoints-4,self,/data/Chapter6/Ni-slabs.hdf,651
Ni-slabs,Ni-111-clean-3x3x6-convergence-kpoints-3,Ni54,-124.82806764,Ni-111-clean-3x3x6-convergence-kpoints-3,self,/data/Chapter6/Ni-slabs.hdf,652
Ni-slabs,Ni-111-clean-3x3x6-convergence-kpoints-5,Ni54,-124.8457785,Ni-111-clean-3x3x6-convergence-kpoints-5,self,/data/Chapter6/Ni-slabs.hdf,653
Ni-slabs,Ni-111-clean-o_5x4x4,Ni80,-176.29757035,Ni-111-clean-o_5x4x4,self,/data/Chapter6/Ni-slabs.hdf,654
Ni-slabs,Ni-111-clean-o_5x4x4-Ga12O18-g,Ga12Ni80O18,-303.5330369,Ni-111-clean-o_5x4x4-Ga12O18-g,self,/data/Chapter6/Ni-slabs.hdf,655
Ni-slabs,Ni-111-clean-o_5x4x4-Ga12O18-g_flipped,0,0.0,Ni-111-clean-o_5x4x4-Ga12O18-g_flipped,missing,/data/Chapter6/Ni-slabs.hdf,656
Ni-slabs,Ni-111-clean-o_5x4x4-Ga12O18-g_flipped-reducedcell,Ga12Ni60O18,-253.79802934,Ni-111-clean-o_5x4x4-Ga12O18-g_flipped-reducedcell,self,/data/Chapter6/Ni-slabs.hdf,657
Ni-slabs,Ni-111-clean-o_4x4x4,Ni64,-141.02963962,Ni-111-clean-o_4x4x4,self,/data/Chapter6/Ni-slabs.hdf,658
Ni-slabs,Ni-111-clean-o_4x4x4-convergence-kpoints-9,Ni64,-141.10569864,Ni-111-clean-o_4x4x4-convergence-kpoints-9,self,/data/Chapter6/Ni-slabs.hdf,659
Ni-slabs,Ni-111-clean-o_4x4x4-convergence-kpoints-7,Ni64,-141.10187375,Ni-111-clean-o_4x4x4-convergence-kpoints-7,self,/data/Chapter6/Ni-slabs.hdf,660
Ni-slabs,Ni-111-clean-o_4x4x4-convergence-kpoints-6,Ni64,-141.11859439,Ni-111-clean-o_4x4x4-convergence-kpoints-6,self,/data/Chapter6/Ni-slabs.hdf,661
Ni-slabs,Ni-111-clean-o_4x4x4-convergence-kpoints-10,Ni64,-141.10173395,Ni-111-clean-o_4x4x4-convergence-kpoints-10,self,/data/Chapter6/Ni-slabs.hdf,662
Ni-slabs,Ni-111-clean-o_4x4x4-convergence-kpoints-8,Ni64,-141.08797382,Ni-111-clean-o_4x4x4-convergence-kpoints-8,self,/data/Chapter6/Ni-slabs.hdf,663
Ni-slabs,Ni-111-clean-o_4x4x4-convergence-kpoints-4,Ni64,-141.11825578,Ni-111-clean-o_4x4x4-convergence-kpoints-4,self,/data/Chapter6/Ni-slabs.hdf,664
Ni-slabs,Ni-111-clean-o_4x4x4-convergence-kpoints-3,Ni64,-141.02963962,Ni-111-clean-o_4x4x4-convergence-kpoints-3,self,/data/Chapter6/Ni-slabs.hdf,665
Ni-slabs,Ni-111-clean-o_4x4x4-convergence-kpoints-5,Ni64,-141.09004158,Ni-111-clean-o_4x4x4-convergence-kpoints-5,self,/data/Chapter6/Ni-slabs.hdf,666
Ni-slabs,Ni-111-clean-2x2x6,Ni24,-55.44472987,Ni-111-clean-2x2x6,self,/data/Chapter6/Ni-slabs.hdf,667
Ni-slabs,Ni-111-clean-o_7x4x4,Ni112,-246.87033183,Ni-111-clean-o_7x4x4,self,/data/Chapter6/Ni-slabs.hdf,668
Ni-slabs,Ni-111-clean-o_7x4x4-Ga18O27-f_flipped,0,0.0,Ni-111-clean-o_7x4x4-Ga18O27-f_flipped,missing,/data/Chapter6/Ni-slabs.hdf,669
Ni-slabs,Ni-111-clean-o_7x4x4-Ga18O27-f_flipped-reducedcell,0,0.0,Ni-111-clean-o_7x4x4-Ga18O27-f_flipped-reducedcell,missing,/data/Chapter6/Ni-slabs.hdf,670
Ni-slabs,Ni-111-clean-o_7x4x4-Ga18O27-f,Ga18Ni112O27,-438.31956845,Ni-111-clean-o_7x4x4-Ga18O27-f,self,/data/Chapter6/Ni-slabs.hdf,671
Ni-slabs,Ni-111-clean-4x4x5,Ni80,-181.5533997,Ni-111-clean-4x4x5,self,/data/Chapter6/Ni-slabs.hdf,672
Ni-slabs,Ni-111-clean-4x4x4,Ni64,-140.95088408,Ni-111-clean-4x4x4,self,/data/Chapter6/Ni-slabs.hdf,673
Ni-slabs,Ni-111-clean-4x4x4-OHAlO-1,HAlNi64O2,-160.24736767,Ni-111-clean-4x4x4-OHAlO-1,self,/data/Chapter6/Ni-slabs.hdf,674
Ni-slabs,Ni-111-clean-4x4x4-GaO-1,GaNi64O,-148.76533619,Ni-111-clean-4x4x4-GaO-1,self,/data/Chapter6/Ni-slabs.hdf,675
Ni-slabs,Ni-111-clean-4x4x4-GaOH-1,HGaNi64O,-152.94175805,Ni-111-clean-4x4x4-GaOH-1,self,/data/Chapter6/Ni-slabs.hdf,676
Ni-slabs,Ni-111-clean-4x4x4-Ga-1,GaNi64,-143.31354267,Ni-111-clean-4x4x4-Ga-1,self,/data/Chapter6/Ni-slabs.hdf,677
Ni-slabs,Ni-111-clean-4x4x4-Ga12O12-a,0,0.0,Ni-111-clean-4x4x4-Ga12O12-a,missing,/data/Chapter6/Ni-slabs.hdf,678
Ni-slabs,Ni-111-clean-4x4x4-Ga12O12-e,Ga12Ni64O12,-239.08214468,Ni-111-clean-4x4x4-Ga12O12-e,self,/data/Chapter6/Ni-slabs.hdf,679
Ni-slabs,Ni-111-clean-4x4x4-Na-1,NaNi64,-142.40437881,Ni-111-clean-4x4x4-Na-1,self,/data/Chapter6/Ni-slabs.hdf,680
Ni-slabs,Ni-111-clean-4x4x4-Zn9O9-1,Ni64O9Zn9,-174.22475671,Ni-111-clean-4x4x4-Zn9O9-1,self,/data/Chapter6/Ni-slabs.hdf,681
Ni-slabs,Ni-111-clean-4x4x4-Zn9O9-1-backup,0,0.0,Ni-111-clean-4x4x4-Zn9O9-1-backup,missing,/data/Chapter6/Ni-slabs.hdf,682
Ni-slabs,Ni-111-clean-4x4x4-convergence-kpoints-9,0,0.0,Ni-111-clean-4x4x4-convergence-kpoints-9,missing,/data/Chapter6/Ni-slabs.hdf,683
Ni-slabs,Ni-111-clean-4x4x4-convergence-kpoints-7,Ni64,-141.11444262,Ni-111-clean-4x4x4-convergence-kpoints-7,self,/data/Chapter6/Ni-slabs.hdf,684
Ni-slabs,Ni-111-clean-4x4x4-convergence-kpoints-6,Ni64,-141.12720255,Ni-111-clean-4x4x4-convergence-kpoints-6,self,/data/Chapter6/Ni-slabs.hdf,685
Ni-slabs,Ni-111-clean-4x4x4-convergence-kpoints-10,0,0.0,Ni-111-clean-4x4x4-convergence-kpoints-10,missing,/data/Chapter6/Ni-slabs.hdf,686
Ni-slabs,Ni-111-clean-4x4x4-convergence-kpoints-8,Ni64,-141.06179043,Ni-111-clean-4x4x4-convergence-kpoints-8,self,/data/Chapter6/Ni-slabs.hdf,687
Ni-slabs,Ni-111-clean-4x4x4-convergence-kpoints-4,Ni64,-141.20873503,Ni-111-clean-4x4x4-convergence-kpoints-4,self,/data/Chapter6/Ni-slabs.hdf,688
Ni-slabs,Ni-111-clean-4x4x4-convergence-kpoints-3,Ni64,-140.95088408,Ni-111-clean-4x4x4-convergence-kpoints-3,self,/data/Chapter6/Ni-slabs.hdf,689
Ni-slabs,Ni-111-clean-4x4x4-convergence-kpoints-5,Ni64,-141.05972948,Ni-111-clean-4x4x4-convergence-kpoints-5,self,/data/Chapter6/Ni-slabs.hdf,690
Ni-slabs,Ni-111-clean-4x4x4-Zn-1,Ni64Zn,-139.4096227,Ni-111-clean-4x4x4-Zn-1,self,/data/Chapter6/Ni-slabs.hdf,691
Ni-slabs,Ni-111-clean-4x4x4-AlOH-1,HAlNi64O,-154.7585097,Ni-111-clean-4x4x4-AlOH-1,self,/data/Chapter6/Ni-slabs.hdf,692
Ni-slabs,Ni-111-clean-4x4x4-NaOH-1,0,0.0,Ni-111-clean-4x4x4-NaOH-1,missing,/data/Chapter6/Ni-slabs.hdf,693
Ni-slabs,Ni-111-clean-4x4x4-NaOH-2,HNaNi64O,-151.91945706,Ni-111-clean-4x4x4-NaOH-2,self,/data/Chapter6/Ni-slabs.hdf,694
Ni-slabs,Ni-111-clean-4x4x4-K-1,KNi64,-141.75586862,Ni-111-clean-4x4x4-K-1,self,/data/Chapter6/Ni-slabs.hdf,695
Ni-slabs,Ni-111-clean-4x4x4-OHGaO-1,HGaNi64O2,-158.4300219,Ni-111-clean-4x4x4-OHGaO-1,self,/data/Chapter6/Ni-slabs.hdf,696
Ni-slabs,Ni-111-clean-4x4x4-KOH-1,0,0.0,Ni-111-clean-4x4x4-KOH-1,missing,/data/Chapter6/Ni-slabs.hdf,697
Ni-slabs,Ni-111-clean-4x4x4-KOH-2,HKNi64O,-151.10096742,Ni-111-clean-4x4x4-KOH-2,self,/data/Chapter6/Ni-slabs.hdf,698
Ni-slabs,Ni-111-clean-3x3x4,Ni36,-79.28252769,Ni-111-clean-3x3x4,self,/data/Chapter6/Ni-slabs.hdf,699
Ni-slabs,Ni-111-clean-3x3x4-H2COH-AA,CH3Ni36O,-102.80813645,Ni-111-clean-3x3x4-H2COH-AA,self,/data/Chapter6/Ni-slabs.hdf,700
Ni-slabs,Ni-111-clean-3x3x4-H2COO-AA-1,CH2Ni36O2,-104.28191336,Ni-111-clean-3x3x4-H2COO-AA-1,self,/data/Chapter6/Ni-slabs.hdf,702
Ni-slabs,Ni-111-clean-3x3x4-H2COO-AA-2,CH2Ni36O2,-104.40296024,Ni-111-clean-3x3x4-H2COO-AA-2,self,/data/Chapter6/Ni-slabs.hdf,703
Ni-slabs,Ni-111-clean-3x3x4-O-fcc,Ni36O,-84.81672917,Ni-111-clean-3x3x4-O-fcc,self,/data/Chapter6/Ni-slabs.hdf,714
Ni-slabs,Ni-111-clean-3x3x4-O-AA,Ni36O,-84.8172052,Ni-111-clean-3x3x4-O-AA,self,/data/Chapter6/Ni-slabs.hdf,715
Ni-slabs,Ni-111-clean-3x3x4-H-AA-top,HNi36,-82.6593157,Ni-111-clean-3x3x4-H-AA-top,self,/data/Chapter6/Ni-slabs.hdf,716
Ni-slabs,Ni-111-clean-3x3x4-H-AA-fcc,HNi36,-83.1884645,Ni-111-clean-3x3x4-H-AA-fcc,self,/data/Chapter6/Ni-slabs.hdf,717
Ni-slabs,Ni-111-clean-3x3x4-convergence-kpoints-9,Ni36,-79.35112162,Ni-111-clean-3x3x4-convergence-kpoints-9,self,/data/Chapter6/Ni-slabs.hdf,718
Ni-slabs,Ni-111-clean-3x3x4-convergence-kpoints-11,Ni36,-79.37636365,Ni-111-clean-3x3x4-convergence-kpoints-11,self,/data/Chapter6/Ni-slabs.hdf,719
Ni-slabs,Ni-111-clean-3x3x4-convergence-kpoints-7,Ni36,-79.35807128,Ni-111-clean-3x3x4-convergence-kpoints-7,self,/data/Chapter6/Ni-slabs.hdf,720
Ni-slabs,Ni-111-clean-3x3x4-convergence-kpoints-6,Ni36,-79.34840962,Ni-111-clean-3x3x4-convergence-kpoints-6,self,/data/Chapter6/Ni-slabs.hdf,721
Ni-slabs,Ni-111-clean-3x3x4-convergence-kpoints-10,Ni36,-79.35524437,Ni-111-clean-3x3x4-convergence-kpoints-10,self,/data/Chapter6/Ni-slabs.hdf,722
Ni-slabs,Ni-111-clean-3x3x4-convergence-kpoints-8,Ni36,-79.3816408,Ni-111-clean-3x3x4-convergence-kpoints-8,self,/data/Chapter6/Ni-slabs.hdf,723
Ni-slabs,Ni-111-clean-3x3x4-convergence-kpoints-4,Ni36,-79.28252769,Ni-111-clean-3x3x4-convergence-kpoints-4,self,/data/Chapter6/Ni-slabs.hdf,724
Ni-slabs,Ni-111-clean-3x3x4-convergence-kpoints-3,Ni36,-79.3904904,Ni-111-clean-3x3x4-convergence-kpoints-3,self,/data/Chapter6/Ni-slabs.hdf,725
Ni-slabs,Ni-111-clean-3x3x4-convergence-kpoints-12,Ni36,-79.37592296,Ni-111-clean-3x3x4-convergence-kpoints-12,self,/data/Chapter6/Ni-slabs.hdf,726
Ni-slabs,Ni-111-clean-3x3x4-convergence-kpoints-13,Ni36,-79.36317546,Ni-111-clean-3x3x4-convergence-kpoints-13,self,/data/Chapter6/Ni-slabs.hdf,727
Ni-slabs,Ni-111-clean-3x3x4-convergence-kpoints-5,Ni36,-79.32946775,Ni-111-clean-3x3x4-convergence-kpoints-5,self,/data/Chapter6/Ni-slabs.hdf,728
Ni-slabs,Ni-111-clean-3x3x4-convergence-kpoints-14,Ni36,-79.35886359,Ni-111-clean-3x3x4-convergence-kpoints-14,self,/data/Chapter6/Ni-slabs.hdf,729
Ni-slabs,Ni-111-clean-3x3x4-CH3-1,0,0.0,Ni-111-clean-3x3x4-CH3-1,missing,/data/Chapter6/Ni-slabs.hdf,730
Ni-slabs,Ni-111-clean-3x3x4-GaO3-1,0,0.0,Ni-111-clean-3x3x4-GaO3-1,missing,/data/Chapter6/Ni-slabs.hdf,731
Ni-slabs,Ni-111-clean-3x3x4-H2CO-AA,CH2Ni36O,-99.51950407,Ni-111-clean-3x3x4-H2CO-AA,self,/data/Chapter6/Ni-slabs.hdf,734
Ni-slabs,Ni-111-clean-3x3x4-OH-fcc,HNi36O,-88.78525269,Ni-111-clean-3x3x4-OH-fcc,self,/data/Chapter6/Ni-slabs.hdf,735
Ni-slabs,Ni-111-clean-3x3x4-OH-AA,HNi36O,-88.66526401,Ni-111-clean-3x3x4-OH-AA,self,/data/Chapter6/Ni-slabs.hdf,736
Ni-slabs,Ni-111-clean-3x3x4-C-1,0,0.0,Ni-111-clean-3x3x4-C-1,missing,/data/Chapter6/Ni-slabs.hdf,738
Ni-slabs,Ni-111-clean-3x3x4-C-2,0,0.0,Ni-111-clean-3x3x4-C-2,missing,/data/Chapter6/Ni-slabs.hdf,739
Ni-slabs,Ni-111-clean-3x3x5,Ni45,-102.12044759,Ni-111-clean-3x3x5,self,/data/Chapter6/Ni-slabs.hdf,741
Ni-slabs,Ni-111-clean-3x3x5-convergence-kpoints-9,Ni45,-102.1327914,Ni-111-clean-3x3x5-convergence-kpoints-9,self,/data/Chapter6/Ni-slabs.hdf,742
Ni-slabs,Ni-111-clean-3x3x5-convergence-kpoints-7,Ni45,-102.1530855,Ni-111-clean-3x3x5-convergence-kpoints-7,self,/data/Chapter6/Ni-slabs.hdf,743
Ni-slabs,Ni-111-clean-3x3x5-convergence-kpoints-6,Ni45,-102.16118264,Ni-111-clean-3x3x5-convergence-kpoints-6,self,/data/Chapter6/Ni-slabs.hdf,744
Ni-slabs,Ni-111-clean-3x3x5-convergence-kpoints-10,Ni45,-102.14751209,Ni-111-clean-3x3x5-convergence-kpoints-10,self,/data/Chapter6/Ni-slabs.hdf,745
Ni-slabs,Ni-111-clean-3x3x5-convergence-kpoints-8,Ni45,-102.1247434,Ni-111-clean-3x3x5-convergence-kpoints-8,self,/data/Chapter6/Ni-slabs.hdf,746
Ni-slabs,Ni-111-clean-3x3x5-convergence-kpoints-4,Ni45,-102.12044697,Ni-111-clean-3x3x5-convergence-kpoints-4,self,/data/Chapter6/Ni-slabs.hdf,747
Ni-slabs,Ni-111-clean-3x3x5-convergence-kpoints-3,Ni45,-102.04385619,Ni-111-clean-3x3x5-convergence-kpoints-3,self,/data/Chapter6/Ni-slabs.hdf,748
Ni-slabs,Ni-111-clean-3x3x5-convergence-kpoints-5,Ni45,-102.22050523,Ni-111-clean-3x3x5-convergence-kpoints-5,self,/data/Chapter6/Ni-slabs.hdf,749
Ni-slabs,Ni-111-Zn-2x2x4-1,Ni15Zn,-31.54423343,Ni-111-Zn-2x2x4-1,self,/data/Chapter6/Ni-slabs.hdf,750
Ni-slabs,Ni-111-Zn-2x2x4-1-convergence-kpoints-20,Ni15Zn,-31.56695337,Ni-111-Zn-2x2x4-1-convergence-kpoints-20,self,/data/Chapter6/Ni-slabs.hdf,751
Ni-slabs,Ni-111-Zn-2x2x4-1-convergence-kpoints-18,Ni15Zn,-31.56171973,Ni-111-Zn-2x2x4-1-convergence-kpoints-18,self,/data/Chapter6/Ni-slabs.hdf,752
Ni-slabs,Ni-111-Zn-2x2x4-1-convergence-kpoints-9,Ni15Zn,-31.56497783,Ni-111-Zn-2x2x4-1-convergence-kpoints-9,self,/data/Chapter6/Ni-slabs.hdf,753
Ni-slabs,Ni-111-Zn-2x2x4-1-convergence-kpoints-11,Ni15Zn,-31.56077126,Ni-111-Zn-2x2x4-1-convergence-kpoints-11,self,/data/Chapter6/Ni-slabs.hdf,754
Ni-slabs,Ni-111-Zn-2x2x4-1-convergence-kpoints-7,Ni15Zn,-31.5443783,Ni-111-Zn-2x2x4-1-convergence-kpoints-7,self,/data/Chapter6/Ni-slabs.hdf,755
Ni-slabs,Ni-111-Zn-2x2x4-1-convergence-kpoints-16,Ni15Zn,-31.56221818,Ni-111-Zn-2x2x4-1-convergence-kpoints-16,self,/data/Chapter6/Ni-slabs.hdf,756
Ni-slabs,Ni-111-Zn-2x2x4-1-convergence-kpoints-6,Ni15Zn,-31.54423284,Ni-111-Zn-2x2x4-1-convergence-kpoints-6,self,/data/Chapter6/Ni-slabs.hdf,757
Ni-slabs,Ni-111-Zn-2x2x4-1-convergence-kpoints-17,Ni15Zn,-31.558294,Ni-111-Zn-2x2x4-1-convergence-kpoints-17,self,/data/Chapter6/Ni-slabs.hdf,758
Ni-slabs,Ni-111-Zn-2x2x4-1-convergence-kpoints-10,Ni15Zn,-31.55966877,Ni-111-Zn-2x2x4-1-convergence-kpoints-10,self,/data/Chapter6/Ni-slabs.hdf,759
Ni-slabs,Ni-111-Zn-2x2x4-1-convergence-kpoints-19,Ni15Zn,-31.56604691,Ni-111-Zn-2x2x4-1-convergence-kpoints-19,self,/data/Chapter6/Ni-slabs.hdf,760
Ni-slabs,Ni-111-Zn-2x2x4-1-convergence-kpoints-8,Ni15Zn,-31.56499029,Ni-111-Zn-2x2x4-1-convergence-kpoints-8,self,/data/Chapter6/Ni-slabs.hdf,761
Ni-slabs,Ni-111-Zn-2x2x4-1-convergence-kpoints-4,Ni15Zn,-31.67087912,Ni-111-Zn-2x2x4-1-convergence-kpoints-4,self,/data/Chapter6/Ni-slabs.hdf,762
Ni-slabs,Ni-111-Zn-2x2x4-1-convergence-kpoints-15,Ni15Zn,-31.56486302,Ni-111-Zn-2x2x4-1-convergence-kpoints-15,self,/data/Chapter6/Ni-slabs.hdf,763
Ni-slabs,Ni-111-Zn-2x2x4-1-convergence-kpoints-3,Ni15Zn,-31.77964254,Ni-111-Zn-2x2x4-1-convergence-kpoints-3,self,/data/Chapter6/Ni-slabs.hdf,764
Ni-slabs,Ni-111-Zn-2x2x4-1-convergence-kpoints-12,Ni15Zn,-31.56317584,Ni-111-Zn-2x2x4-1-convergence-kpoints-12,self,/data/Chapter6/Ni-slabs.hdf,765
Ni-slabs,Ni-111-Zn-2x2x4-1-convergence-kpoints-13,Ni15Zn,-31.57048629,Ni-111-Zn-2x2x4-1-convergence-kpoints-13,self,/data/Chapter6/Ni-slabs.hdf,766
Ni-slabs,Ni-111-Zn-2x2x4-1-convergence-kpoints-5,Ni15Zn,-31.55699706,Ni-111-Zn-2x2x4-1-convergence-kpoints-5,self,/data/Chapter6/Ni-slabs.hdf,767
Ni-slabs,Ni-111-Zn-2x2x4-1-convergence-kpoints-14,Ni15Zn,-31.57111785,Ni-111-Zn-2x2x4-1-convergence-kpoints-14,self,/data/Chapter6/Ni-slabs.hdf,768
Ni-slabs,Ni-111-Zn-2x2x5-1,Ni19Zn,-41.70452534,Ni-111-Zn-2x2x5-1,self,/data/Chapter6/Ni-slabs.hdf,769
Ni-slabs,Ni-111-Zn-4x4x6-1,Ni95Zn,-218.11351292,Ni-111-Zn-4x4x6-1,self,/data/Chapter6/Ni-slabs.hdf,770
Ni-slabs,Ni-111-Zn-4x4x6-8,Ni88Zn8,-191.42091792,Ni-111-Zn-4x4x6-8,self,/data/Chapter6/Ni-slabs.hdf,771
Ni-slabs,Ni-111-Zn-4x4x6-4,Ni92Zn4,-207.03945902,Ni-111-Zn-4x4x6-4,self,/data/Chapter6/Ni-slabs.hdf,772
Ni-slabs,Ni-111-Zn-4x4x6-12,Ni84Zn12,-174.65549027,Ni-111-Zn-4x4x6-12,self,/data/Chapter6/Ni-slabs.hdf,773
Ni-slabs,Ni-111-Zn-o_2x2x4-1,Ni15Zn,-31.56327207,Ni-111-Zn-o_2x2x4-1,self,/data/Chapter6/Ni-slabs.hdf,774
Ni-slabs,Ni-111-Zn-o_2x2x4-1-convergence-kpoints-20,Ni15Zn,-31.58214302,Ni-111-Zn-o_2x2x4-1-convergence-kpoints-20,self,/data/Chapter6/Ni-slabs.hdf,775
Ni-slabs,Ni-111-Zn-o_2x2x4-1-convergence-kpoints-18,Ni15Zn,-31.58073515,Ni-111-Zn-o_2x2x4-1-convergence-kpoints-18,self,/data/Chapter6/Ni-slabs.hdf,776
Ni-slabs,Ni-111-Zn-o_2x2x4-1-convergence-kpoints-9,Ni15Zn,-31.58076132,Ni-111-Zn-o_2x2x4-1-convergence-kpoints-9,self,/data/Chapter6/Ni-slabs.hdf,777
Ni-slabs,Ni-111-Zn-o_2x2x4-1-convergence-kpoints-11,Ni15Zn,-31.57946107,Ni-111-Zn-o_2x2x4-1-convergence-kpoints-11,self,/data/Chapter6/Ni-slabs.hdf,778
Ni-slabs,Ni-111-Zn-o_2x2x4-1-convergence-kpoints-7,Ni15Zn,-31.58015579,Ni-111-Zn-o_2x2x4-1-convergence-kpoints-7,self,/data/Chapter6/Ni-slabs.hdf,779
Ni-slabs,Ni-111-Zn-o_2x2x4-1-convergence-kpoints-16,Ni15Zn,-31.58129001,Ni-111-Zn-o_2x2x4-1-convergence-kpoints-16,self,/data/Chapter6/Ni-slabs.hdf,780
Ni-slabs,Ni-111-Zn-o_2x2x4-1-convergence-kpoints-6,Ni15Zn,-31.56327229,Ni-111-Zn-o_2x2x4-1-convergence-kpoints-6,self,/data/Chapter6/Ni-slabs.hdf,781
Ni-slabs,Ni-111-Zn-o_2x2x4-1-convergence-kpoints-17,Ni15Zn,-31.58017641,Ni-111-Zn-o_2x2x4-1-convergence-kpoints-17,self,/data/Chapter6/Ni-slabs.hdf,782
Ni-slabs,Ni-111-Zn-o_2x2x4-1-convergence-kpoints-10,Ni15Zn,-31.57709976,Ni-111-Zn-o_2x2x4-1-convergence-kpoints-10,self,/data/Chapter6/Ni-slabs.hdf,783
Ni-slabs,Ni-111-Zn-o_2x2x4-1-convergence-kpoints-19,Ni15Zn,-31.5819684,Ni-111-Zn-o_2x2x4-1-convergence-kpoints-19,self,/data/Chapter6/Ni-slabs.hdf,784
Ni-slabs,Ni-111-Zn-o_2x2x4-1-convergence-kpoints-8,Ni15Zn,-31.58416097,Ni-111-Zn-o_2x2x4-1-convergence-kpoints-8,self,/data/Chapter6/Ni-slabs.hdf,785
Ni-slabs,Ni-111-Zn-o_2x2x4-1-convergence-kpoints-4,Ni15Zn,-31.57952544,Ni-111-Zn-o_2x2x4-1-convergence-kpoints-4,self,/data/Chapter6/Ni-slabs.hdf,786
Ni-slabs,Ni-111-Zn-o_2x2x4-1-convergence-kpoints-15,Ni15Zn,-31.58080062,Ni-111-Zn-o_2x2x4-1-convergence-kpoints-15,self,/data/Chapter6/Ni-slabs.hdf,787
Ni-slabs,Ni-111-Zn-o_2x2x4-1-convergence-kpoints-3,Ni15Zn,-31.74024815,Ni-111-Zn-o_2x2x4-1-convergence-kpoints-3,self,/data/Chapter6/Ni-slabs.hdf,788
Ni-slabs,Ni-111-Zn-o_2x2x4-1-convergence-kpoints-12,Ni15Zn,-31.58333567,Ni-111-Zn-o_2x2x4-1-convergence-kpoints-12,self,/data/Chapter6/Ni-slabs.hdf,789
Ni-slabs,Ni-111-Zn-o_2x2x4-1-convergence-kpoints-13,Ni15Zn,-31.584981,Ni-111-Zn-o_2x2x4-1-convergence-kpoints-13,self,/data/Chapter6/Ni-slabs.hdf,790
Ni-slabs,Ni-111-Zn-o_2x2x4-1-convergence-kpoints-5,Ni15Zn,-31.56096568,Ni-111-Zn-o_2x2x4-1-convergence-kpoints-5,self,/data/Chapter6/Ni-slabs.hdf,791
Ni-slabs,Ni-111-Zn-o_2x2x4-1-convergence-kpoints-14,Ni15Zn,-31.58336713,Ni-111-Zn-o_2x2x4-1-convergence-kpoints-14,self,/data/Chapter6/Ni-slabs.hdf,792
Ni-slabs,Ni-111-Zn-o_2x2x4-3,Ni13Zn3,-23.4701048,Ni-111-Zn-o_2x2x4-3,self,/data/Chapter6/Ni-slabs.hdf,793
Ni-slabs,Ni-111-Zn-3x3x6-6,Ni48Zn6,-101.6944375,Ni-111-Zn-3x3x6-6,self,/data/Chapter6/Ni-slabs.hdf,794
Ni-slabs,Ni-111-Zn-3x3x6-1,Ni53Zn,-121.04509962,Ni-111-Zn-3x3x6-1,self,/data/Chapter6/Ni-slabs.hdf,795
Ni-slabs,Ni-111-Zn-3x3x6-3,Ni51Zn3,-113.65276624,Ni-111-Zn-3x3x6-3,self,/data/Chapter6/Ni-slabs.hdf,796
Ni-slabs,Ni-111-Zn-o_4x4x4-1,Ni63Zn,-137.33847575,Ni-111-Zn-o_4x4x4-1,self,/data/Chapter6/Ni-slabs.hdf,797
Ni-slabs,Ni-111-Zn-o_4x4x4-4-a,Ni60Zn4,-126.18380658,Ni-111-Zn-o_4x4x4-4-a,self,/data/Chapter6/Ni-slabs.hdf,798
Ni-slabs,Ni-111-Zn-o_4x4x4-4-a-convergence-kpoints-9,0,0.0,Ni-111-Zn-o_4x4x4-4-a-convergence-kpoints-9,missing,/data/Chapter6/Ni-slabs.hdf,799
Ni-slabs,Ni-111-Zn-o_4x4x4-4-a-convergence-kpoints-7,0,0.0,Ni-111-Zn-o_4x4x4-4-a-convergence-kpoints-7,missing,/data/Chapter6/Ni-slabs.hdf,800
Ni-slabs,Ni-111-Zn-o_4x4x4-4-a-convergence-kpoints-6,0,0.0,Ni-111-Zn-o_4x4x4-4-a-convergence-kpoints-6,missing,/data/Chapter6/Ni-slabs.hdf,801
Ni-slabs,Ni-111-Zn-o_4x4x4-4-a-convergence-kpoints-10,0,0.0,Ni-111-Zn-o_4x4x4-4-a-convergence-kpoints-10,missing,/data/Chapter6/Ni-slabs.hdf,802
Ni-slabs,Ni-111-Zn-o_4x4x4-4-a-convergence-kpoints-8,0,0.0,Ni-111-Zn-o_4x4x4-4-a-convergence-kpoints-8,missing,/data/Chapter6/Ni-slabs.hdf,803
Ni-slabs,Ni-111-Zn-o_4x4x4-4-a-convergence-kpoints-4,0,0.0,Ni-111-Zn-o_4x4x4-4-a-convergence-kpoints-4,missing,/data/Chapter6/Ni-slabs.hdf,804
Ni-slabs,Ni-111-Zn-o_4x4x4-4-a-convergence-kpoints-3,0,0.0,Ni-111-Zn-o_4x4x4-4-a-convergence-kpoints-3,missing,/data/Chapter6/Ni-slabs.hdf,805
Ni-slabs,Ni-111-Zn-o_4x4x4-4-a-convergence-kpoints-5,0,0.0,Ni-111-Zn-o_4x4x4-4-a-convergence-kpoints-5,missing,/data/Chapter6/Ni-slabs.hdf,806
Ni-slabs,Ni-111-Zn-o_4x4x4-4-b,Ni60Zn4,-126.25930329,Ni-111-Zn-o_4x4x4-4-b,self,/data/Chapter6/Ni-slabs.hdf,807
Ni-slabs,Ni-111-Zn-o_4x4x4-4-b-convergence-kpoints-9,0,0.0,Ni-111-Zn-o_4x4x4-4-b-convergence-kpoints-9,missing,/data/Chapter6/Ni-slabs.hdf,808
Ni-slabs,Ni-111-Zn-o_4x4x4-4-b-convergence-kpoints-7,0,0.0,Ni-111-Zn-o_4x4x4-4-b-convergence-kpoints-7,missing,/data/Chapter6/Ni-slabs.hdf,809
Ni-slabs,Ni-111-Zn-o_4x4x4-4-b-convergence-kpoints-6,0,0.0,Ni-111-Zn-o_4x4x4-4-b-convergence-kpoints-6,missing,/data/Chapter6/Ni-slabs.hdf,810
Ni-slabs,Ni-111-Zn-o_4x4x4-4-b-convergence-kpoints-10,0,0.0,Ni-111-Zn-o_4x4x4-4-b-convergence-kpoints-10,missing,/data/Chapter6/Ni-slabs.hdf,811
Ni-slabs,Ni-111-Zn-o_4x4x4-4-b-convergence-kpoints-8,0,0.0,Ni-111-Zn-o_4x4x4-4-b-convergence-kpoints-8,missing,/data/Chapter6/Ni-slabs.hdf,812
Ni-slabs,Ni-111-Zn-o_4x4x4-4-b-convergence-kpoints-4,0,0.0,Ni-111-Zn-o_4x4x4-4-b-convergence-kpoints-4,missing,/data/Chapter6/Ni-slabs.hdf,813
Ni-slabs,Ni-111-Zn-o_4x4x4-4-b-convergence-kpoints-3,0,0.0,Ni-111-Zn-o_4x4x4-4-b-convergence-kpoints-3,missing,/data/Chapter6/Ni-slabs.hdf,814
Ni-slabs,Ni-111-Zn-o_4x4x4-4-b-convergence-kpoints-2,0,0.0,Ni-111-Zn-o_4x4x4-4-b-convergence-kpoints-2,missing,/data/Chapter6/Ni-slabs.hdf,815
Ni-slabs,Ni-111-Zn-o_4x4x4-4-b-convergence-kpoints-5,0,0.0,Ni-111-Zn-o_4x4x4-4-b-convergence-kpoints-5,missing,/data/Chapter6/Ni-slabs.hdf,816
Ni-slabs,Ni-111-Zn-2x2x6-1,Ni23Zn,-51.75676357,Ni-111-Zn-2x2x6-1,self,/data/Chapter6/Ni-slabs.hdf,817
Ni-slabs,Ni-111-Zn-2x2x6-4,Ni20Zn4,-39.08692243,Ni-111-Zn-2x2x6-4,self,/data/Chapter6/Ni-slabs.hdf,818
Ni-slabs,Ni-111-Zn-2x2x6-3,Ni21Zn3,-43.66085795,Ni-111-Zn-2x2x6-3,self,/data/Chapter6/Ni-slabs.hdf,819
Ni-slabs,Ni-111-Zn-2x2x6-2,Ni22Zn2,-47.85220315,Ni-111-Zn-2x2x6-2,self,/data/Chapter6/Ni-slabs.hdf,820
Ni-slabs,Ni-111-Zn-4x4x5-1,Ni79Zn,-177.90847697,Ni-111-Zn-4x4x5-1,self,/data/Chapter6/Ni-slabs.hdf,821
Ni-slabs,Ni-111-Zn-4x4x4-9,Ni55Zn9,-106.51822492,Ni-111-Zn-4x4x4-9,self,/data/Chapter6/Ni-slabs.hdf,822
Ni-slabs,Ni-111-Zn-4x4x4-7,Ni57Zn7,-114.54276979,Ni-111-Zn-4x4x4-7,self,/data/Chapter6/Ni-slabs.hdf,823
Ni-slabs,Ni-111-Zn-4x4x4-16-bulk-1,Ni48Zn16,-77.75660802,Ni-111-Zn-4x4x4-16-bulk-1,self,/data/Chapter6/Ni-slabs.hdf,824
Ni-slabs,Ni-111-Zn-4x4x4-16-bulk-2,Ni48Zn16,-78.25704059,Ni-111-Zn-4x4x4-16-bulk-2,self,/data/Chapter6/Ni-slabs.hdf,825
Ni-slabs,Ni-111-Zn-4x4x4-16-bulk-2-amorph-1,Ni48Zn16,-78.21669977,Ni-111-Zn-4x4x4-16-bulk-2-amorph-1,self,/data/Chapter6/Ni-slabs.hdf,828
Ni-slabs,Ni-111-Zn-4x4x4-16-a,Ni48Zn16,-75.43533405,Ni-111-Zn-4x4x4-16-a,self,/data/Chapter6/Ni-slabs.hdf,831
Ni-slabs,Ni-111-Zn-4x4x4-6,Ni58Zn6,-118.45298321,Ni-111-Zn-4x4x4-6,self,/data/Chapter6/Ni-slabs.hdf,832
Ni-slabs,Ni-111-Zn-4x4x4-1,Ni63Zn,-137.27212688,Ni-111-Zn-4x4x4-1,self,/data/Chapter6/Ni-slabs.hdf,833
Ni-slabs,Ni-111-Zn-4x4x4-1-convergence-kpoints-9,0,0.0,Ni-111-Zn-4x4x4-1-convergence-kpoints-9,missing,/data/Chapter6/Ni-slabs.hdf,834
Ni-slabs,Ni-111-Zn-4x4x4-1-convergence-kpoints-7,Ni63Zn,-137.42854085,Ni-111-Zn-4x4x4-1-convergence-kpoints-7,self,/data/Chapter6/Ni-slabs.hdf,835
Ni-slabs,Ni-111-Zn-4x4x4-1-convergence-kpoints-6,Ni63Zn,-137.42716351,Ni-111-Zn-4x4x4-1-convergence-kpoints-6,self,/data/Chapter6/Ni-slabs.hdf,836
Ni-slabs,Ni-111-Zn-4x4x4-1-convergence-kpoints-10,0,0.0,Ni-111-Zn-4x4x4-1-convergence-kpoints-10,missing,/data/Chapter6/Ni-slabs.hdf,837
Ni-slabs,Ni-111-Zn-4x4x4-1-convergence-kpoints-8,0,0.0,Ni-111-Zn-4x4x4-1-convergence-kpoints-8,missing,/data/Chapter6/Ni-slabs.hdf,838
Ni-slabs,Ni-111-Zn-4x4x4-1-convergence-kpoints-4,Ni63Zn,-137.488831,Ni-111-Zn-4x4x4-1-convergence-kpoints-4,self,/data/Chapter6/Ni-slabs.hdf,839
Ni-slabs,Ni-111-Zn-4x4x4-1-convergence-kpoints-3,Ni63Zn,-137.27212688,Ni-111-Zn-4x4x4-1-convergence-kpoints-3,self,/data/Chapter6/Ni-slabs.hdf,840
Ni-slabs,Ni-111-Zn-4x4x4-1-convergence-kpoints-5,Ni63Zn,-137.37241522,Ni-111-Zn-4x4x4-1-convergence-kpoints-5,self,/data/Chapter6/Ni-slabs.hdf,841
Ni-slabs,Ni-111-Zn-4x4x4-10,Ni54Zn10,-102.10545274,Ni-111-Zn-4x4x4-10,self,/data/Chapter6/Ni-slabs.hdf,842
Ni-slabs,Ni-111-Zn-4x4x4-8,Ni56Zn8,-110.6296985,Ni-111-Zn-4x4x4-8,self,/data/Chapter6/Ni-slabs.hdf,843
Ni-slabs,Ni-111-Zn-4x4x4-4-a,Ni60Zn4,-126.24262825,Ni-111-Zn-4x4x4-4-a,self,/data/Chapter6/Ni-slabs.hdf,844
Ni-slabs,Ni-111-Zn-4x4x4-4-c,Ni60Zn4,-125.6903223,Ni-111-Zn-4x4x4-4-c,self,/data/Chapter6/Ni-slabs.hdf,845
Ni-slabs,Ni-111-Zn-4x4x4-4-d,Ni60Zn4,-126.24257447,Ni-111-Zn-4x4x4-4-d,self,/data/Chapter6/Ni-slabs.hdf,846
Ni-slabs,Ni-111-Zn-4x4x4-4-d-convergence-kpoints-9,Ni60Zn4,-126.32445211,Ni-111-Zn-4x4x4-4-d-convergence-kpoints-9,self,/data/Chapter6/Ni-slabs.hdf,847
Ni-slabs,Ni-111-Zn-4x4x4-4-d-convergence-kpoints-7,Ni60Zn4,-126.36757391,Ni-111-Zn-4x4x4-4-d-convergence-kpoints-7,self,/data/Chapter6/Ni-slabs.hdf,848
Ni-slabs,Ni-111-Zn-4x4x4-4-d-convergence-kpoints-6,Ni60Zn4,-126.32773175,Ni-111-Zn-4x4x4-4-d-convergence-kpoints-6,self,/data/Chapter6/Ni-slabs.hdf,849
Ni-slabs,Ni-111-Zn-4x4x4-4-d-convergence-kpoints-10,0,0.0,Ni-111-Zn-4x4x4-4-d-convergence-kpoints-10,missing,/data/Chapter6/Ni-slabs.hdf,850
Ni-slabs,Ni-111-Zn-4x4x4-4-d-convergence-kpoints-8,Ni60Zn4,-126.33099667,Ni-111-Zn-4x4x4-4-d-convergence-kpoints-8,self,/data/Chapter6/Ni-slabs.hdf,851
Ni-slabs,Ni-111-Zn-4x4x4-4-d-convergence-kpoints-4,Ni60Zn4,-126.34091762,Ni-111-Zn-4x4x4-4-d-convergence-kpoints-4,self,/data/Chapter6/Ni-slabs.hdf,852
Ni-slabs,Ni-111-Zn-4x4x4-4-d-convergence-kpoints-3,Ni60Zn4,-126.24257109,Ni-111-Zn-4x4x4-4-d-convergence-kpoints-3,self,/data/Chapter6/Ni-slabs.hdf,853
Ni-slabs,Ni-111-Zn-4x4x4-4-d-convergence-kpoints-2,0,0.0,Ni-111-Zn-4x4x4-4-d-convergence-kpoints-2,missing,/data/Chapter6/Ni-slabs.hdf,854
Ni-slabs,Ni-111-Zn-4x4x4-4-d-convergence-kpoints-5,Ni60Zn4,-126.31405009,Ni-111-Zn-4x4x4-4-d-convergence-kpoints-5,self,/data/Chapter6/Ni-slabs.hdf,855
Ni-slabs,Ni-111-Zn-4x4x4-4-e,Ni60Zn4,-126.24257441,Ni-111-Zn-4x4x4-4-e,self,/data/Chapter6/Ni-slabs.hdf,856
Ni-slabs,Ni-111-Zn-4x4x4-4-e-convergence-kpoints-9,0,0.0,Ni-111-Zn-4x4x4-4-e-convergence-kpoints-9,missing,/data/Chapter6/Ni-slabs.hdf,857
Ni-slabs,Ni-111-Zn-4x4x4-4-e-convergence-kpoints-7,Ni60Zn4,-126.36757415,Ni-111-Zn-4x4x4-4-e-convergence-kpoints-7,self,/data/Chapter6/Ni-slabs.hdf,858
Ni-slabs,Ni-111-Zn-4x4x4-4-e-convergence-kpoints-6,Ni60Zn4,-126.32773684,Ni-111-Zn-4x4x4-4-e-convergence-kpoints-6,self,/data/Chapter6/Ni-slabs.hdf,859
Ni-slabs,Ni-111-Zn-4x4x4-4-e-convergence-kpoints-10,0,0.0,Ni-111-Zn-4x4x4-4-e-convergence-kpoints-10,missing,/data/Chapter6/Ni-slabs.hdf,860
Ni-slabs,Ni-111-Zn-4x4x4-4-e-convergence-kpoints-8,0,0.0,Ni-111-Zn-4x4x4-4-e-convergence-kpoints-8,missing,/data/Chapter6/Ni-slabs.hdf,861
Ni-slabs,Ni-111-Zn-4x4x4-4-e-convergence-kpoints-4,Ni60Zn4,-126.34091763,Ni-111-Zn-4x4x4-4-e-convergence-kpoints-4,self,/data/Chapter6/Ni-slabs.hdf,862
Ni-slabs,Ni-111-Zn-4x4x4-4-e-convergence-kpoints-3,Ni60Zn4,-126.24257112,Ni-111-Zn-4x4x4-4-e-convergence-kpoints-3,self,/data/Chapter6/Ni-slabs.hdf,863
Ni-slabs,Ni-111-Zn-4x4x4-4-e-convergence-kpoints-2,0,0.0,Ni-111-Zn-4x4x4-4-e-convergence-kpoints-2,missing,/data/Chapter6/Ni-slabs.hdf,864
Ni-slabs,Ni-111-Zn-4x4x4-4-e-convergence-kpoints-5,Ni60Zn4,-126.31405016,Ni-111-Zn-4x4x4-4-e-convergence-kpoints-5,self,/data/Chapter6/Ni-slabs.hdf,865
Ni-slabs,Ni-111-Zn-4x4x4-4-b,Ni60Zn4,-126.18319502,Ni-111-Zn-4x4x4-4-b,self,/data/Chapter6/Ni-slabs.hdf,866
Ni-slabs,Ni-111-Zn-4x4x4-4-b-H2COO-AB,CH2Ni60O2Zn4,-150.78555019,Ni-111-Zn-4x4x4-4-b-H2COO-AB,self,/data/Chapter6/Ni-slabs.hdf,867
Ni-slabs,Ni-111-Zn-4x4x4-4-b-H2COO-AA,CH2Ni60O2Zn4,-151.62585203,Ni-111-Zn-4x4x4-4-b-H2COO-AA,self,/data/Chapter6/Ni-slabs.hdf,868
Ni-slabs,Ni-111-Zn-4x4x4-4-b-convergence-kpoints-9,Ni60Zn4,-126.25314418,Ni-111-Zn-4x4x4-4-b-convergence-kpoints-9,self,/data/Chapter6/Ni-slabs.hdf,869
Ni-slabs,Ni-111-Zn-4x4x4-4-b-convergence-kpoints-7,Ni60Zn4,-126.29073648,Ni-111-Zn-4x4x4-4-b-convergence-kpoints-7,self,/data/Chapter6/Ni-slabs.hdf,870
Ni-slabs,Ni-111-Zn-4x4x4-4-b-convergence-kpoints-6,Ni60Zn4,-126.25896686,Ni-111-Zn-4x4x4-4-b-convergence-kpoints-6,self,/data/Chapter6/Ni-slabs.hdf,871
Ni-slabs,Ni-111-Zn-4x4x4-4-b-convergence-kpoints-10,0,0.0,Ni-111-Zn-4x4x4-4-b-convergence-kpoints-10,missing,/data/Chapter6/Ni-slabs.hdf,872
Ni-slabs,Ni-111-Zn-4x4x4-4-b-convergence-kpoints-8,Ni60Zn4,-126.25513766,Ni-111-Zn-4x4x4-4-b-convergence-kpoints-8,self,/data/Chapter6/Ni-slabs.hdf,873
Ni-slabs,Ni-111-Zn-4x4x4-4-b-convergence-kpoints-4,Ni60Zn4,-126.26622602,Ni-111-Zn-4x4x4-4-b-convergence-kpoints-4,self,/data/Chapter6/Ni-slabs.hdf,874
Ni-slabs,Ni-111-Zn-4x4x4-4-b-convergence-kpoints-3,Ni60Zn4,-126.18319502,Ni-111-Zn-4x4x4-4-b-convergence-kpoints-3,self,/data/Chapter6/Ni-slabs.hdf,875
Ni-slabs,Ni-111-Zn-4x4x4-4-b-convergence-kpoints-2,0,0.0,Ni-111-Zn-4x4x4-4-b-convergence-kpoints-2,missing,/data/Chapter6/Ni-slabs.hdf,876
Ni-slabs,Ni-111-Zn-4x4x4-4-b-convergence-kpoints-5,Ni60Zn4,-126.24494061,Ni-111-Zn-4x4x4-4-b-convergence-kpoints-5,self,/data/Chapter6/Ni-slabs.hdf,877
Ni-slabs,Ni-111-Zn-4x4x4-15,Ni49Zn15,-79.98584771,Ni-111-Zn-4x4x4-15,self,/data/Chapter6/Ni-slabs.hdf,880
Ni-slabs,Ni-111-Zn-4x4x4-3-a,Ni61Zn3,-129.89632884,Ni-111-Zn-4x4x4-3-a,self,/data/Chapter6/Ni-slabs.hdf,881
Ni-slabs,Ni-111-Zn-4x4x4-3-b,Ni61Zn3,-129.91673782,Ni-111-Zn-4x4x4-3-b,self,/data/Chapter6/Ni-slabs.hdf,882
Ni-slabs,Ni-111-Zn-4x4x4-12,Ni52Zn12,-93.73188099,Ni-111-Zn-4x4x4-12,self,/data/Chapter6/Ni-slabs.hdf,883
Ni-slabs,Ni-111-Zn-4x4x4-2,Ni62Zn2,-133.59176873,Ni-111-Zn-4x4x4-2,self,/data/Chapter6/Ni-slabs.hdf,884
Ni-slabs,Ni-111-Zn-4x4x4-13,Ni51Zn13,-89.09504914,Ni-111-Zn-4x4x4-13,self,/data/Chapter6/Ni-slabs.hdf,885
Ni-slabs,Ni-111-Zn-4x4x4-5-a,Ni59Zn5,-122.31124603,Ni-111-Zn-4x4x4-5-a,self,/data/Chapter6/Ni-slabs.hdf,886
Ni-slabs,Ni-111-Zn-4x4x4-5-b,Ni59Zn5,-122.35096083,Ni-111-Zn-4x4x4-5-b,self,/data/Chapter6/Ni-slabs.hdf,887
Ni-slabs,Ni-111-Zn-4x4x4-14,Ni50Zn14,-84.5119061,Ni-111-Zn-4x4x4-14,self,/data/Chapter6/Ni-slabs.hdf,888
Ni-slabs,Ni-111-Zn-3x3x4-18,Ni18Zn18,-0.58404009,Ni-111-Zn-3x3x4-18,self,/data/Chapter6/Ni-slabs.hdf,889
Ni-slabs,Ni-111-Zn-3x3x4-9-a,Ni27Zn9,-42.43061631,Ni-111-Zn-3x3x4-9-a,self,/data/Chapter6/Ni-slabs.hdf,890
Ni-slabs,Ni-111-Zn-3x3x4-9-b,Ni24Zn12,-29.45844124,Ni-111-Zn-3x3x4-9-b,self,/data/Chapter6/Ni-slabs.hdf,891
Ni-slabs,Ni-111-Zn-3x3x4-6,Ni30Zn6,-56.22567377,Ni-111-Zn-3x3x4-6,self,/data/Chapter6/Ni-slabs.hdf,892
Ni-slabs,Ni-111-Zn-3x3x4-1,Ni35Zn,-75.56848814,Ni-111-Zn-3x3x4-1,self,/data/Chapter6/Ni-slabs.hdf,893
Ni-slabs,Ni-111-Zn-3x3x4-1-H2COO-AAA,CH2Ni35O2Zn,-100.49061118,Ni-111-Zn-3x3x4-1-H2COO-AAA,self,/data/Chapter6/Ni-slabs.hdf,894
Ni-slabs,Ni-111-Zn-3x3x4-1-O-AA,Ni35OZn,-80.98165322,Ni-111-Zn-3x3x4-1-O-AA,self,/data/Chapter6/Ni-slabs.hdf,895
Ni-slabs,Ni-111-Zn-3x3x4-1-H-AA,HNi35Zn,-79.51371581,Ni-111-Zn-3x3x4-1-H-AA,self,/data/Chapter6/Ni-slabs.hdf,896
Ni-slabs,Ni-111-Zn-3x3x4-1-convergence-kpoints-9,Ni35Zn,-75.61947817,Ni-111-Zn-3x3x4-1-convergence-kpoints-9,self,/data/Chapter6/Ni-slabs.hdf,897
Ni-slabs,Ni-111-Zn-3x3x4-1-convergence-kpoints-11,Ni35Zn,-75.64924157,Ni-111-Zn-3x3x4-1-convergence-kpoints-11,self,/data/Chapter6/Ni-slabs.hdf,898
Ni-slabs,Ni-111-Zn-3x3x4-1-convergence-kpoints-7,Ni35Zn,-75.64160104,Ni-111-Zn-3x3x4-1-convergence-kpoints-7,self,/data/Chapter6/Ni-slabs.hdf,899
Ni-slabs,Ni-111-Zn-3x3x4-1-convergence-kpoints-6,Ni35Zn,-75.63620806,Ni-111-Zn-3x3x4-1-convergence-kpoints-6,self,/data/Chapter6/Ni-slabs.hdf,900
Ni-slabs,Ni-111-Zn-3x3x4-1-convergence-kpoints-10,Ni35Zn,-75.634693,Ni-111-Zn-3x3x4-1-convergence-kpoints-10,self,/data/Chapter6/Ni-slabs.hdf,901
Ni-slabs,Ni-111-Zn-3x3x4-1-convergence-kpoints-8,Ni35Zn,-75.64748243,Ni-111-Zn-3x3x4-1-convergence-kpoints-8,self,/data/Chapter6/Ni-slabs.hdf,902
Ni-slabs,Ni-111-Zn-3x3x4-1-convergence-kpoints-4,Ni35Zn,-75.56848814,Ni-111-Zn-3x3x4-1-convergence-kpoints-4,self,/data/Chapter6/Ni-slabs.hdf,903
Ni-slabs,Ni-111-Zn-3x3x4-1-convergence-kpoints-3,Ni35Zn,-75.64480335,Ni-111-Zn-3x3x4-1-convergence-kpoints-3,self,/data/Chapter6/Ni-slabs.hdf,904
Ni-slabs,Ni-111-Zn-3x3x4-1-convergence-kpoints-12,Ni35Zn,-75.6453076,Ni-111-Zn-3x3x4-1-convergence-kpoints-12,self,/data/Chapter6/Ni-slabs.hdf,905
Ni-slabs,Ni-111-Zn-3x3x4-1-convergence-kpoints-13,Ni35Zn,-75.63344467,Ni-111-Zn-3x3x4-1-convergence-kpoints-13,self,/data/Chapter6/Ni-slabs.hdf,906
Ni-slabs,Ni-111-Zn-3x3x4-1-convergence-kpoints-5,Ni35Zn,-75.64689521,Ni-111-Zn-3x3x4-1-convergence-kpoints-5,self,/data/Chapter6/Ni-slabs.hdf,907
Ni-slabs,Ni-111-Zn-3x3x4-1-convergence-kpoints-14,Ni35Zn,-75.63457215,Ni-111-Zn-3x3x4-1-convergence-kpoints-14,self,/data/Chapter6/Ni-slabs.hdf,908
Ni-slabs,Ni-111-Zn-3x3x4-1-OH-AA,HNi35OZn,-84.84552211,Ni-111-Zn-3x3x4-1-OH-AA,self,/data/Chapter6/Ni-slabs.hdf,909
Ni-slabs,Ni-111-Zn-3x3x4-10,Ni26Zn10,-38.19019197,Ni-111-Zn-3x3x4-10,self,/data/Chapter6/Ni-slabs.hdf,911
Ni-slabs,Ni-111-Zn-3x3x4-3-a,Ni33Zn3,-68.17014326,Ni-111-Zn-3x3x4-3-a,self,/data/Chapter6/Ni-slabs.hdf,912
Ni-slabs,Ni-111-Zn-3x3x4-3-a-H2COH-AB-1,CH3Ni33OZn3,-91.71293055,Ni-111-Zn-3x3x4-3-a-H2COH-AB-1,self,/data/Chapter6/Ni-slabs.hdf,913
Ni-slabs,Ni-111-Zn-3x3x4-3-a-H2COO-BB-1,CH2Ni33O2Zn3,-93.22063697,Ni-111-Zn-3x3x4-3-a-H2COO-BB-1,self,/data/Chapter6/Ni-slabs.hdf,915
Ni-slabs,Ni-111-Zn-3x3x4-3-a-H2COO-AB-1,CH2Ni33O2Zn3,-93.2201865,Ni-111-Zn-3x3x4-3-a-H2COO-AB-1,self,/data/Chapter6/Ni-slabs.hdf,916
Ni-slabs,Ni-111-Zn-3x3x4-3-a-H2COO-AA-1,CH2Ni33O2Zn3,-92.96849681,Ni-111-Zn-3x3x4-3-a-H2COO-AA-1,self,/data/Chapter6/Ni-slabs.hdf,917
Ni-slabs,Ni-111-Zn-3x3x4-3-a-O-AAB,Ni33OZn3,-73.16715564,Ni-111-Zn-3x3x4-3-a-O-AAB,self,/data/Chapter6/Ni-slabs.hdf,926
Ni-slabs,Ni-111-Zn-3x3x4-3-a-H-AAB,HNi33Zn3,-71.92321761,Ni-111-Zn-3x3x4-3-a-H-AAB,self,/data/Chapter6/Ni-slabs.hdf,927
Ni-slabs,Ni-111-Zn-3x3x4-3-a-convergence-kpoints-9,Ni33Zn3,-68.19740324,Ni-111-Zn-3x3x4-3-a-convergence-kpoints-9,self,/data/Chapter6/Ni-slabs.hdf,928
Ni-slabs,Ni-111-Zn-3x3x4-3-a-convergence-kpoints-11,Ni33Zn3,-68.21702876,Ni-111-Zn-3x3x4-3-a-convergence-kpoints-11,self,/data/Chapter6/Ni-slabs.hdf,929
Ni-slabs,Ni-111-Zn-3x3x4-3-a-convergence-kpoints-7,Ni33Zn3,-68.23822074,Ni-111-Zn-3x3x4-3-a-convergence-kpoints-7,self,/data/Chapter6/Ni-slabs.hdf,930
Ni-slabs,Ni-111-Zn-3x3x4-3-a-convergence-kpoints-6,Ni33Zn3,-68.21830758,Ni-111-Zn-3x3x4-3-a-convergence-kpoints-6,self,/data/Chapter6/Ni-slabs.hdf,931
Ni-slabs,Ni-111-Zn-3x3x4-3-a-convergence-kpoints-10,Ni33Zn3,-68.219307,Ni-111-Zn-3x3x4-3-a-convergence-kpoints-10,self,/data/Chapter6/Ni-slabs.hdf,932
Ni-slabs,Ni-111-Zn-3x3x4-3-a-convergence-kpoints-8,Ni33Zn3,-68.2011768,Ni-111-Zn-3x3x4-3-a-convergence-kpoints-8,self,/data/Chapter6/Ni-slabs.hdf,933
Ni-slabs,Ni-111-Zn-3x3x4-3-a-convergence-kpoints-4,Ni33Zn3,-68.17014326,Ni-111-Zn-3x3x4-3-a-convergence-kpoints-4,self,/data/Chapter6/Ni-slabs.hdf,934
Ni-slabs,Ni-111-Zn-3x3x4-3-a-convergence-kpoints-3,Ni33Zn3,-68.1267744,Ni-111-Zn-3x3x4-3-a-convergence-kpoints-3,self,/data/Chapter6/Ni-slabs.hdf,935
Ni-slabs,Ni-111-Zn-3x3x4-3-a-convergence-kpoints-12,Ni33Zn3,-68.20631068,Ni-111-Zn-3x3x4-3-a-convergence-kpoints-12,self,/data/Chapter6/Ni-slabs.hdf,936
Ni-slabs,Ni-111-Zn-3x3x4-3-a-convergence-kpoints-13,Ni33Zn3,-68.20746864,Ni-111-Zn-3x3x4-3-a-convergence-kpoints-13,self,/data/Chapter6/Ni-slabs.hdf,937
Ni-slabs,Ni-111-Zn-3x3x4-3-a-convergence-kpoints-5,Ni33Zn3,-68.24249798,Ni-111-Zn-3x3x4-3-a-convergence-kpoints-5,self,/data/Chapter6/Ni-slabs.hdf,938
Ni-slabs,Ni-111-Zn-3x3x4-3-a-convergence-kpoints-14,Ni33Zn3,-68.2129613,Ni-111-Zn-3x3x4-3-a-convergence-kpoints-14,self,/data/Chapter6/Ni-slabs.hdf,939
Ni-slabs,Ni-111-Zn-3x3x4-3-a-H2CO-AB-1,CH2Ni33OZn3,-87.96401968,Ni-111-Zn-3x3x4-3-a-H2CO-AB-1,self,/data/Chapter6/Ni-slabs.hdf,940
Ni-slabs,Ni-111-Zn-3x3x4-3-a-OH-AAB,HNi33OZn3,-77.22145388,Ni-111-Zn-3x3x4-3-a-OH-AAB,self,/data/Chapter6/Ni-slabs.hdf,941
Ni-slabs,Ni-111-Zn-3x3x4-3-c,Ni33Zn3,-67.95251292,Ni-111-Zn-3x3x4-3-c,self,/data/Chapter6/Ni-slabs.hdf,946
Ni-slabs,Ni-111-Zn-3x3x4-3-c-H2COO-BB-1,CH2Ni33O2Zn3,-92.67827208,Ni-111-Zn-3x3x4-3-c-H2COO-BB-1,self,/data/Chapter6/Ni-slabs.hdf,947
Ni-slabs,Ni-111-Zn-3x3x4-3-c-H2COO-AB,CH2Ni33O2Zn3,-93.30896713,Ni-111-Zn-3x3x4-3-c-H2COO-AB,self,/data/Chapter6/Ni-slabs.hdf,948
Ni-slabs,Ni-111-Zn-3x3x4-3-c-H2COO-AA,CH2Ni33O2Zn3,-93.37303537,Ni-111-Zn-3x3x4-3-c-H2COO-AA,self,/data/Chapter6/Ni-slabs.hdf,949
Ni-slabs,Ni-111-Zn-3x3x4-3-under,Ni33Zn3,-67.7323392,Ni-111-Zn-3x3x4-3-under,self,/data/Chapter6/Ni-slabs.hdf,956
Ni-slabs,Ni-111-Zn-3x3x4-3-b,Ni33Zn3,-68.02905325,Ni-111-Zn-3x3x4-3-b,self,/data/Chapter6/Ni-slabs.hdf,957
Ni-slabs,Ni-111-Zn-3x3x4-3-b-H2COO-BB-1,CH2Ni33O2Zn3,-93.15566386,Ni-111-Zn-3x3x4-3-b-H2COO-BB-1,self,/data/Chapter6/Ni-slabs.hdf,958
Ni-slabs,Ni-111-Zn-3x3x4-3-b-H2COO-AB,CH2Ni33O2Zn3,-93.49672997,Ni-111-Zn-3x3x4-3-b-H2COO-AB,self,/data/Chapter6/Ni-slabs.hdf,959
Ni-slabs,Ni-111-Zn-3x3x4-3-b-H2COO-AA,CH2Ni33O2Zn3,-93.44296488,Ni-111-Zn-3x3x4-3-b-H2COO-AA,self,/data/Chapter6/Ni-slabs.hdf,960
Ni-slabs,Ni-111-Zn-3x3x4-2,Ni34Zn2,-71.8676272,Ni-111-Zn-3x3x4-2,self,/data/Chapter6/Ni-slabs.hdf,968
Ni-slabs,Ni-111-Zn-3x3x5-1,Ni44Zn,-98.42179726,Ni-111-Zn-3x3x5-1,self,/data/Chapter6/Ni-slabs.hdf,969
Ni-slabs,Ni-111-Zn-3x3x5-1-convergence-kpoints-9,Ni44Zn,-98.40908554,Ni-111-Zn-3x3x5-1-convergence-kpoints-9,self,/data/Chapter6/Ni-slabs.hdf,970
Ni-slabs,Ni-111-Zn-3x3x5-1-convergence-kpoints-7,Ni44Zn,-98.41829558,Ni-111-Zn-3x3x5-1-convergence-kpoints-7,self,/data/Chapter6/Ni-slabs.hdf,971
Ni-slabs,Ni-111-Zn-3x3x5-1-convergence-kpoints-6,Ni44Zn,-98.43239131,Ni-111-Zn-3x3x5-1-convergence-kpoints-6,self,/data/Chapter6/Ni-slabs.hdf,972
Ni-slabs,Ni-111-Zn-3x3x5-1-convergence-kpoints-10,Ni44Zn,-98.42478037,Ni-111-Zn-3x3x5-1-convergence-kpoints-10,self,/data/Chapter6/Ni-slabs.hdf,973
Ni-slabs,Ni-111-Zn-3x3x5-1-convergence-kpoints-8,Ni44Zn,-98.3928772,Ni-111-Zn-3x3x5-1-convergence-kpoints-8,self,/data/Chapter6/Ni-slabs.hdf,974
Ni-slabs,Ni-111-Zn-3x3x5-1-convergence-kpoints-4,Ni44Zn,-98.4217953,Ni-111-Zn-3x3x5-1-convergence-kpoints-4,self,/data/Chapter6/Ni-slabs.hdf,975
Ni-slabs,Ni-111-Zn-3x3x5-1-convergence-kpoints-3,Ni44Zn,-98.3190379,Ni-111-Zn-3x3x5-1-convergence-kpoints-3,self,/data/Chapter6/Ni-slabs.hdf,976
Ni-slabs,Ni-111-Zn-3x3x5-1-convergence-kpoints-5,Ni44Zn,-98.49417934,Ni-111-Zn-3x3x5-1-convergence-kpoints-5,self,/data/Chapter6/Ni-slabs.hdf,977
Ni-slabs,Ni-111-Ga-2x2x4-1,GaNi15,-35.74839877,Ni-111-Ga-2x2x4-1,self,/data/Chapter6/Ni-slabs.hdf,978
Ni-slabs,Ni-111-Ga-2x2x4-1-CH-1,CHGaNi15,-46.8723011,Ni-111-Ga-2x2x4-1-CH-1,self,/data/Chapter6/Ni-slabs.hdf,979
Ni-slabs,Ni-111-Ga-2x2x4-1-CH-2,CHGaNi15,-46.87232102,Ni-111-Ga-2x2x4-1-CH-2,self,/data/Chapter6/Ni-slabs.hdf,980
Ni-slabs,Ni-111-Ga-2x2x4-1-O-1,GaNi15O,-41.01993352,Ni-111-Ga-2x2x4-1-O-1,self,/data/Chapter6/Ni-slabs.hdf,987
Ni-slabs,Ni-111-Ga-2x2x4-1-O-2,GaNi15O2,-45.5805799,Ni-111-Ga-2x2x4-1-O-2,self,/data/Chapter6/Ni-slabs.hdf,988
Ni-slabs,Ni-111-Ga-2x2x4-1-convergence-kpoints-20,GaNi15,-35.76396961,Ni-111-Ga-2x2x4-1-convergence-kpoints-20,self,/data/Chapter6/Ni-slabs.hdf,989
Ni-slabs,Ni-111-Ga-2x2x4-1-convergence-kpoints-18,GaNi15,-35.75770456,Ni-111-Ga-2x2x4-1-convergence-kpoints-18,self,/data/Chapter6/Ni-slabs.hdf,990
Ni-slabs,Ni-111-Ga-2x2x4-1-convergence-kpoints-9,GaNi15,-35.76693212,Ni-111-Ga-2x2x4-1-convergence-kpoints-9,self,/data/Chapter6/Ni-slabs.hdf,991
Ni-slabs,Ni-111-Ga-2x2x4-1-convergence-kpoints-11,GaNi15,-35.75844234,Ni-111-Ga-2x2x4-1-convergence-kpoints-11,self,/data/Chapter6/Ni-slabs.hdf,992
Ni-slabs,Ni-111-Ga-2x2x4-1-convergence-kpoints-7,GaNi15,-35.75630654,Ni-111-Ga-2x2x4-1-convergence-kpoints-7,self,/data/Chapter6/Ni-slabs.hdf,993
Ni-slabs,Ni-111-Ga-2x2x4-1-convergence-kpoints-16,GaNi15,-35.76468021,Ni-111-Ga-2x2x4-1-convergence-kpoints-16,self,/data/Chapter6/Ni-slabs.hdf,994
Ni-slabs,Ni-111-Ga-2x2x4-1-convergence-kpoints-6,GaNi15,-35.74840409,Ni-111-Ga-2x2x4-1-convergence-kpoints-6,self,/data/Chapter6/Ni-slabs.hdf,995
Ni-slabs,Ni-111-Ga-2x2x4-1-convergence-kpoints-17,GaNi15,-35.76190413,Ni-111-Ga-2x2x4-1-convergence-kpoints-17,self,/data/Chapter6/Ni-slabs.hdf,996
Ni-slabs,Ni-111-Ga-2x2x4-1-convergence-kpoints-10,GaNi15,-35.76224655,Ni-111-Ga-2x2x4-1-convergence-kpoints-10,self,/data/Chapter6/Ni-slabs.hdf,997
Ni-slabs,Ni-111-Ga-2x2x4-1-convergence-kpoints-19,GaNi15,-35.76023906,Ni-111-Ga-2x2x4-1-convergence-kpoints-19,self,/data/Chapter6/Ni-slabs.hdf,998
Ni-slabs,Ni-111-Ga-2x2x4-1-convergence-kpoints-8,GaNi15,-35.7672588,Ni-111-Ga-2x2x4-1-convergence-kpoints-8,self,/data/Chapter6/Ni-slabs.hdf,999
Ni-slabs,Ni-111-Ga-2x2x4-1-convergence-kpoints-4,GaNi15,-35.81975471,Ni-111-Ga-2x2x4-1-convergence-kpoints-4,self,/data/Chapter6/Ni-slabs.hdf,1000
Ni-slabs,Ni-111-Ga-2x2x4-1-convergence-kpoints-15,GaNi15,-35.76698031,Ni-111-Ga-2x2x4-1-convergence-kpoints-15,self,/data/Chapter6/Ni-slabs.hdf,1001
Ni-slabs,Ni-111-Ga-2x2x4-1-convergence-kpoints-3,GaNi15,-35.9034334,Ni-111-Ga-2x2x4-1-convergence-kpoints-3,self,/data/Chapter6/Ni-slabs.hdf,1002
Ni-slabs,Ni-111-Ga-2x2x4-1-convergence-kpoints-12,GaNi15,-35.75362196,Ni-111-Ga-2x2x4-1-convergence-kpoints-12,self,/data/Chapter6/Ni-slabs.hdf,1003
Ni-slabs,Ni-111-Ga-2x2x4-1-convergence-kpoints-13,GaNi15,-35.7616907,Ni-111-Ga-2x2x4-1-convergence-kpoints-13,self,/data/Chapter6/Ni-slabs.hdf,1004
Ni-slabs,Ni-111-Ga-2x2x4-1-convergence-kpoints-5,GaNi15,-35.78023505,Ni-111-Ga-2x2x4-1-convergence-kpoints-5,self,/data/Chapter6/Ni-slabs.hdf,1005
Ni-slabs,Ni-111-Ga-2x2x4-1-convergence-kpoints-14,GaNi15,-35.77086489,Ni-111-Ga-2x2x4-1-convergence-kpoints-14,self,/data/Chapter6/Ni-slabs.hdf,1006
Ni-slabs,Ni-111-Ga-2x2x4-4,Ga4Ni12,-32.68880719,Ni-111-Ga-2x2x4-4,self,/data/Chapter6/Ni-slabs.hdf,1010
Ni-slabs,Ni-111-Ga-2x2x4-4-bulk,Ga4Ni12,-36.56554159,Ni-111-Ga-2x2x4-4-bulk,self,/data/Chapter6/Ni-slabs.hdf,1011
Ni-slabs,Ni-111-Ga-2x2x4-4-bulk-CH-1,CHGa4Ni12,-47.72888045,Ni-111-Ga-2x2x4-4-bulk-CH-1,self,/data/Chapter6/Ni-slabs.hdf,1014
Ni-slabs,Ni-111-Ga-2x2x4-4-bulk-CH-2,CHGa4Ni12,-47.67177757,Ni-111-Ga-2x2x4-4-bulk-CH-2,self,/data/Chapter6/Ni-slabs.hdf,1015
Ni-slabs,Ni-111-Ga-2x2x4-4-bulk-O-1,Ga4Ni12O,-41.88252069,Ni-111-Ga-2x2x4-4-bulk-O-1,self,/data/Chapter6/Ni-slabs.hdf,1023
Ni-slabs,Ni-111-Ga-2x2x4-4-bulk-O-2,Ga4Ni12O,-41.76615618,Ni-111-Ga-2x2x4-4-bulk-O-2,self,/data/Chapter6/Ni-slabs.hdf,1024
Ni-slabs,Ni-111-Ga-2x2x5-1,GaNi19,-45.90423071,Ni-111-Ga-2x2x5-1,self,/data/Chapter6/Ni-slabs.hdf,1027
Ni-slabs,Ni-111-Ga-2x2x5-5-bulk,Ga5Ni15,-46.84788874,Ni-111-Ga-2x2x5-5-bulk,self,/data/Chapter6/Ni-slabs.hdf,1028
Ni-slabs,Ni-111-Ga-6x6x4-16-bulk,Ga36Ni108,-329.0952386,Ni-111-Ga-6x6x4-16-bulk,self,/data/Chapter6/Ni-slabs.hdf,1029
Ni-slabs,Ni-111-Ga-6x6x4-16-bulk-33,Ga39Ni105,-329.22683361,Ni-111-Ga-6x6x4-16-bulk-33,self,/data/Chapter6/Ni-slabs.hdf,1030
Ni-slabs,Ni-111-Ga-6x6x4-16-bulk-0,Ga27Ni117,-323.16379937,Ni-111-Ga-6x6x4-16-bulk-0,self,/data/Chapter6/Ni-slabs.hdf,1031
Ni-slabs,Ni-111-Ga-4x4x6-9,Ga9Ni87,-222.91119623,Ni-111-Ga-4x4x6-9,self,/data/Chapter6/Ni-slabs.hdf,1032
Ni-slabs,Ni-111-Ga-4x4x6-1,GaNi95,-222.2366568,Ni-111-Ga-4x4x6-1,self,/data/Chapter6/Ni-slabs.hdf,1033
Ni-slabs,Ni-111-Ga-4x4x6-8,Ga8Ni88,-223.36543935,Ni-111-Ga-4x4x6-8,self,/data/Chapter6/Ni-slabs.hdf,1034
Ni-slabs,Ni-111-Ga-4x4x6-4,Ga4Ni92,-223.76985528,Ni-111-Ga-4x4x6-4,self,/data/Chapter6/Ni-slabs.hdf,1035
Ni-slabs,Ni-111-Ga-4x4x6-12,Ga12Ni84,-219.01193491,Ni-111-Ga-4x4x6-12,self,/data/Chapter6/Ni-slabs.hdf,1036
Ni-slabs,Ni-111-Ga-o_2x2x4-1,GaNi15,-35.74138889,Ni-111-Ga-o_2x2x4-1,self,/data/Chapter6/Ni-slabs.hdf,1037
Ni-slabs,Ni-111-Ga-o_2x2x4-1-convergence-kpoints-20,GaNi15,-35.75941172,Ni-111-Ga-o_2x2x4-1-convergence-kpoints-20,self,/data/Chapter6/Ni-slabs.hdf,1038
Ni-slabs,Ni-111-Ga-o_2x2x4-1-convergence-kpoints-18,GaNi15,-35.75771732,Ni-111-Ga-o_2x2x4-1-convergence-kpoints-18,self,/data/Chapter6/Ni-slabs.hdf,1039
Ni-slabs,Ni-111-Ga-o_2x2x4-1-convergence-kpoints-9,GaNi15,-35.75437567,Ni-111-Ga-o_2x2x4-1-convergence-kpoints-9,self,/data/Chapter6/Ni-slabs.hdf,1040
Ni-slabs,Ni-111-Ga-o_2x2x4-1-convergence-kpoints-11,GaNi15,-35.75491061,Ni-111-Ga-o_2x2x4-1-convergence-kpoints-11,self,/data/Chapter6/Ni-slabs.hdf,1041
Ni-slabs,Ni-111-Ga-o_2x2x4-1-convergence-kpoints-7,GaNi15,-35.76119974,Ni-111-Ga-o_2x2x4-1-convergence-kpoints-7,self,/data/Chapter6/Ni-slabs.hdf,1042
Ni-slabs,Ni-111-Ga-o_2x2x4-1-convergence-kpoints-16,GaNi15,-35.75975071,Ni-111-Ga-o_2x2x4-1-convergence-kpoints-16,self,/data/Chapter6/Ni-slabs.hdf,1043
Ni-slabs,Ni-111-Ga-o_2x2x4-1-convergence-kpoints-6,GaNi15,-35.74138851,Ni-111-Ga-o_2x2x4-1-convergence-kpoints-6,self,/data/Chapter6/Ni-slabs.hdf,1044
Ni-slabs,Ni-111-Ga-o_2x2x4-1-convergence-kpoints-17,GaNi15,-35.75946578,Ni-111-Ga-o_2x2x4-1-convergence-kpoints-17,self,/data/Chapter6/Ni-slabs.hdf,1045
Ni-slabs,Ni-111-Ga-o_2x2x4-1-convergence-kpoints-10,GaNi15,-35.75722053,Ni-111-Ga-o_2x2x4-1-convergence-kpoints-10,self,/data/Chapter6/Ni-slabs.hdf,1046
Ni-slabs,Ni-111-Ga-o_2x2x4-1-convergence-kpoints-19,GaNi15,-35.75854147,Ni-111-Ga-o_2x2x4-1-convergence-kpoints-19,self,/data/Chapter6/Ni-slabs.hdf,1047
Ni-slabs,Ni-111-Ga-o_2x2x4-1-convergence-kpoints-8,GaNi15,-35.76373198,Ni-111-Ga-o_2x2x4-1-convergence-kpoints-8,self,/data/Chapter6/Ni-slabs.hdf,1048
Ni-slabs,Ni-111-Ga-o_2x2x4-1-convergence-kpoints-4,GaNi15,-35.76426859,Ni-111-Ga-o_2x2x4-1-convergence-kpoints-4,self,/data/Chapter6/Ni-slabs.hdf,1049
Ni-slabs,Ni-111-Ga-o_2x2x4-1-convergence-kpoints-15,GaNi15,-35.75957351,Ni-111-Ga-o_2x2x4-1-convergence-kpoints-15,self,/data/Chapter6/Ni-slabs.hdf,1050
Ni-slabs,Ni-111-Ga-o_2x2x4-1-convergence-kpoints-3,GaNi15,-35.87889412,Ni-111-Ga-o_2x2x4-1-convergence-kpoints-3,self,/data/Chapter6/Ni-slabs.hdf,1051
Ni-slabs,Ni-111-Ga-o_2x2x4-1-convergence-kpoints-12,GaNi15,-35.75391748,Ni-111-Ga-o_2x2x4-1-convergence-kpoints-12,self,/data/Chapter6/Ni-slabs.hdf,1052
Ni-slabs,Ni-111-Ga-o_2x2x4-1-convergence-kpoints-13,GaNi15,-35.75850951,Ni-111-Ga-o_2x2x4-1-convergence-kpoints-13,self,/data/Chapter6/Ni-slabs.hdf,1053
Ni-slabs,Ni-111-Ga-o_2x2x4-1-convergence-kpoints-5,GaNi15,-35.74779354,Ni-111-Ga-o_2x2x4-1-convergence-kpoints-5,self,/data/Chapter6/Ni-slabs.hdf,1054
Ni-slabs,Ni-111-Ga-o_2x2x4-1-convergence-kpoints-14,GaNi15,-35.76140543,Ni-111-Ga-o_2x2x4-1-convergence-kpoints-14,self,/data/Chapter6/Ni-slabs.hdf,1055
Ni-slabs,Ni-111-Ga-o_2x2x4-3,Ga3Ni13,-34.54807739,Ni-111-Ga-o_2x2x4-3,self,/data/Chapter6/Ni-slabs.hdf,1056
Ni-slabs,Ni-111-Ga-3x3x6-6,Ga6Ni48,-124.67261579,Ni-111-Ga-3x3x6-6,self,/data/Chapter6/Ni-slabs.hdf,1057
Ni-slabs,Ni-111-Ga-3x3x6-1,GaNi53,-125.21109671,Ni-111-Ga-3x3x6-1,self,/data/Chapter6/Ni-slabs.hdf,1058
Ni-slabs,Ni-111-Ga-3x3x6-3,Ga3Ni51,-126.42790946,Ni-111-Ga-3x3x6-3,self,/data/Chapter6/Ni-slabs.hdf,1059
Ni-slabs,Ni-111-Ga-o_4x4x4-1,GaNi63,-141.46714899,Ni-111-Ga-o_4x4x4-1,self,/data/Chapter6/Ni-slabs.hdf,1060
Ni-slabs,Ni-111-Ga-o_4x4x4-4-a,Ga4Ni60,-142.98979764,Ni-111-Ga-o_4x4x4-4-a,self,/data/Chapter6/Ni-slabs.hdf,1061
Ni-slabs,Ni-111-Ga-o_4x4x4-4-a-convergence-kpoints-9,0,0.0,Ni-111-Ga-o_4x4x4-4-a-convergence-kpoints-9,missing,/data/Chapter6/Ni-slabs.hdf,1062
Ni-slabs,Ni-111-Ga-o_4x4x4-4-a-convergence-kpoints-7,0,0.0,Ni-111-Ga-o_4x4x4-4-a-convergence-kpoints-7,missing,/data/Chapter6/Ni-slabs.hdf,1063
Ni-slabs,Ni-111-Ga-o_4x4x4-4-a-convergence-kpoints-6,0,0.0,Ni-111-Ga-o_4x4x4-4-a-convergence-kpoints-6,missing,/data/Chapter6/Ni-slabs.hdf,1064
Ni-slabs,Ni-111-Ga-o_4x4x4-4-a-convergence-kpoints-10,0,0.0,Ni-111-Ga-o_4x4x4-4-a-convergence-kpoints-10,missing,/data/Chapter6/Ni-slabs.hdf,1065
Ni-slabs,Ni-111-Ga-o_4x4x4-4-a-convergence-kpoints-8,0,0.0,Ni-111-Ga-o_4x4x4-4-a-convergence-kpoints-8,missing,/data/Chapter6/Ni-slabs.hdf,1066
Ni-slabs,Ni-111-Ga-o_4x4x4-4-a-convergence-kpoints-4,0,0.0,Ni-111-Ga-o_4x4x4-4-a-convergence-kpoints-4,missing,/data/Chapter6/Ni-slabs.hdf,1067
Ni-slabs,Ni-111-Ga-o_4x4x4-4-a-convergence-kpoints-3,0,0.0,Ni-111-Ga-o_4x4x4-4-a-convergence-kpoints-3,missing,/data/Chapter6/Ni-slabs.hdf,1068
Ni-slabs,Ni-111-Ga-o_4x4x4-4-a-convergence-kpoints-5,0,0.0,Ni-111-Ga-o_4x4x4-4-a-convergence-kpoints-5,missing,/data/Chapter6/Ni-slabs.hdf,1069
Ni-slabs,Ni-111-Ga-o_4x4x4-4-b,Ga4Ni60,-142.97107419,Ni-111-Ga-o_4x4x4-4-b,self,/data/Chapter6/Ni-slabs.hdf,1070
Ni-slabs,Ni-111-Ga-o_4x4x4-4-b-convergence-kpoints-9,Ga4Ni60,-143.03639536,Ni-111-Ga-o_4x4x4-4-b-convergence-kpoints-9,self,/data/Chapter6/Ni-slabs.hdf,1071
Ni-slabs,Ni-111-Ga-o_4x4x4-4-b-convergence-kpoints-7,0,0.0,Ni-111-Ga-o_4x4x4-4-b-convergence-kpoints-7,missing,/data/Chapter6/Ni-slabs.hdf,1072
Ni-slabs,Ni-111-Ga-o_4x4x4-4-b-convergence-kpoints-6,0,0.0,Ni-111-Ga-o_4x4x4-4-b-convergence-kpoints-6,missing,/data/Chapter6/Ni-slabs.hdf,1073
Ni-slabs,Ni-111-Ga-o_4x4x4-4-b-convergence-kpoints-10,0,0.0,Ni-111-Ga-o_4x4x4-4-b-convergence-kpoints-10,missing,/data/Chapter6/Ni-slabs.hdf,1074
Ni-slabs,Ni-111-Ga-o_4x4x4-4-b-convergence-kpoints-8,0,0.0,Ni-111-Ga-o_4x4x4-4-b-convergence-kpoints-8,missing,/data/Chapter6/Ni-slabs.hdf,1075
Ni-slabs,Ni-111-Ga-o_4x4x4-4-b-convergence-kpoints-4,0,0.0,Ni-111-Ga-o_4x4x4-4-b-convergence-kpoints-4,missing,/data/Chapter6/Ni-slabs.hdf,1076
Ni-slabs,Ni-111-Ga-o_4x4x4-4-b-convergence-kpoints-3,0,0.0,Ni-111-Ga-o_4x4x4-4-b-convergence-kpoints-3,missing,/data/Chapter6/Ni-slabs.hdf,1077
Ni-slabs,Ni-111-Ga-o_4x4x4-4-b-convergence-kpoints-2,0,0.0,Ni-111-Ga-o_4x4x4-4-b-convergence-kpoints-2,missing,/data/Chapter6/Ni-slabs.hdf,1078
Ni-slabs,Ni-111-Ga-o_4x4x4-4-b-convergence-kpoints-5,0,0.0,Ni-111-Ga-o_4x4x4-4-b-convergence-kpoints-5,missing,/data/Chapter6/Ni-slabs.hdf,1079
Ni-slabs,Ni-111-Ga-o_4x4x4-2,Ga2Ni62,-141.92087342,Ni-111-Ga-o_4x4x4-2,self,/data/Chapter6/Ni-slabs.hdf,1080
Ni-slabs,Ni-111-Ga-2x2x6-1,GaNi23,-55.48061196,Ni-111-Ga-2x2x6-1,self,/data/Chapter6/Ni-slabs.hdf,1081
Ni-slabs,Ni-111-Ga-2x2x6-4,Ga4Ni20,-52.94077447,Ni-111-Ga-2x2x6-4,self,/data/Chapter6/Ni-slabs.hdf,1082
Ni-slabs,Ni-111-Ga-2x2x6-3,Ga3Ni21,-54.80968139,Ni-111-Ga-2x2x6-3,self,/data/Chapter6/Ni-slabs.hdf,1083
Ni-slabs,Ni-111-Ga-2x2x6-2,Ga2Ni22,-55.83864961,Ni-111-Ga-2x2x6-2,self,/data/Chapter6/Ni-slabs.hdf,1084
Ni-slabs,Ni-111-Ga-4x4x5-1,GaNi79,-182.05286658,Ni-111-Ga-4x4x5-1,self,/data/Chapter6/Ni-slabs.hdf,1085
Ni-slabs,Ni-111-Ga-4x4x4-9,Ga9Ni55,-141.93544222,Ni-111-Ga-4x4x4-9,self,/data/Chapter6/Ni-slabs.hdf,1086
Ni-slabs,Ni-111-Ga-4x4x4-7,Ga7Ni57,-142.63391907,Ni-111-Ga-4x4x4-7,self,/data/Chapter6/Ni-slabs.hdf,1087
Ni-slabs,Ni-111-Ga-4x4x4-16,0,0.0,Ni-111-Ga-4x4x4-16,missing,/data/Chapter6/Ni-slabs.hdf,1088
Ni-slabs,Ni-111-Ga-4x4x4-16-bulk-1,Ga16Ni48,-143.42476951,Ni-111-Ga-4x4x4-16-bulk-1,self,/data/Chapter6/Ni-slabs.hdf,1089
Ni-slabs,Ni-111-Ga-4x4x4-16-bulk-2,Ga16Ni48,-146.25170038,Ni-111-Ga-4x4x4-16-bulk-2,self,/data/Chapter6/Ni-slabs.hdf,1090
Ni-slabs,Ni-111-Ga-4x4x4-16-bulk-2-amorph-1,Ga16Ni48,-145.79405322,Ni-111-Ga-4x4x4-16-bulk-2-amorph-1,self,/data/Chapter6/Ni-slabs.hdf,1095
Ni-slabs,Ni-111-Ga-4x4x4-16-a,0,0.0,Ni-111-Ga-4x4x4-16-a,missing,/data/Chapter6/Ni-slabs.hdf,1099
Ni-slabs,Ni-111-Ga-4x4x4-6,Ga6Ni58,-142.92228155,Ni-111-Ga-4x4x4-6,self,/data/Chapter6/Ni-slabs.hdf,1100
Ni-slabs,Ni-111-Ga-4x4x4-1,GaNi63,-141.41482282,Ni-111-Ga-4x4x4-1,self,/data/Chapter6/Ni-slabs.hdf,1101
Ni-slabs,Ni-111-Ga-4x4x4-10,Ga10Ni54,-140.60349154,Ni-111-Ga-4x4x4-10,self,/data/Chapter6/Ni-slabs.hdf,1102
Ni-slabs,Ni-111-Ga-4x4x4-8,Ga8Ni56,-142.40482991,Ni-111-Ga-4x4x4-8,self,/data/Chapter6/Ni-slabs.hdf,1103
Ni-slabs,Ni-111-Ga-4x4x4-4-a,Ga4Ni60,-142.98594509,Ni-111-Ga-4x4x4-4-a,self,/data/Chapter6/Ni-slabs.hdf,1104
Ni-slabs,Ni-111-Ga-4x4x4-4-d,Ga4Ni60,-142.98590167,Ni-111-Ga-4x4x4-4-d,self,/data/Chapter6/Ni-slabs.hdf,1106
Ni-slabs,Ni-111-Ga-4x4x4-4-d-convergence-kpoints-9,0,0.0,Ni-111-Ga-4x4x4-4-d-convergence-kpoints-9,missing,/data/Chapter6/Ni-slabs.hdf,1107
Ni-slabs,Ni-111-Ga-4x4x4-4-d-convergence-kpoints-7,0,0.0,Ni-111-Ga-4x4x4-4-d-convergence-kpoints-7,missing,/data/Chapter6/Ni-slabs.hdf,1108
Ni-slabs,Ni-111-Ga-4x4x4-4-d-convergence-kpoints-6,0,0.0,Ni-111-Ga-4x4x4-4-d-convergence-kpoints-6,missing,/data/Chapter6/Ni-slabs.hdf,1109
Ni-slabs,Ni-111-Ga-4x4x4-4-d-convergence-kpoints-10,0,0.0,Ni-111-Ga-4x4x4-4-d-convergence-kpoints-10,missing,/data/Chapter6/Ni-slabs.hdf,1110
Ni-slabs,Ni-111-Ga-4x4x4-4-d-convergence-kpoints-8,0,0.0,Ni-111-Ga-4x4x4-4-d-convergence-kpoints-8,missing,/data/Chapter6/Ni-slabs.hdf,1111
Ni-slabs,Ni-111-Ga-4x4x4-4-d-convergence-kpoints-4,0,0.0,Ni-111-Ga-4x4x4-4-d-convergence-kpoints-4,missing,/data/Chapter6/Ni-slabs.hdf,1112
Ni-slabs,Ni-111-Ga-4x4x4-4-d-convergence-kpoints-3,0,0.0,Ni-111-Ga-4x4x4-4-d-convergence-kpoints-3,missing,/data/Chapter6/Ni-slabs.hdf,1113
Ni-slabs,Ni-111-Ga-4x4x4-4-d-convergence-kpoints-5,0,0.0,Ni-111-Ga-4x4x4-4-d-convergence-kpoints-5,missing,/data/Chapter6/Ni-slabs.hdf,1114
Ni-slabs,Ni-111-Ga-4x4x4-4-b,Ga4Ni60,-142.99923211,Ni-111-Ga-4x4x4-4-b,self,/data/Chapter6/Ni-slabs.hdf,1115
Ni-slabs,Ni-111-Ga-4x4x4-4-b-H2COO-AA,CH2Ga4Ni60O2,-168.28801925,Ni-111-Ga-4x4x4-4-b-H2COO-AA,self,/data/Chapter6/Ni-slabs.hdf,1116
Ni-slabs,Ni-111-Ga-4x4x4-4-b-convergence-kpoints-9,0,0.0,Ni-111-Ga-4x4x4-4-b-convergence-kpoints-9,missing,/data/Chapter6/Ni-slabs.hdf,1119
Ni-slabs,Ni-111-Ga-4x4x4-4-b-convergence-kpoints-11,0,0.0,Ni-111-Ga-4x4x4-4-b-convergence-kpoints-11,missing,/data/Chapter6/Ni-slabs.hdf,1120
Ni-slabs,Ni-111-Ga-4x4x4-4-b-convergence-kpoints-7,0,0.0,Ni-111-Ga-4x4x4-4-b-convergence-kpoints-7,missing,/data/Chapter6/Ni-slabs.hdf,1121
Ni-slabs,Ni-111-Ga-4x4x4-4-b-convergence-kpoints-6,0,0.0,Ni-111-Ga-4x4x4-4-b-convergence-kpoints-6,missing,/data/Chapter6/Ni-slabs.hdf,1122
Ni-slabs,Ni-111-Ga-4x4x4-4-b-convergence-kpoints-10,0,0.0,Ni-111-Ga-4x4x4-4-b-convergence-kpoints-10,missing,/data/Chapter6/Ni-slabs.hdf,1123
Ni-slabs,Ni-111-Ga-4x4x4-4-b-convergence-kpoints-8,0,0.0,Ni-111-Ga-4x4x4-4-b-convergence-kpoints-8,missing,/data/Chapter6/Ni-slabs.hdf,1124
Ni-slabs,Ni-111-Ga-4x4x4-4-b-convergence-kpoints-a-9,0,0.0,Ni-111-Ga-4x4x4-4-b-convergence-kpoints-a-9,missing,/data/Chapter6/Ni-slabs.hdf,1125
Ni-slabs,Ni-111-Ga-4x4x4-4-b-convergence-kpoints-a-6,0,0.0,Ni-111-Ga-4x4x4-4-b-convergence-kpoints-a-6,missing,/data/Chapter6/Ni-slabs.hdf,1126
Ni-slabs,Ni-111-Ga-4x4x4-4-b-convergence-kpoints-a-3,0,0.0,Ni-111-Ga-4x4x4-4-b-convergence-kpoints-a-3,missing,/data/Chapter6/Ni-slabs.hdf,1127
Ni-slabs,Ni-111-Ga-4x4x4-4-b-convergence-kpoints-a-12,Ga4Ni60,-142.99926428,Ni-111-Ga-4x4x4-4-b-convergence-kpoints-a-12,self,/data/Chapter6/Ni-slabs.hdf,1128
Ni-slabs,Ni-111-Ga-4x4x4-4-b-convergence-kpoints-4,0,0.0,Ni-111-Ga-4x4x4-4-b-convergence-kpoints-4,missing,/data/Chapter6/Ni-slabs.hdf,1129
Ni-slabs,Ni-111-Ga-4x4x4-4-b-convergence-kpoints-3,0,0.0,Ni-111-Ga-4x4x4-4-b-convergence-kpoints-3,missing,/data/Chapter6/Ni-slabs.hdf,1130
Ni-slabs,Ni-111-Ga-4x4x4-4-b-convergence-kpoints-12,0,0.0,Ni-111-Ga-4x4x4-4-b-convergence-kpoints-12,missing,/data/Chapter6/Ni-slabs.hdf,1131
Ni-slabs,Ni-111-Ga-4x4x4-4-b-convergence-kpoints-13,0,0.0,Ni-111-Ga-4x4x4-4-b-convergence-kpoints-13,missing,/data/Chapter6/Ni-slabs.hdf,1132
Ni-slabs,Ni-111-Ga-4x4x4-4-b-convergence-kpoints-5,Ga4Ni60,-143.05463308,Ni-111-Ga-4x4x4-4-b-convergence-kpoints-5,self,/data/Chapter6/Ni-slabs.hdf,1133
Ni-slabs,Ni-111-Ga-4x4x4-4-b-convergence-kpoints-14,0,0.0,Ni-111-Ga-4x4x4-4-b-convergence-kpoints-14,missing,/data/Chapter6/Ni-slabs.hdf,1134
Ni-slabs,Ni-111-Ga-4x4x4-15,0,0.0,Ni-111-Ga-4x4x4-15,missing,/data/Chapter6/Ni-slabs.hdf,1136
Ni-slabs,Ni-111-Ga-4x4x4-3,Ga3Ni61,-142.43462067,Ni-111-Ga-4x4x4-3,self,/data/Chapter6/Ni-slabs.hdf,1137
Ni-slabs,Ni-111-Ga-4x4x4-12,Ga12Ni52,-138.03312317,Ni-111-Ga-4x4x4-12,self,/data/Chapter6/Ni-slabs.hdf,1138
Ni-slabs,Ni-111-Ga-4x4x4-2,Ga2Ni62,-141.91561613,Ni-111-Ga-4x4x4-2,self,/data/Chapter6/Ni-slabs.hdf,1139
Ni-slabs,Ni-111-Ga-4x4x4-2-a,Ga2Ni62,-141.91561613,Ni-111-Ga-4x4x4-2-a,self,/data/Chapter6/Ni-slabs.hdf,1140
Ni-slabs,Ni-111-Ga-4x4x4-13,0,0.0,Ni-111-Ga-4x4x4-13,missing,/data/Chapter6/Ni-slabs.hdf,1141
Ni-slabs,Ni-111-Ga-4x4x4-5,Ga5Ni59,-142.99238866,Ni-111-Ga-4x4x4-5,self,/data/Chapter6/Ni-slabs.hdf,1142
Ni-slabs,Ni-111-Ga-4x4x4-14,Ga14Ni50,-134.73631424,Ni-111-Ga-4x4x4-14,self,/data/Chapter6/Ni-slabs.hdf,1143
Ni-slabs,Ni-111-Ga-3x3x4-9,0,0.0,Ni-111-Ga-3x3x4-9,missing,/data/Chapter6/Ni-slabs.hdf,1144
Ni-slabs,Ni-111-Ga-3x3x4-6,Ga6Ni30,-79.14938366,Ni-111-Ga-3x3x4-6,self,/data/Chapter6/Ni-slabs.hdf,1145
Ni-slabs,Ni-111-Ga-3x3x4-6-Ox3-1,Ga6Ni30O3,-87.9510136,Ni-111-Ga-3x3x4-6-Ox3-1,self,/data/Chapter6/Ni-slabs.hdf,1146
Ni-slabs,Ni-111-Ga-3x3x4-6-Ox3-2,Ga6Ni30O3,-94.65802245,Ni-111-Ga-3x3x4-6-Ox3-2,self,/data/Chapter6/Ni-slabs.hdf,1147
Ni-slabs,Ni-111-Ga-3x3x4-6-Ox2-1,Ga6Ni30O2,-88.73167844,Ni-111-Ga-3x3x4-6-Ox2-1,self,/data/Chapter6/Ni-slabs.hdf,1148
Ni-slabs,Ni-111-Ga-3x3x4-1,GaNi35,-79.74342816,Ni-111-Ga-3x3x4-1,self,/data/Chapter6/Ni-slabs.hdf,1149
Ni-slabs,Ni-111-Ga-3x3x4-1-H2COO-AB,CH2GaNi35O2,-105.04913824,Ni-111-Ga-3x3x4-1-H2COO-AB,self,/data/Chapter6/Ni-slabs.hdf,1150
Ni-slabs,Ni-111-Ga-3x3x4-1-H2COO-AA-1,CH2GaNi35O2,-105.34333809,Ni-111-Ga-3x3x4-1-H2COO-AA-1,self,/data/Chapter6/Ni-slabs.hdf,1151
Ni-slabs,Ni-111-Ga-3x3x4-1-H2COO-AA-2,CH2GaNi35O2,-105.34434219,Ni-111-Ga-3x3x4-1-H2COO-AA-2,self,/data/Chapter6/Ni-slabs.hdf,1152
Ni-slabs,Ni-111-Ga-3x3x4-1-H-AAB,HGaNi35,-83.69492903,Ni-111-Ga-3x3x4-1-H-AAB,self,/data/Chapter6/Ni-slabs.hdf,1156
Ni-slabs,Ni-111-Ga-3x3x4-1-H-AAA,HGaNi35,-83.69483572,Ni-111-Ga-3x3x4-1-H-AAA,self,/data/Chapter6/Ni-slabs.hdf,1157
Ni-slabs,Ni-111-Ga-3x3x4-1-convergence-kpoints-9,GaNi35,-79.79537212,Ni-111-Ga-3x3x4-1-convergence-kpoints-9,self,/data/Chapter6/Ni-slabs.hdf,1158
Ni-slabs,Ni-111-Ga-3x3x4-1-convergence-kpoints-11,GaNi35,-79.81092352,Ni-111-Ga-3x3x4-1-convergence-kpoints-11,self,/data/Chapter6/Ni-slabs.hdf,1159
Ni-slabs,Ni-111-Ga-3x3x4-1-convergence-kpoints-7,GaNi35,-79.81175888,Ni-111-Ga-3x3x4-1-convergence-kpoints-7,self,/data/Chapter6/Ni-slabs.hdf,1160
Ni-slabs,Ni-111-Ga-3x3x4-1-convergence-kpoints-6,GaNi35,-79.81366241,Ni-111-Ga-3x3x4-1-convergence-kpoints-6,self,/data/Chapter6/Ni-slabs.hdf,1161
Ni-slabs,Ni-111-Ga-3x3x4-1-convergence-kpoints-10,GaNi35,-79.80447978,Ni-111-Ga-3x3x4-1-convergence-kpoints-10,self,/data/Chapter6/Ni-slabs.hdf,1162
Ni-slabs,Ni-111-Ga-3x3x4-1-convergence-kpoints-8,GaNi35,-79.80424885,Ni-111-Ga-3x3x4-1-convergence-kpoints-8,self,/data/Chapter6/Ni-slabs.hdf,1163
Ni-slabs,Ni-111-Ga-3x3x4-1-convergence-kpoints-4,GaNi35,-79.74342839,Ni-111-Ga-3x3x4-1-convergence-kpoints-4,self,/data/Chapter6/Ni-slabs.hdf,1164
Ni-slabs,Ni-111-Ga-3x3x4-1-convergence-kpoints-3,GaNi35,-79.77562852,Ni-111-Ga-3x3x4-1-convergence-kpoints-3,self,/data/Chapter6/Ni-slabs.hdf,1165
Ni-slabs,Ni-111-Ga-3x3x4-1-convergence-kpoints-12,GaNi35,-79.80869916,Ni-111-Ga-3x3x4-1-convergence-kpoints-12,self,/data/Chapter6/Ni-slabs.hdf,1166
Ni-slabs,Ni-111-Ga-3x3x4-1-convergence-kpoints-13,GaNi35,-79.79861443,Ni-111-Ga-3x3x4-1-convergence-kpoints-13,self,/data/Chapter6/Ni-slabs.hdf,1167
Ni-slabs,Ni-111-Ga-3x3x4-1-convergence-kpoints-5,GaNi35,-79.8181737,Ni-111-Ga-3x3x4-1-convergence-kpoints-5,self,/data/Chapter6/Ni-slabs.hdf,1168
Ni-slabs,Ni-111-Ga-3x3x4-1-convergence-kpoints-14,GaNi35,-79.80301008,Ni-111-Ga-3x3x4-1-convergence-kpoints-14,self,/data/Chapter6/Ni-slabs.hdf,1169
Ni-slabs,Ni-111-Ga-3x3x4-3-a,Ga3Ni33,-80.83163704,Ni-111-Ga-3x3x4-3-a,self,/data/Chapter6/Ni-slabs.hdf,1173
Ni-slabs,Ni-111-Ga-3x3x4-3-a-H2COH-AB-1,CH3Ga3Ni33O,-104.36157467,Ni-111-Ga-3x3x4-3-a-H2COH-AB-1,self,/data/Chapter6/Ni-slabs.hdf,1174
Ni-slabs,Ni-111-Ga-3x3x4-3-a-H2COO-BB-1,CH2Ga3Ni33O2,-105.8569427,Ni-111-Ga-3x3x4-3-a-H2COO-BB-1,self,/data/Chapter6/Ni-slabs.hdf,1179
Ni-slabs,Ni-111-Ga-3x3x4-3-a-H2COO-AB-1,CH2Ga3Ni33O2,-105.79779391,Ni-111-Ga-3x3x4-3-a-H2COO-AB-1,self,/data/Chapter6/Ni-slabs.hdf,1180
Ni-slabs,Ni-111-Ga-3x3x4-3-a-H2COO-AA-1,CH2Ga3Ni33O2,-105.34558812,Ni-111-Ga-3x3x4-3-a-H2COO-AA-1,self,/data/Chapter6/Ni-slabs.hdf,1181
Ni-slabs,Ni-111-Ga-3x3x4-3-a-O-AAB,Ga3Ni33O,-85.76054054,Ni-111-Ga-3x3x4-3-a-O-AAB,self,/data/Chapter6/Ni-slabs.hdf,1198
Ni-slabs,Ni-111-Ga-3x3x4-3-a-H-AAB,HGa3Ni33,-84.46173619,Ni-111-Ga-3x3x4-3-a-H-AAB,self,/data/Chapter6/Ni-slabs.hdf,1199
Ni-slabs,Ni-111-Ga-3x3x4-3-a-convergence-kpoints-9,Ga3Ni33,-80.85817238,Ni-111-Ga-3x3x4-3-a-convergence-kpoints-9,self,/data/Chapter6/Ni-slabs.hdf,1200
Ni-slabs,Ni-111-Ga-3x3x4-3-a-convergence-kpoints-11,Ga3Ni33,-80.86346228,Ni-111-Ga-3x3x4-3-a-convergence-kpoints-11,self,/data/Chapter6/Ni-slabs.hdf,1201
Ni-slabs,Ni-111-Ga-3x3x4-3-a-convergence-kpoints-7,Ga3Ni33,-80.86782557,Ni-111-Ga-3x3x4-3-a-convergence-kpoints-7,self,/data/Chapter6/Ni-slabs.hdf,1202
Ni-slabs,Ni-111-Ga-3x3x4-3-a-convergence-kpoints-6,Ga3Ni33,-80.89448902,Ni-111-Ga-3x3x4-3-a-convergence-kpoints-6,self,/data/Chapter6/Ni-slabs.hdf,1203
Ni-slabs,Ni-111-Ga-3x3x4-3-a-convergence-kpoints-10,Ga3Ni33,-80.86390408,Ni-111-Ga-3x3x4-3-a-convergence-kpoints-10,self,/data/Chapter6/Ni-slabs.hdf,1204
Ni-slabs,Ni-111-Ga-3x3x4-3-a-convergence-kpoints-8,Ga3Ni33,-80.83233167,Ni-111-Ga-3x3x4-3-a-convergence-kpoints-8,self,/data/Chapter6/Ni-slabs.hdf,1205
Ni-slabs,Ni-111-Ga-3x3x4-3-a-convergence-kpoints-4,Ga3Ni33,-80.83164382,Ni-111-Ga-3x3x4-3-a-convergence-kpoints-4,self,/data/Chapter6/Ni-slabs.hdf,1206
Ni-slabs,Ni-111-Ga-3x3x4-3-a-convergence-kpoints-3,Ga3Ni33,-80.76449785,Ni-111-Ga-3x3x4-3-a-convergence-kpoints-3,self,/data/Chapter6/Ni-slabs.hdf,1207
Ni-slabs,Ni-111-Ga-3x3x4-3-a-convergence-kpoints-12,Ga3Ni33,-80.84685059,Ni-111-Ga-3x3x4-3-a-convergence-kpoints-12,self,/data/Chapter6/Ni-slabs.hdf,1208
Ni-slabs,Ni-111-Ga-3x3x4-3-a-convergence-kpoints-13,Ga3Ni33,-80.85843834,Ni-111-Ga-3x3x4-3-a-convergence-kpoints-13,self,/data/Chapter6/Ni-slabs.hdf,1209
Ni-slabs,Ni-111-Ga-3x3x4-3-a-convergence-kpoints-5,Ga3Ni33,-80.84522428,Ni-111-Ga-3x3x4-3-a-convergence-kpoints-5,self,/data/Chapter6/Ni-slabs.hdf,1210
Ni-slabs,Ni-111-Ga-3x3x4-3-a-convergence-kpoints-14,Ga3Ni33,-80.86409239,Ni-111-Ga-3x3x4-3-a-convergence-kpoints-14,self,/data/Chapter6/Ni-slabs.hdf,1211
Ni-slabs,Ni-111-Ga-3x3x4-3-a-H2CO-AB-1,CH2Ga3Ni33O,-100.50786527,Ni-111-Ga-3x3x4-3-a-H2CO-AB-1,self,/data/Chapter6/Ni-slabs.hdf,1212
Ni-slabs,Ni-111-Ga-3x3x4-3-a-OH-AAB,HGa3Ni33O,-89.67770836,Ni-111-Ga-3x3x4-3-a-OH-AAB,self,/data/Chapter6/Ni-slabs.hdf,1213
Ni-slabs,Ni-111-Ga-3x3x4-3-a-OH-AA,HGa3Ni33O,-89.75944747,Ni-111-Ga-3x3x4-3-a-OH-AA,self,/data/Chapter6/Ni-slabs.hdf,1214
Ni-slabs,Ni-111-Ga-3x3x4-3-c,Ga3Ni33,-79.95256971,Ni-111-Ga-3x3x4-3-c,self,/data/Chapter6/Ni-slabs.hdf,1219
Ni-slabs,Ni-111-Ga-3x3x4-3-c-H2COO-BB-1,CH2Ga3Ni33O2,-105.09159652,Ni-111-Ga-3x3x4-3-c-H2COO-BB-1,self,/data/Chapter6/Ni-slabs.hdf,1220
Ni-slabs,Ni-111-Ga-3x3x4-3-c-H2COO-AB,CH2Ga3Ni33O2,-105.24579144,Ni-111-Ga-3x3x4-3-c-H2COO-AB,self,/data/Chapter6/Ni-slabs.hdf,1221
Ni-slabs,Ni-111-Ga-3x3x4-3-c-H2COO-AA,CH2Ga3Ni33O2,-104.4702203,Ni-111-Ga-3x3x4-3-c-H2COO-AA,self,/data/Chapter6/Ni-slabs.hdf,1222
Ni-slabs,Ni-111-Ga-3x3x4-3-under,Ga3Ni33,-80.28843219,Ni-111-Ga-3x3x4-3-under,self,/data/Chapter6/Ni-slabs.hdf,1231
Ni-slabs,Ni-111-Ga-3x3x4-3-b,Ga3Ni33,-80.25898171,Ni-111-Ga-3x3x4-3-b,self,/data/Chapter6/Ni-slabs.hdf,1232
Ni-slabs,Ni-111-Ga-3x3x4-3-b-H2COO-BB-1,CH2Ga3Ni33O2,-105.2557101,Ni-111-Ga-3x3x4-3-b-H2COO-BB-1,self,/data/Chapter6/Ni-slabs.hdf,1233
Ni-slabs,Ni-111-Ga-3x3x4-3-b-H2COO-AB,CH2Ga3Ni33O2,-105.4553821,Ni-111-Ga-3x3x4-3-b-H2COO-AB,self,/data/Chapter6/Ni-slabs.hdf,1234
Ni-slabs,Ni-111-Ga-3x3x4-3-b-H2COO-AA,CH2Ga3Ni33O2,-105.71855775,Ni-111-Ga-3x3x4-3-b-H2COO-AA,self,/data/Chapter6/Ni-slabs.hdf,1235
Ni-slabs,Ni-111-Ga-3x3x4-2,Ga2Ni34,-80.26633479,Ni-111-Ga-3x3x4-2,self,/data/Chapter6/Ni-slabs.hdf,1246
Ni-slabs,Ni-111-Ga-3x3x5-1,GaNi44,-102.59493986,Ni-111-Ga-3x3x5-1,self,/data/Chapter6/Ni-slabs.hdf,1247
Ni-slabs,Ni-111-Ga-3x3x5-1-convergence-kpoints-9,GaNi44,-102.58680256,Ni-111-Ga-3x3x5-1-convergence-kpoints-9,self,/data/Chapter6/Ni-slabs.hdf,1248
Ni-slabs,Ni-111-Ga-3x3x5-1-convergence-kpoints-11,GaNi44,-102.58209157,Ni-111-Ga-3x3x5-1-convergence-kpoints-11,self,/data/Chapter6/Ni-slabs.hdf,1249
Ni-slabs,Ni-111-Ga-3x3x5-1-convergence-kpoints-7,GaNi44,-102.565389,Ni-111-Ga-3x3x5-1-convergence-kpoints-7,self,/data/Chapter6/Ni-slabs.hdf,1250
Ni-slabs,Ni-111-Ga-3x3x5-1-convergence-kpoints-6,GaNi44,-102.59717369,Ni-111-Ga-3x3x5-1-convergence-kpoints-6,self,/data/Chapter6/Ni-slabs.hdf,1251
Ni-slabs,Ni-111-Ga-3x3x5-1-convergence-kpoints-10,GaNi44,-102.58994999,Ni-111-Ga-3x3x5-1-convergence-kpoints-10,self,/data/Chapter6/Ni-slabs.hdf,1252
Ni-slabs,Ni-111-Ga-3x3x5-1-convergence-kpoints-8,GaNi44,-102.56261186,Ni-111-Ga-3x3x5-1-convergence-kpoints-8,self,/data/Chapter6/Ni-slabs.hdf,1253
Ni-slabs,Ni-111-Ga-3x3x5-1-convergence-kpoints-4,GaNi44,-102.59498401,Ni-111-Ga-3x3x5-1-convergence-kpoints-4,self,/data/Chapter6/Ni-slabs.hdf,1254
Ni-slabs,Ni-111-Ga-3x3x5-1-convergence-kpoints-3,GaNi44,-102.50841664,Ni-111-Ga-3x3x5-1-convergence-kpoints-3,self,/data/Chapter6/Ni-slabs.hdf,1255
Ni-slabs,Ni-111-Ga-3x3x5-1-convergence-kpoints-12,GaNi44,-102.58620568,Ni-111-Ga-3x3x5-1-convergence-kpoints-12,self,/data/Chapter6/Ni-slabs.hdf,1256
Ni-slabs,Ni-111-Ga-3x3x5-1-convergence-kpoints-13,GaNi44,-102.58871923,Ni-111-Ga-3x3x5-1-convergence-kpoints-13,self,/data/Chapter6/Ni-slabs.hdf,1257
Ni-slabs,Ni-111-Ga-3x3x5-1-convergence-kpoints-5,GaNi44,-102.65124111,Ni-111-Ga-3x3x5-1-convergence-kpoints-5,self,/data/Chapter6/Ni-slabs.hdf,1258
Ni-slabs,Ni-111-Ga-3x3x5-1-convergence-kpoints-14,GaNi44,-102.58551876,Ni-111-Ga-3x3x5-1-convergence-kpoints-14,self,/data/Chapter6/Ni-slabs.hdf,1259
Ni-slabs,Ni-110-Al-1x2x4-1,AlNi7,-16.8176221,Ni-110-Al-1x2x4-1,self,/data/Chapter6/Ni-slabs.hdf,1260
Ni-slabs,Ni-110-Ga1-3x3x4-6,Ga6Ni30,-70.56900122,Ni-110-Ga1-3x3x4-6,self,/data/Chapter6/Ni-slabs.hdf,1261
Ni-slabs,Ni-110-clean-2x2x4,Ni16,-30.33573638,Ni-110-clean-2x2x4,self,/data/Chapter6/Ni-slabs.hdf,1262
Ni-slabs,Ni-110-clean-2x2x4-CN-1,CNNi16,-45.61944069,Ni-110-clean-2x2x4-CN-1,self,/data/Chapter6/Ni-slabs.hdf,1264
Ni-slabs,Ni-110-clean-2x2x4-convergence-kpoints-ab-18,Ni16,-30.36379583,Ni-110-clean-2x2x4-convergence-kpoints-ab-18,self,/data/Chapter6/Ni-slabs.hdf,1267
Ni-slabs,Ni-110-clean-2x2x4-convergence-kpoints-ab-9,Ni16,-30.37860288,Ni-110-clean-2x2x4-convergence-kpoints-ab-9,self,/data/Chapter6/Ni-slabs.hdf,1268
Ni-slabs,Ni-110-clean-2x2x4-convergence-kpoints-ab-7,Ni16,-30.35203271,Ni-110-clean-2x2x4-convergence-kpoints-ab-7,self,/data/Chapter6/Ni-slabs.hdf,1269
Ni-slabs,Ni-110-clean-2x2x4-convergence-kpoints-ab-6,Ni16,-30.33573705,Ni-110-clean-2x2x4-convergence-kpoints-ab-6,self,/data/Chapter6/Ni-slabs.hdf,1270
Ni-slabs,Ni-110-clean-2x2x4-convergence-kpoints-ab-10,Ni16,-30.37308351,Ni-110-clean-2x2x4-convergence-kpoints-ab-10,self,/data/Chapter6/Ni-slabs.hdf,1271
Ni-slabs,Ni-110-clean-2x2x4-convergence-kpoints-ab-8,Ni16,-30.37334779,Ni-110-clean-2x2x4-convergence-kpoints-ab-8,self,/data/Chapter6/Ni-slabs.hdf,1272
Ni-slabs,Ni-110-clean-2x2x4-convergence-kpoints-ab-24,Ni16,-30.36537953,Ni-110-clean-2x2x4-convergence-kpoints-ab-24,self,/data/Chapter6/Ni-slabs.hdf,1273
Ni-slabs,Ni-110-clean-2x2x4-convergence-kpoints-ab-4,Ni16,-30.34459623,Ni-110-clean-2x2x4-convergence-kpoints-ab-4,self,/data/Chapter6/Ni-slabs.hdf,1274
Ni-slabs,Ni-110-clean-2x2x4-convergence-kpoints-ab-3,Ni16,-30.38785296,Ni-110-clean-2x2x4-convergence-kpoints-ab-3,self,/data/Chapter6/Ni-slabs.hdf,1275
Ni-slabs,Ni-110-clean-2x2x4-convergence-kpoints-ab-12,Ni16,-30.36003501,Ni-110-clean-2x2x4-convergence-kpoints-ab-12,self,/data/Chapter6/Ni-slabs.hdf,1276
Ni-slabs,Ni-110-clean-2x2x4-convergence-kpoints-ab-5,Ni16,-30.37750031,Ni-110-clean-2x2x4-convergence-kpoints-ab-5,self,/data/Chapter6/Ni-slabs.hdf,1277
Ni-slabs,Ni-110-clean-2x2x4-convergence-kpoints-a-18,Ni16,-30.35825041,Ni-110-clean-2x2x4-convergence-kpoints-a-18,self,/data/Chapter6/Ni-slabs.hdf,1278
Ni-slabs,Ni-110-clean-2x2x4-convergence-kpoints-a-9,Ni16,-30.35834297,Ni-110-clean-2x2x4-convergence-kpoints-a-9,self,/data/Chapter6/Ni-slabs.hdf,1279
Ni-slabs,Ni-110-clean-2x2x4-convergence-kpoints-a-7,Ni16,-30.35513211,Ni-110-clean-2x2x4-convergence-kpoints-a-7,self,/data/Chapter6/Ni-slabs.hdf,1280
Ni-slabs,Ni-110-clean-2x2x4-convergence-kpoints-a-6,Ni16,-30.02741332,Ni-110-clean-2x2x4-convergence-kpoints-a-6,self,/data/Chapter6/Ni-slabs.hdf,1281
Ni-slabs,Ni-110-clean-2x2x4-convergence-kpoints-a-8,Ni16,-30.10105545,Ni-110-clean-2x2x4-convergence-kpoints-a-8,self,/data/Chapter6/Ni-slabs.hdf,1282
Ni-slabs,Ni-110-clean-2x2x4-convergence-kpoints-a-4,Ni16,-30.31473849,Ni-110-clean-2x2x4-convergence-kpoints-a-4,self,/data/Chapter6/Ni-slabs.hdf,1283
Ni-slabs,Ni-110-clean-2x2x4-convergence-kpoints-a-15,Ni16,-30.35895891,Ni-110-clean-2x2x4-convergence-kpoints-a-15,self,/data/Chapter6/Ni-slabs.hdf,1284
Ni-slabs,Ni-110-clean-2x2x4-convergence-kpoints-a-3,Ni16,-30.26279361,Ni-110-clean-2x2x4-convergence-kpoints-a-3,self,/data/Chapter6/Ni-slabs.hdf,1285
Ni-slabs,Ni-110-clean-2x2x4-convergence-kpoints-a-12,Ni16,-30.36003501,Ni-110-clean-2x2x4-convergence-kpoints-a-12,self,/data/Chapter6/Ni-slabs.hdf,1286
Ni-slabs,Ni-110-clean-2x2x4-convergence-kpoints-a-5,Ni16,-30.35866686,Ni-110-clean-2x2x4-convergence-kpoints-a-5,self,/data/Chapter6/Ni-slabs.hdf,1287
Ni-slabs,Ni-110-clean-2x2x4-convergence-kpoints-b-18,Ni16,-30.36476395,Ni-110-clean-2x2x4-convergence-kpoints-b-18,self,/data/Chapter6/Ni-slabs.hdf,1288
Ni-slabs,Ni-110-clean-2x2x4-convergence-kpoints-b-9,Ni16,-30.37977021,Ni-110-clean-2x2x4-convergence-kpoints-b-9,self,/data/Chapter6/Ni-slabs.hdf,1289
Ni-slabs,Ni-110-clean-2x2x4-convergence-kpoints-b-7,Ni16,-30.35626431,Ni-110-clean-2x2x4-convergence-kpoints-b-7,self,/data/Chapter6/Ni-slabs.hdf,1290
Ni-slabs,Ni-110-clean-2x2x4-convergence-kpoints-b-6,Ni16,-30.33383648,Ni-110-clean-2x2x4-convergence-kpoints-b-6,self,/data/Chapter6/Ni-slabs.hdf,1291
Ni-slabs,Ni-110-clean-2x2x4-convergence-kpoints-b-10,Ni16,-30.37120708,Ni-110-clean-2x2x4-convergence-kpoints-b-10,self,/data/Chapter6/Ni-slabs.hdf,1292
Ni-slabs,Ni-110-clean-2x2x4-convergence-kpoints-b-8,Ni16,-30.37334779,Ni-110-clean-2x2x4-convergence-kpoints-b-8,self,/data/Chapter6/Ni-slabs.hdf,1293
Ni-slabs,Ni-110-clean-2x2x4-convergence-kpoints-b-4,Ni16,-30.3670222,Ni-110-clean-2x2x4-convergence-kpoints-b-4,self,/data/Chapter6/Ni-slabs.hdf,1294
Ni-slabs,Ni-110-clean-2x2x4-convergence-kpoints-b-15,Ni16,-30.36785677,Ni-110-clean-2x2x4-convergence-kpoints-b-15,self,/data/Chapter6/Ni-slabs.hdf,1295
Ni-slabs,Ni-110-clean-2x2x4-convergence-kpoints-b-3,Ni16,-30.41030728,Ni-110-clean-2x2x4-convergence-kpoints-b-3,self,/data/Chapter6/Ni-slabs.hdf,1296
Ni-slabs,Ni-110-clean-2x2x4-convergence-kpoints-b-12,Ni16,-30.36003501,Ni-110-clean-2x2x4-convergence-kpoints-b-12,self,/data/Chapter6/Ni-slabs.hdf,1297
Ni-slabs,Ni-110-clean-2x2x4-convergence-kpoints-b-2,Ni16,-30.82789792,Ni-110-clean-2x2x4-convergence-kpoints-b-2,self,/data/Chapter6/Ni-slabs.hdf,1298
Ni-slabs,Ni-110-clean-2x2x4-convergence-kpoints-b-5,Ni16,-30.38063167,Ni-110-clean-2x2x4-convergence-kpoints-b-5,self,/data/Chapter6/Ni-slabs.hdf,1299
Ni-slabs,Ni-110-clean-2x2x4-Hx4-1,H4Ni16,-45.78984212,Ni-110-clean-2x2x4-Hx4-1,self,/data/Chapter6/Ni-slabs.hdf,1300
Ni-slabs,Ni-110-clean-2x2x4-Hx4-2,H4Ni16,-45.60089179,Ni-110-clean-2x2x4-Hx4-2,self,/data/Chapter6/Ni-slabs.hdf,1301
Ni-slabs,Ni-110-clean-2x2x4-CNx2-1,C2N2Ni16,-60.85826134,Ni-110-clean-2x2x4-CNx2-1,self,/data/Chapter6/Ni-slabs.hdf,1302
Ni-slabs,Ni-110-clean-2x2x5,Ni20,-40.67647999,Ni-110-clean-2x2x5,self,/data/Chapter6/Ni-slabs.hdf,1303
Ni-slabs,Ni-110-clean-1x2x4,Ni8,-15.16759884,Ni-110-clean-1x2x4,self,/data/Chapter6/Ni-slabs.hdf,1304
Ni-slabs,Ni-110-clean-1x2x4-H2COO-AA-1,CH2Ni8O2,-40.53562015,Ni-110-clean-1x2x4-H2COO-AA-1,self,/data/Chapter6/Ni-slabs.hdf,1306
Ni-slabs,Ni-110-clean-1x2x4-O-AA-1,Ni8O,-20.5396526,Ni-110-clean-1x2x4-O-AA-1,self,/data/Chapter6/Ni-slabs.hdf,1310
Ni-slabs,Ni-110-clean-1x2x4-H-AA-1,HNi8,-18.98501094,Ni-110-clean-1x2x4-H-AA-1,self,/data/Chapter6/Ni-slabs.hdf,1311
Ni-slabs,Ni-110-clean-1x2x4-OH-AA-1,HNi8O,-25.09858033,Ni-110-clean-1x2x4-OH-AA-1,self,/data/Chapter6/Ni-slabs.hdf,1312
Ni-slabs,Ni-110-clean-4x4x6,Ni96,-202.97032853,Ni-110-clean-4x4x6,self,/data/Chapter6/Ni-slabs.hdf,1314
Ni-slabs,Ni-110-clean-3x3x6,Ni54,-114.18666774,Ni-110-clean-3x3x6,self,/data/Chapter6/Ni-slabs.hdf,1315
Ni-slabs,Ni-110-clean-2x2x9,Ni36,-81.02002093,Ni-110-clean-2x2x9,self,/data/Chapter6/Ni-slabs.hdf,1316
Ni-slabs,Ni-110-clean-2x2x7,Ni28,-60.80104824,Ni-110-clean-2x2x7,self,/data/Chapter6/Ni-slabs.hdf,1317
Ni-slabs,Ni-110-clean-2x4x4,Ni32,-60.72983893,Ni-110-clean-2x4x4,self,/data/Chapter6/Ni-slabs.hdf,1318
Ni-slabs,Ni-110-clean-2x2x6,Ni24,-50.72684097,Ni-110-clean-2x2x6,self,/data/Chapter6/Ni-slabs.hdf,1319
Ni-slabs,Ni-110-clean-2x2x8,Ni32,-70.99975181,Ni-110-clean-2x2x8,self,/data/Chapter6/Ni-slabs.hdf,1320
Ni-slabs,Ni-110-clean-2x3x4,Ni24,-45.50401815,Ni-110-clean-2x3x4,self,/data/Chapter6/Ni-slabs.hdf,1321
Ni-slabs,Ni-110-clean-2x3x4-H2COO-AA-1,CH2Ni24O2,-71.19565254,Ni-110-clean-2x3x4-H2COO-AA-1,self,/data/Chapter6/Ni-slabs.hdf,1323
Ni-slabs,Ni-110-clean-2x3x4-H2COO-AA-2,CH2Ni24O2,-71.19601532,Ni-110-clean-2x3x4-H2COO-AA-2,self,/data/Chapter6/Ni-slabs.hdf,1324
Ni-slabs,Ni-110-clean-2x3x4-OHAlO-2,HAlNi24O2,-65.84623804,Ni-110-clean-2x3x4-OHAlO-2,self,/data/Chapter6/Ni-slabs.hdf,1325
Ni-slabs,Ni-110-clean-2x3x4-GaO-1,GaNi24O,-53.49180324,Ni-110-clean-2x3x4-GaO-1,self,/data/Chapter6/Ni-slabs.hdf,1328
Ni-slabs,Ni-110-clean-2x3x4-GaO-2,GaNi24O,-53.98321688,Ni-110-clean-2x3x4-GaO-2,self,/data/Chapter6/Ni-slabs.hdf,1329
Ni-slabs,Ni-110-clean-2x3x4-GaOH-1,HGaNi24O,-57.66422678,Ni-110-clean-2x3x4-GaOH-1,self,/data/Chapter6/Ni-slabs.hdf,1330
Ni-slabs,Ni-110-clean-2x3x4-GaOH-2,HGaNi24O,-57.66353348,Ni-110-clean-2x3x4-GaOH-2,self,/data/Chapter6/Ni-slabs.hdf,1331
Ni-slabs,Ni-110-clean-2x3x4-Ga-1,GaNi24,-48.38310715,Ni-110-clean-2x3x4-Ga-1,self,/data/Chapter6/Ni-slabs.hdf,1332
Ni-slabs,Ni-110-clean-2x3x4-Ga-2,GaNi24,-48.38311113,Ni-110-clean-2x3x4-Ga-2,self,/data/Chapter6/Ni-slabs.hdf,1333
Ni-slabs,Ni-110-clean-2x3x4-Na-1,NaNi24,-46.75694144,Ni-110-clean-2x3x4-Na-1,self,/data/Chapter6/Ni-slabs.hdf,1336
Ni-slabs,Ni-110-clean-2x3x4-O-AA-1,Ni24O,-50.97255351,Ni-110-clean-2x3x4-O-AA-1,self,/data/Chapter6/Ni-slabs.hdf,1340
Ni-slabs,Ni-110-clean-2x3x4-H-AA-1,HNi24,-49.30986051,Ni-110-clean-2x3x4-H-AA-1,self,/data/Chapter6/Ni-slabs.hdf,1341
Ni-slabs,Ni-110-clean-2x3x4-H-AA-2,HNi24,-49.30679142,Ni-110-clean-2x3x4-H-AA-2,self,/data/Chapter6/Ni-slabs.hdf,1342
Ni-slabs,Ni-110-clean-2x3x4-Zn-2,Ni24Zn,-44.32607902,Ni-110-clean-2x3x4-Zn-2,self,/data/Chapter6/Ni-slabs.hdf,1343
Ni-slabs,Ni-110-clean-2x3x4-AlOH-1,HAlNi24O,-59.53466915,Ni-110-clean-2x3x4-AlOH-1,self,/data/Chapter6/Ni-slabs.hdf,1344
Ni-slabs,Ni-110-clean-2x3x4-Hx4-1,H4Ni24,-60.78927371,Ni-110-clean-2x3x4-Hx4-1,self,/data/Chapter6/Ni-slabs.hdf,1345
Ni-slabs,Ni-110-clean-2x3x4-NaOH-1,HNaNi24O,-56.91827449,Ni-110-clean-2x3x4-NaOH-1,self,/data/Chapter6/Ni-slabs.hdf,1346
Ni-slabs,Ni-110-clean-2x3x4-NaOH-2,0,0.0,Ni-110-clean-2x3x4-NaOH-2,missing,/data/Chapter6/Ni-slabs.hdf,1347
Ni-slabs,Ni-110-clean-2x3x4-OH-AA-1,HNi24O,-55.28733992,Ni-110-clean-2x3x4-OH-AA-1,self,/data/Chapter6/Ni-slabs.hdf,1348
Ni-slabs,Ni-110-clean-2x3x4-Ox2-AA-1,Ni24O2,-56.35721063,Ni-110-clean-2x3x4-Ox2-AA-1,self,/data/Chapter6/Ni-slabs.hdf,1349
Ni-slabs,Ni-110-clean-2x3x4-AlO-2,AlNi24O,-55.4507915,Ni-110-clean-2x3x4-AlO-2,self,/data/Chapter6/Ni-slabs.hdf,1350
Ni-slabs,Ni-110-clean-2x3x4-K-1,KNi24,-45.91504054,Ni-110-clean-2x3x4-K-1,self,/data/Chapter6/Ni-slabs.hdf,1351
Ni-slabs,Ni-110-clean-2x3x4-OHGaO-1,HGaNi24O2,-62.78315695,Ni-110-clean-2x3x4-OHGaO-1,self,/data/Chapter6/Ni-slabs.hdf,1354
Ni-slabs,Ni-110-clean-2x3x4-OHGaO-2,HGaNi24O2,-63.28650017,Ni-110-clean-2x3x4-OHGaO-2,self,/data/Chapter6/Ni-slabs.hdf,1355
Ni-slabs,Ni-110-clean-2x3x4-KOH-1,HKNi24O,-56.03668188,Ni-110-clean-2x3x4-KOH-1,self,/data/Chapter6/Ni-slabs.hdf,1356
Ni-slabs,Ni-110-clean-2x3x4-KOH-2,0,0.0,Ni-110-clean-2x3x4-KOH-2,missing,/data/Chapter6/Ni-slabs.hdf,1357
Ni-slabs,Ni-110-clean-3x3x4,Ni36,-68.25669296,Ni-110-clean-3x3x4,self,/data/Chapter6/Ni-slabs.hdf,1358
Ni-slabs,Ni-110-clean-3x3x4-convergence-kpoints-ab-16,Ni36,-68.32339039,Ni-110-clean-3x3x4-convergence-kpoints-ab-16,self,/data/Chapter6/Ni-slabs.hdf,1359
Ni-slabs,Ni-110-clean-3x3x4-convergence-kpoints-ab-8,Ni36,-68.31136551,Ni-110-clean-3x3x4-convergence-kpoints-ab-8,self,/data/Chapter6/Ni-slabs.hdf,1360
Ni-slabs,Ni-110-clean-3x3x4-convergence-kpoints-ab-4,Ni36,-68.25669454,Ni-110-clean-3x3x4-convergence-kpoints-ab-4,self,/data/Chapter6/Ni-slabs.hdf,1361
Ni-slabs,Ni-110-clean-3x3x4-convergence-kpoints-ab-12,Ni36,-68.31982693,Ni-110-clean-3x3x4-convergence-kpoints-ab-12,self,/data/Chapter6/Ni-slabs.hdf,1362
Ni-slabs,Ni-110-clean-3x3x4-convergence-kpoints-a-6,Ni36,-68.30753362,Ni-110-clean-3x3x4-convergence-kpoints-a-6,self,/data/Chapter6/Ni-slabs.hdf,1363
Ni-slabs,Ni-110-clean-3x3x4-convergence-kpoints-a-10,Ni36,-68.30894445,Ni-110-clean-3x3x4-convergence-kpoints-a-10,self,/data/Chapter6/Ni-slabs.hdf,1364
Ni-slabs,Ni-110-clean-3x3x4-convergence-kpoints-a-8,Ni36,-68.31136551,Ni-110-clean-3x3x4-convergence-kpoints-a-8,self,/data/Chapter6/Ni-slabs.hdf,1365
Ni-slabs,Ni-110-clean-3x3x4-convergence-kpoints-a-4,Ni36,-68.31122834,Ni-110-clean-3x3x4-convergence-kpoints-a-4,self,/data/Chapter6/Ni-slabs.hdf,1366
Ni-slabs,Ni-110-clean-3x3x4-convergence-kpoints-a-12,Ni36,-68.30733502,Ni-110-clean-3x3x4-convergence-kpoints-a-12,self,/data/Chapter6/Ni-slabs.hdf,1367
Ni-slabs,Ni-110-clean-3x3x4-convergence-kpoints-a-2,0,0.0,Ni-110-clean-3x3x4-convergence-kpoints-a-2,missing,/data/Chapter6/Ni-slabs.hdf,1368
Ni-slabs,Ni-110-clean-3x3x4-convergence-kpoints-b-6,Ni36,-68.35577005,Ni-110-clean-3x3x4-convergence-kpoints-b-6,self,/data/Chapter6/Ni-slabs.hdf,1369
Ni-slabs,Ni-110-clean-3x3x4-convergence-kpoints-b-10,Ni36,-68.328964,Ni-110-clean-3x3x4-convergence-kpoints-b-10,self,/data/Chapter6/Ni-slabs.hdf,1370
Ni-slabs,Ni-110-clean-3x3x4-convergence-kpoints-b-8,Ni36,-68.31136551,Ni-110-clean-3x3x4-convergence-kpoints-b-8,self,/data/Chapter6/Ni-slabs.hdf,1371
Ni-slabs,Ni-110-clean-3x3x4-convergence-kpoints-b-4,0,0.0,Ni-110-clean-3x3x4-convergence-kpoints-b-4,missing,/data/Chapter6/Ni-slabs.hdf,1372
Ni-slabs,Ni-110-clean-3x3x4-convergence-kpoints-b-12,Ni36,-68.32200524,Ni-110-clean-3x3x4-convergence-kpoints-b-12,self,/data/Chapter6/Ni-slabs.hdf,1373
Ni-slabs,Ni-110-clean-3x3x4-convergence-kpoints-b-2,0,0.0,Ni-110-clean-3x3x4-convergence-kpoints-b-2,missing,/data/Chapter6/Ni-slabs.hdf,1374
Ni-slabs,Ni-110-NiO-1x2x4-1-a,Ni8O,-19.29406654,Ni-110-NiO-1x2x4-1-a,self,/data/Chapter6/Ni-slabs.hdf,1375
Ni-slabs,Ni-110-NiO-1x2x4-1-c,Ni8O,-20.37862169,Ni-110-NiO-1x2x4-1-c,self,/data/Chapter6/Ni-slabs.hdf,1376
Ni-slabs,Ni-110-NiO-1x2x4-1-b,Ni8O,-20.53479019,Ni-110-NiO-1x2x4-1-b,self,/data/Chapter6/Ni-slabs.hdf,1377
Ni-slabs,Ni-110-NiO-1x2x4-2-a,Ni8O2,-25.09145753,Ni-110-NiO-1x2x4-2-a,self,/data/Chapter6/Ni-slabs.hdf,1378
Ni-slabs,Ni-110-Zn-2x2x4-1,Ni15Zn,-26.8643604,Ni-110-Zn-2x2x4-1,self,/data/Chapter6/Ni-slabs.hdf,1379
Ni-slabs,Ni-110-Zn-2x2x4-4-bulk-a,Ni12Zn4,-15.08326436,Ni-110-Zn-2x2x4-4-bulk-a,self,/data/Chapter6/Ni-slabs.hdf,1380
Ni-slabs,Ni-110-Zn-2x2x4-2,Ni14Zn2,-23.44745319,Ni-110-Zn-2x2x4-2,self,/data/Chapter6/Ni-slabs.hdf,1381
Ni-slabs,Ni-110-Zn-2x2x5-1,Ni19Zn,-37.15420203,Ni-110-Zn-2x2x5-1,self,/data/Chapter6/Ni-slabs.hdf,1382
Ni-slabs,Ni-110-Zn-1x2x4-2,Ni6Zn2,-7.96794577,Ni-110-Zn-1x2x4-2,self,/data/Chapter6/Ni-slabs.hdf,1383
Ni-slabs,Ni-110-Zn-2x2x9-6,0,0.0,Ni-110-Zn-2x2x9-6,missing,/data/Chapter6/Ni-slabs.hdf,1384
Ni-slabs,Ni-110-Zn-2x2x9-1,Ni35Zn,-77.53411463,Ni-110-Zn-2x2x9-1,self,/data/Chapter6/Ni-slabs.hdf,1385
Ni-slabs,Ni-110-Zn-2x2x9-10,0,0.0,Ni-110-Zn-2x2x9-10,missing,/data/Chapter6/Ni-slabs.hdf,1386
Ni-slabs,Ni-110-Zn-2x2x9-8,0,0.0,Ni-110-Zn-2x2x9-8,missing,/data/Chapter6/Ni-slabs.hdf,1387
Ni-slabs,Ni-110-Zn-2x2x9-4,Ni32Zn4,-66.54184357,Ni-110-Zn-2x2x9-4,self,/data/Chapter6/Ni-slabs.hdf,1388
Ni-slabs,Ni-110-Zn-2x2x9-12,0,0.0,Ni-110-Zn-2x2x9-12,missing,/data/Chapter6/Ni-slabs.hdf,1389
Ni-slabs,Ni-110-Zn-2x2x9-2,Ni34Zn2,-74.07881448,Ni-110-Zn-2x2x9-2,self,/data/Chapter6/Ni-slabs.hdf,1390
Ni-slabs,Ni-110-Zn-2x2x7-1,Ni27Zn,-57.31479212,Ni-110-Zn-2x2x7-1,self,/data/Chapter6/Ni-slabs.hdf,1391
Ni-slabs,Ni-110-Zn-2x2x6-1,Ni23Zn,-47.21849493,Ni-110-Zn-2x2x6-1,self,/data/Chapter6/Ni-slabs.hdf,1392
Ni-slabs,Ni-110-Zn-2x2x8-1,Ni31Zn,-67.49086525,Ni-110-Zn-2x2x8-1,self,/data/Chapter6/Ni-slabs.hdf,1393
Ni-slabs,Ni-110-Zn-2x3x4-6,Ni18Zn6,-23.9018798,Ni-110-Zn-2x3x4-6,self,/data/Chapter6/Ni-slabs.hdf,1394
Ni-slabs,Ni-110-Zn-2x3x4-6-H2COO-BB-1,CH2Ni18O2Zn6,-49.04861943,Ni-110-Zn-2x3x4-6-H2COO-BB-1,self,/data/Chapter6/Ni-slabs.hdf,1396
Ni-slabs,Ni-110-Zn-2x3x4-6-O-BB-1,Ni18OZn6,-28.78082788,Ni-110-Zn-2x3x4-6-O-BB-1,self,/data/Chapter6/Ni-slabs.hdf,1401
Ni-slabs,Ni-110-Zn-2x3x4-6-H-BB-1,HNi18Zn6,-27.24610269,Ni-110-Zn-2x3x4-6-H-BB-1,self,/data/Chapter6/Ni-slabs.hdf,1402
Ni-slabs,Ni-110-Zn-2x3x4-6-H-AB-1,HNi18Zn6,-27.21891762,Ni-110-Zn-2x3x4-6-H-AB-1,self,/data/Chapter6/Ni-slabs.hdf,1403
Ni-slabs,Ni-110-Zn-2x3x4-6-OH-BB-1,HNi18OZn6,-33.49526617,Ni-110-Zn-2x3x4-6-OH-BB-1,self,/data/Chapter6/Ni-slabs.hdf,1404
Ni-slabs,Ni-110-Zn-2x3x4-6-Ox2-AB-1,Ni18O2Zn6,-33.57205246,Ni-110-Zn-2x3x4-6-Ox2-AB-1,self,/data/Chapter6/Ni-slabs.hdf,1405
Ni-slabs,Ni-110-Zn-3x3x4-6,Ni30Zn6,-47.16834535,Ni-110-Zn-3x3x4-6,self,/data/Chapter6/Ni-slabs.hdf,1407
Ni-slabs,Ni-110-Zn-3x3x4-1,Ni35Zn,-64.78789234,Ni-110-Zn-3x3x4-1,self,/data/Chapter6/Ni-slabs.hdf,1408
Ni-slabs,Ni-110-Zn-3x3x4-3,Ni33Zn3,-57.88489495,Ni-110-Zn-3x3x4-3,self,/data/Chapter6/Ni-slabs.hdf,1409
Ni-slabs,Ni-110-Ga-2x2x4-1,GaNi15,-30.95352355,Ni-110-Ga-2x2x4-1,self,/data/Chapter6/Ni-slabs.hdf,1410
Ni-slabs,Ni-110-Ga-2x2x4-1-convergence-kpoints-ab-9,GaNi15,-30.96646117,Ni-110-Ga-2x2x4-1-convergence-kpoints-ab-9,self,/data/Chapter6/Ni-slabs.hdf,1411
Ni-slabs,Ni-110-Ga-2x2x4-1-convergence-kpoints-ab-11,GaNi15,-30.96751106,Ni-110-Ga-2x2x4-1-convergence-kpoints-ab-11,self,/data/Chapter6/Ni-slabs.hdf,1412
Ni-slabs,Ni-110-Ga-2x2x4-1-convergence-kpoints-ab-7,GaNi15,-30.94941372,Ni-110-Ga-2x2x4-1-convergence-kpoints-ab-7,self,/data/Chapter6/Ni-slabs.hdf,1413
Ni-slabs,Ni-110-Ga-2x2x4-1-convergence-kpoints-ab-6,GaNi15,-30.9535235,Ni-110-Ga-2x2x4-1-convergence-kpoints-ab-6,self,/data/Chapter6/Ni-slabs.hdf,1414
Ni-slabs,Ni-110-Ga-2x2x4-1-convergence-kpoints-ab-10,GaNi15,-30.96694181,Ni-110-Ga-2x2x4-1-convergence-kpoints-ab-10,self,/data/Chapter6/Ni-slabs.hdf,1415
Ni-slabs,Ni-110-Ga-2x2x4-1-convergence-kpoints-ab-8,GaNi15,-30.96205743,Ni-110-Ga-2x2x4-1-convergence-kpoints-ab-8,self,/data/Chapter6/Ni-slabs.hdf,1416
Ni-slabs,Ni-110-Ga-2x2x4-1-convergence-kpoints-ab-4,GaNi15,-30.98056392,Ni-110-Ga-2x2x4-1-convergence-kpoints-ab-4,self,/data/Chapter6/Ni-slabs.hdf,1417
Ni-slabs,Ni-110-Ga-2x2x4-1-convergence-kpoints-ab-3,GaNi15,-31.01144857,Ni-110-Ga-2x2x4-1-convergence-kpoints-ab-3,self,/data/Chapter6/Ni-slabs.hdf,1418
Ni-slabs,Ni-110-Ga-2x2x4-1-convergence-kpoints-ab-12,GaNi15,-30.96459548,Ni-110-Ga-2x2x4-1-convergence-kpoints-ab-12,self,/data/Chapter6/Ni-slabs.hdf,1419
Ni-slabs,Ni-110-Ga-2x2x4-1-convergence-kpoints-ab-13,GaNi15,-30.96397459,Ni-110-Ga-2x2x4-1-convergence-kpoints-ab-13,self,/data/Chapter6/Ni-slabs.hdf,1420
Ni-slabs,Ni-110-Ga-2x2x4-1-convergence-kpoints-ab-5,GaNi15,-30.98881443,Ni-110-Ga-2x2x4-1-convergence-kpoints-ab-5,self,/data/Chapter6/Ni-slabs.hdf,1421
Ni-slabs,Ni-110-Ga-2x2x4-1-convergence-kpoints-ab-14,GaNi15,-30.96503063,Ni-110-Ga-2x2x4-1-convergence-kpoints-ab-14,self,/data/Chapter6/Ni-slabs.hdf,1422
Ni-slabs,Ni-110-Ga-2x2x4-1-convergence-kpoints-a-9,GaNi15,-30.9538318,Ni-110-Ga-2x2x4-1-convergence-kpoints-a-9,self,/data/Chapter6/Ni-slabs.hdf,1423
Ni-slabs,Ni-110-Ga-2x2x4-1-convergence-kpoints-a-7,GaNi15,-30.95471655,Ni-110-Ga-2x2x4-1-convergence-kpoints-a-7,self,/data/Chapter6/Ni-slabs.hdf,1424
Ni-slabs,Ni-110-Ga-2x2x4-1-convergence-kpoints-a-6,GaNi15,-30.9535235,Ni-110-Ga-2x2x4-1-convergence-kpoints-a-6,self,/data/Chapter6/Ni-slabs.hdf,1425
Ni-slabs,Ni-110-Ga-2x2x4-1-convergence-kpoints-a-8,GaNi15,-30.95533573,Ni-110-Ga-2x2x4-1-convergence-kpoints-a-8,self,/data/Chapter6/Ni-slabs.hdf,1426
Ni-slabs,Ni-110-Ga-2x2x4-1-convergence-kpoints-a-4,GaNi15,-30.95589328,Ni-110-Ga-2x2x4-1-convergence-kpoints-a-4,self,/data/Chapter6/Ni-slabs.hdf,1427
Ni-slabs,Ni-110-Ga-2x2x4-1-convergence-kpoints-a-3,GaNi15,-30.91792204,Ni-110-Ga-2x2x4-1-convergence-kpoints-a-3,self,/data/Chapter6/Ni-slabs.hdf,1428
Ni-slabs,Ni-110-Ga-2x2x4-1-convergence-kpoints-a-5,GaNi15,-30.95342794,Ni-110-Ga-2x2x4-1-convergence-kpoints-a-5,self,/data/Chapter6/Ni-slabs.hdf,1429
Ni-slabs,Ni-110-Ga-2x2x4-4-bulk-a,Ga4Ni12,-31.88431326,Ni-110-Ga-2x2x4-4-bulk-a,self,/data/Chapter6/Ni-slabs.hdf,1430
Ni-slabs,Ni-110-Ga-2x2x4-4-bulk-b,Ga4Ni12,-32.02466719,Ni-110-Ga-2x2x4-4-bulk-b,self,/data/Chapter6/Ni-slabs.hdf,1433
Ni-slabs,Ni-110-Ga-2x2x4-3,Ga3Ni13,-31.41440849,Ni-110-Ga-2x2x4-3,self,/data/Chapter6/Ni-slabs.hdf,1434
Ni-slabs,Ni-110-Ga-2x2x4-2-a,Ga2Ni14,-31.5756619,Ni-110-Ga-2x2x4-2-a,self,/data/Chapter6/Ni-slabs.hdf,1435
Ni-slabs,Ni-110-Ga-2x2x4-2-a-H2COO-AB-1,CH2Ga2Ni14O2,-56.92610025,Ni-110-Ga-2x2x4-2-a-H2COO-AB-1,self,/data/Chapter6/Ni-slabs.hdf,1437
Ni-slabs,Ni-110-Ga-2x2x4-2-a-H2COO-AB-2,CH2Ga2Ni14O2,-56.85022437,Ni-110-Ga-2x2x4-2-a-H2COO-AB-2,self,/data/Chapter6/Ni-slabs.hdf,1438
Ni-slabs,Ni-110-Ga-2x2x4-2-a-O-1,Ga2Ni14O,-36.52869442,Ni-110-Ga-2x2x4-2-a-O-1,self,/data/Chapter6/Ni-slabs.hdf,1447
Ni-slabs,Ni-110-Ga-2x2x4-2-a-O-3,Ga2Ni14O2,-41.81871929,Ni-110-Ga-2x2x4-2-a-O-3,self,/data/Chapter6/Ni-slabs.hdf,1448
Ni-slabs,Ni-110-Ga-2x2x4-2-a-O-2,Ga2Ni14O2,-41.57918181,Ni-110-Ga-2x2x4-2-a-O-2,self,/data/Chapter6/Ni-slabs.hdf,1449
Ni-slabs,Ni-110-Ga-2x2x4-2-c,Ga2Ni14,-30.79586461,Ni-110-Ga-2x2x4-2-c,self,/data/Chapter6/Ni-slabs.hdf,1456
Ni-slabs,Ni-110-Ga-2x2x4-2-b,Ga2Ni14,-31.56566248,Ni-110-Ga-2x2x4-2-b,self,/data/Chapter6/Ni-slabs.hdf,1457
Ni-slabs,Ni-110-Ga-2x2x4-2-b-H2COO-AB-1,CH2Ga2Ni14O2,-56.94901592,Ni-110-Ga-2x2x4-2-b-H2COO-AB-1,self,/data/Chapter6/Ni-slabs.hdf,1458
Ni-slabs,Ni-110-Ga-2x2x4-2-b-H2COO-AB-2,CH2Ga2Ni14O2,-57.77166632,Ni-110-Ga-2x2x4-2-b-H2COO-AB-2,self,/data/Chapter6/Ni-slabs.hdf,1459
Ni-slabs,Ni-110-Ga-2x2x4-2-b-O-1,Ga2Ni14O,-36.66297766,Ni-110-Ga-2x2x4-2-b-O-1,self,/data/Chapter6/Ni-slabs.hdf,1468
Ni-slabs,Ni-110-Ga-2x2x5-1,GaNi19,-41.28485358,Ni-110-Ga-2x2x5-1,self,/data/Chapter6/Ni-slabs.hdf,1473
Ni-slabs,Ni-110-Ga-2x2x5-2,Ga2Ni18,-41.88760029,Ni-110-Ga-2x2x5-2,self,/data/Chapter6/Ni-slabs.hdf,1474
Ni-slabs,Ni-110-Ga-1x2x4-1,GaNi7,-15.79562911,Ni-110-Ga-1x2x4-1,self,/data/Chapter6/Ni-slabs.hdf,1475
Ni-slabs,Ni-110-Ga-1x2x4-1-H2COO-AB-1,CH2GaNi7O2,-41.05911005,Ni-110-Ga-1x2x4-1-H2COO-AB-1,self,/data/Chapter6/Ni-slabs.hdf,1477
Ni-slabs,Ni-110-Ga-1x2x4-1-O-AB-1,GaNi7O,-20.91298788,Ni-110-Ga-1x2x4-1-O-AB-1,self,/data/Chapter6/Ni-slabs.hdf,1480
Ni-slabs,Ni-110-Ga-1x2x4-1-H-AB-1,HGaNi7,-19.35410945,Ni-110-Ga-1x2x4-1-H-AB-1,self,/data/Chapter6/Ni-slabs.hdf,1481
Ni-slabs,Ni-110-Ga-1x2x4-1-OH-AB-1,HGaNi7O,-25.46455655,Ni-110-Ga-1x2x4-1-OH-AB-1,self,/data/Chapter6/Ni-slabs.hdf,1482
Ni-slabs,Ni-110-Ga-1x2x4-2,Ga2Ni6,-15.59036746,Ni-110-Ga-1x2x4-2,self,/data/Chapter6/Ni-slabs.hdf,1484
Ni-slabs,Ni-110-Ga-4x4x6-7,Ga7Ni89,-206.90470922,Ni-110-Ga-4x4x6-7,self,/data/Chapter6/Ni-slabs.hdf,1485
Ni-slabs,Ni-110-Ga-4x4x6-6,Ga6Ni90,-206.3004549,Ni-110-Ga-4x4x6-6,self,/data/Chapter6/Ni-slabs.hdf,1486
Ni-slabs,Ni-110-Ga-4x4x6-4,Ga4Ni92,-205.08519405,Ni-110-Ga-4x4x6-4,self,/data/Chapter6/Ni-slabs.hdf,1487
Ni-slabs,Ni-110-Ga-4x4x6-5,Ga5Ni91,-205.69934905,Ni-110-Ga-4x4x6-5,self,/data/Chapter6/Ni-slabs.hdf,1488
Ni-slabs,Ni-110-Ga-3x3x6-6,Ga6Ni48,-116.2662833,Ni-110-Ga-3x3x6-6,self,/data/Chapter6/Ni-slabs.hdf,1489
Ni-slabs,Ni-110-Ga-3x3x6-6-a,Ga6Ni48,-116.2662833,Ni-110-Ga-3x3x6-6-a,self,/data/Chapter6/Ni-slabs.hdf,1490
Ni-slabs,Ni-110-Ga-3x3x6-1,GaNi53,-114.72277835,Ni-110-Ga-3x3x6-1,self,/data/Chapter6/Ni-slabs.hdf,1491
Ni-slabs,Ni-110-Ga-3x3x6-4,Ga4Ni50,-116.09403827,Ni-110-Ga-3x3x6-4,self,/data/Chapter6/Ni-slabs.hdf,1492
Ni-slabs,Ni-110-Ga-3x3x6-3-a,Ga3Ni51,-115.82476842,Ni-110-Ga-3x3x6-3-a,self,/data/Chapter6/Ni-slabs.hdf,1493
Ni-slabs,Ni-110-Ga-3x3x6-3-b,Ga3Ni51,-115.76530948,Ni-110-Ga-3x3x6-3-b,self,/data/Chapter6/Ni-slabs.hdf,1494
Ni-slabs,Ni-110-Ga-3x3x6-2,Ga2Ni52,-115.27367187,Ni-110-Ga-3x3x6-2,self,/data/Chapter6/Ni-slabs.hdf,1495
Ni-slabs,Ni-110-Ga-3x3x6-5,Ga5Ni49,-116.36746371,Ni-110-Ga-3x3x6-5,self,/data/Chapter6/Ni-slabs.hdf,1496
Ni-slabs,Ni-110-Ga-2x2x9-6,Ga6Ni30,-80.47297282,Ni-110-Ga-2x2x9-6,self,/data/Chapter6/Ni-slabs.hdf,1497
Ni-slabs,Ni-110-Ga-2x2x9-1,GaNi35,-81.63790951,Ni-110-Ga-2x2x9-1,self,/data/Chapter6/Ni-slabs.hdf,1498
Ni-slabs,Ni-110-Ga-2x2x9-10,Ga10Ni26,-78.00597704,Ni-110-Ga-2x2x9-10,self,/data/Chapter6/Ni-slabs.hdf,1499
Ni-slabs,Ni-110-Ga-2x2x9-8,Ga8Ni28,-79.33912557,Ni-110-Ga-2x2x9-8,self,/data/Chapter6/Ni-slabs.hdf,1500
Ni-slabs,Ni-110-Ga-2x2x9-4,Ga4Ni32,-82.2915729,Ni-110-Ga-2x2x9-4,self,/data/Chapter6/Ni-slabs.hdf,1501
Ni-slabs,Ni-110-Ga-2x2x9-2,Ga2Ni34,-82.25883841,Ni-110-Ga-2x2x9-2,self,/data/Chapter6/Ni-slabs.hdf,1502
Ni-slabs,Ni-110-Ga-2x2x7-1,GaNi27,-61.41646343,Ni-110-Ga-2x2x7-1,self,/data/Chapter6/Ni-slabs.hdf,1503
Ni-slabs,Ni-110-Ga-2x4x4-4,Ga4Ni28,-63.15917855,Ni-110-Ga-2x4x4-4,self,/data/Chapter6/Ni-slabs.hdf,1504
Ni-slabs,Ni-110-Ga-2x2x6-1,GaNi23,-51.2899447,Ni-110-Ga-2x2x6-1,self,/data/Chapter6/Ni-slabs.hdf,1506
Ni-slabs,Ni-110-Ga-2x2x6-8-bulk-a,Ga8Ni24,-73.17486444,Ni-110-Ga-2x2x6-8-bulk-a,self,/data/Chapter6/Ni-slabs.hdf,1507
Ni-slabs,Ni-110-Ga-2x2x6-8-bulk-b,Ga8Ni24,-73.30733473,Ni-110-Ga-2x2x6-8-bulk-b,self,/data/Chapter6/Ni-slabs.hdf,1508
Ni-slabs,Ni-110-Ga-2x2x6-4,Ga4Ni20,-51.42321654,Ni-110-Ga-2x2x6-4,self,/data/Chapter6/Ni-slabs.hdf,1509
Ni-slabs,Ni-110-Ga-2x2x6-3,Ga3Ni21,-51.6755114,Ni-110-Ga-2x2x6-3,self,/data/Chapter6/Ni-slabs.hdf,1510
Ni-slabs,Ni-110-Ga-2x2x6-2-a,Ga2Ni22,-51.88799371,Ni-110-Ga-2x2x6-2-a,self,/data/Chapter6/Ni-slabs.hdf,1511
Ni-slabs,Ni-110-Ga-2x2x6-2-a-Ox2-1,Ga2Ni22O2,-62.03269211,Ni-110-Ga-2x2x6-2-a-Ox2-1,self,/data/Chapter6/Ni-slabs.hdf,1512
Ni-slabs,Ni-110-Ga-2x2x6-2-b,Ga2Ni22,-51.88237564,Ni-110-Ga-2x2x6-2-b,self,/data/Chapter6/Ni-slabs.hdf,1515
Ni-slabs,Ni-110-Ga-2x2x8-1,GaNi31,-71.57384076,Ni-110-Ga-2x2x8-1,self,/data/Chapter6/Ni-slabs.hdf,1516
Ni-slabs,Ni-110-Ga-2x2x8-8-bulk,Ga8Ni24,-73.30733473,Ni-110-Ga-2x2x8-8-bulk,self,/data/Chapter6/Ni-slabs.hdf,1517
Ni-slabs,Ni-110-Ga-3x3x4-6,Ga6Ni30,-71.04955361,Ni-110-Ga-3x3x4-6,self,/data/Chapter6/Ni-slabs.hdf,1518
Ni-slabs,Ni-110-Ga-3x3x4-1,GaNi35,-68.86869846,Ni-110-Ga-3x3x4-1,self,/data/Chapter6/Ni-slabs.hdf,1519
Ni-slabs,Ni-110-Ga-3x3x4-3,Ga3Ni33,-70.06785282,Ni-110-Ga-3x3x4-3,self,/data/Chapter6/Ni-slabs.hdf,1520
Ni-slabs,Ni-100-Zn2-2x2x4-1,Ni14Zn2,-26.19423959,Ni-100-Zn2-2x2x4-1,self,/data/Chapter6/Ni-slabs.hdf,1521
Ni-slabs,Ni-100-Zn2-2x2x4-4,Ni14Zn2,-25.34622249,Ni-100-Zn2-2x2x4-4,self,/data/Chapter6/Ni-slabs.hdf,1522
Ni-slabs,Ni-100-Zn2-2x2x4-3,Ni14Zn2,-25.89902758,Ni-100-Zn2-2x2x4-3,self,/data/Chapter6/Ni-slabs.hdf,1523
Ni-slabs,Ni-100-Zn2-2x2x4-2,Ni14Zn2,-26.57570239,Ni-100-Zn2-2x2x4-2,self,/data/Chapter6/Ni-slabs.hdf,1524
Ni-slabs,Ni-100-Al-2x2x4-2,Al2Ni14,-37.04739116,Ni-100-Al-2x2x4-2,self,/data/Chapter6/Ni-slabs.hdf,1525
Ni-slabs,Ni-100-Zn1-2x2x4-1,Ni15Zn,-30.06367215,Ni-100-Zn1-2x2x4-1,self,/data/Chapter6/Ni-slabs.hdf,1526
Ni-slabs,Ni-100-Zn1-2x2x4-2,Ni15Zn,-29.45878638,Ni-100-Zn1-2x2x4-2,self,/data/Chapter6/Ni-slabs.hdf,1527
Ni-slabs,Ni-100-clean-2x2x4,Ni16,-33.62266439,Ni-100-clean-2x2x4,self,/data/Chapter6/Ni-slabs.hdf,1528
Ni-slabs,Ni-100-clean-2x2x4-H2COH-AB-1,CH3Ni16O,-57.52796046,Ni-100-clean-2x2x4-H2COH-AB-1,self,/data/Chapter6/Ni-slabs.hdf,1529
Ni-slabs,Ni-100-clean-2x2x4-H2COO-AA-1,CH2Ni16O2,-59.93464882,Ni-100-clean-2x2x4-H2COO-AA-1,self,/data/Chapter6/Ni-slabs.hdf,1533
Ni-slabs,Ni-100-clean-2x2x4-H2COO-AA-2,CH2Ni16O2,-59.93498777,Ni-100-clean-2x2x4-H2COO-AA-2,self,/data/Chapter6/Ni-slabs.hdf,1534
Ni-slabs,Ni-100-clean-2x2x4-CH-1,CHNi16,-45.43740836,Ni-100-clean-2x2x4-CH-1,self,/data/Chapter6/Ni-slabs.hdf,1537
Ni-slabs,Ni-100-clean-2x2x4-COH-AA-1,CHNi16O,-50.56341794,Ni-100-clean-2x2x4-COH-AA-1,self,/data/Chapter6/Ni-slabs.hdf,1539
Ni-slabs,Ni-100-clean-2x2x4-O-1,Ni16O,-39.45684835,Ni-100-clean-2x2x4-O-1,self,/data/Chapter6/Ni-slabs.hdf,1540
Ni-slabs,Ni-100-clean-2x2x4-H-1,HNi16,-37.4305502,Ni-100-clean-2x2x4-H-1,self,/data/Chapter6/Ni-slabs.hdf,1541
Ni-slabs,Ni-100-clean-2x2x4-convergence-kpoints-9,Ni16,-33.66157621,Ni-100-clean-2x2x4-convergence-kpoints-9,self,/data/Chapter6/Ni-slabs.hdf,1542
Ni-slabs,Ni-100-clean-2x2x4-convergence-kpoints-11,Ni16,-33.65206601,Ni-100-clean-2x2x4-convergence-kpoints-11,self,/data/Chapter6/Ni-slabs.hdf,1543
Ni-slabs,Ni-100-clean-2x2x4-convergence-kpoints-7,Ni16,-33.63555192,Ni-100-clean-2x2x4-convergence-kpoints-7,self,/data/Chapter6/Ni-slabs.hdf,1544
Ni-slabs,Ni-100-clean-2x2x4-convergence-kpoints-6,Ni16,-33.6226622,Ni-100-clean-2x2x4-convergence-kpoints-6,self,/data/Chapter6/Ni-slabs.hdf,1545
Ni-slabs,Ni-100-clean-2x2x4-convergence-kpoints-1,0,0.0,Ni-100-clean-2x2x4-convergence-kpoints-1,missing,/data/Chapter6/Ni-slabs.hdf,1546
Ni-slabs,Ni-100-clean-2x2x4-convergence-kpoints-10,Ni16,-33.65174864,Ni-100-clean-2x2x4-convergence-kpoints-10,self,/data/Chapter6/Ni-slabs.hdf,1547
Ni-slabs,Ni-100-clean-2x2x4-convergence-kpoints-8,Ni16,-33.65349205,Ni-100-clean-2x2x4-convergence-kpoints-8,self,/data/Chapter6/Ni-slabs.hdf,1548
Ni-slabs,Ni-100-clean-2x2x4-convergence-kpoints-4,Ni16,-33.69717851,Ni-100-clean-2x2x4-convergence-kpoints-4,self,/data/Chapter6/Ni-slabs.hdf,1549
Ni-slabs,Ni-100-clean-2x2x4-convergence-kpoints-3,Ni16,-33.70632808,Ni-100-clean-2x2x4-convergence-kpoints-3,self,/data/Chapter6/Ni-slabs.hdf,1550
Ni-slabs,Ni-100-clean-2x2x4-convergence-kpoints-12,Ni16,-33.65585545,Ni-100-clean-2x2x4-convergence-kpoints-12,self,/data/Chapter6/Ni-slabs.hdf,1551
Ni-slabs,Ni-100-clean-2x2x4-convergence-kpoints-2,0,0.0,Ni-100-clean-2x2x4-convergence-kpoints-2,missing,/data/Chapter6/Ni-slabs.hdf,1552
Ni-slabs,Ni-100-clean-2x2x4-convergence-kpoints-5,Ni16,-33.66643971,Ni-100-clean-2x2x4-convergence-kpoints-5,self,/data/Chapter6/Ni-slabs.hdf,1553
Ni-slabs,Ni-100-clean-2x2x4-CH3-1,CH3Ni16,-52.68178411,Ni-100-clean-2x2x4-CH3-1,self,/data/Chapter6/Ni-slabs.hdf,1554
Ni-slabs,Ni-100-clean-2x2x4-H2CO-AB-1,CH2Ni16O,-53.8486325,Ni-100-clean-2x2x4-H2CO-AB-1,self,/data/Chapter6/Ni-slabs.hdf,1555
Ni-slabs,Ni-100-clean-2x2x4-H2CO-AB-2,CH2Ni16O,-53.84866759,Ni-100-clean-2x2x4-H2CO-AB-2,self,/data/Chapter6/Ni-slabs.hdf,1556
Ni-slabs,Ni-100-clean-2x2x4-CH2-1,CH2Ni16,-48.66659074,Ni-100-clean-2x2x4-CH2-1,self,/data/Chapter6/Ni-slabs.hdf,1557
Ni-slabs,Ni-100-clean-2x2x4-CH2-2,CH2Ni16,-48.75632069,Ni-100-clean-2x2x4-CH2-2,self,/data/Chapter6/Ni-slabs.hdf,1558
Ni-slabs,Ni-100-clean-2x2x4-OH-1,HNi16O,-43.21382614,Ni-100-clean-2x2x4-OH-1,self,/data/Chapter6/Ni-slabs.hdf,1559
Ni-slabs,Ni-100-clean-2x2x4-Ox2-a,Ni16O2,-44.67482167,Ni-100-clean-2x2x4-Ox2-a,self,/data/Chapter6/Ni-slabs.hdf,1560
Ni-slabs,Ni-100-clean-2x2x4-C-1,CNi16,-41.64366619,Ni-100-clean-2x2x4-C-1,self,/data/Chapter6/Ni-slabs.hdf,1564
Ni-slabs,Ni-100-clean-2x2x4-HCOH-AA-1,CH2Ni16O,-53.59843603,Ni-100-clean-2x2x4-HCOH-AA-1,self,/data/Chapter6/Ni-slabs.hdf,1567
Ni-slabs,Ni-100-clean-2x2x5,Ni20,-43.73011664,Ni-100-clean-2x2x5,self,/data/Chapter6/Ni-slabs.hdf,1568
Ni-slabs,Ni-100-clean-4x2x4,Ni32,-67.24659116,Ni-100-clean-4x2x4,self,/data/Chapter6/Ni-slabs.hdf,1569
Ni-slabs,Ni-100-clean-4x2x4-H2COO-AA-1,CH2Ni32O2,-93.65496058,Ni-100-clean-4x2x4-H2COO-AA-1,self,/data/Chapter6/Ni-slabs.hdf,1570
Ni-slabs,Ni-100-clean-3x3x6,Ni54,-121.21157674,Ni-100-clean-3x3x6,self,/data/Chapter6/Ni-slabs.hdf,1574
Ni-slabs,Ni-100-clean-2x2x6,Ni24,-53.87043198,Ni-100-clean-2x2x6,self,/data/Chapter6/Ni-slabs.hdf,1575
Ni-slabs,Ni-100-clean-6x4x4,Ni96,-201.91983466,Ni-100-clean-6x4x4,self,/data/Chapter6/Ni-slabs.hdf,1576
Ni-slabs,Ni-100-clean-6x4x4-Al20O20OH6,0,0.0,Ni-100-clean-6x4x4-Al20O20OH6,missing,/data/Chapter6/Ni-slabs.hdf,1577
Ni-slabs,Ni-100-clean-6x4x4-Al20O20-1,Al20Ni96O20,-432.16376243,Ni-100-clean-6x4x4-Al20O20-1,self,/data/Chapter6/Ni-slabs.hdf,1578
Ni-slabs,Ni-100-clean-6x4x4-Ga20O20-1,Ga20Ni96O20,-369.72175957,Ni-100-clean-6x4x4-Ga20O20-1,self,/data/Chapter6/Ni-slabs.hdf,1579
Ni-slabs,Ni-100-clean-6x4x4-Ga20O20OH6,H6Ga20Ni96O26,-428.01451186,Ni-100-clean-6x4x4-Ga20O20OH6,self,/data/Chapter6/Ni-slabs.hdf,1580
Ni-slabs,Ni-100-clean-4x4x4,Ni64,-134.49610785,Ni-100-clean-4x4x4,self,/data/Chapter6/Ni-slabs.hdf,1581
Ni-slabs,Ni-100-clean-4x4x4-H2COO-AA-1,CH2Ni64O2,-160.90348406,Ni-100-clean-4x4x4-H2COO-AA-1,self,/data/Chapter6/Ni-slabs.hdf,1583
Ni-slabs,Ni-100-clean-4x4x4-OHAlO-1,HAlNi64O2,-154.50820344,Ni-100-clean-4x4x4-OHAlO-1,self,/data/Chapter6/Ni-slabs.hdf,1584
Ni-slabs,Ni-100-clean-4x4x4-GaO-1,GaNi64O,-142.440722,Ni-100-clean-4x4x4-GaO-1,self,/data/Chapter6/Ni-slabs.hdf,1586
Ni-slabs,Ni-100-clean-4x4x4-GaOH-1,HGaNi64O,-146.65648355,Ni-100-clean-4x4x4-GaOH-1,self,/data/Chapter6/Ni-slabs.hdf,1587
Ni-slabs,Ni-100-clean-4x4x4-Ga-1,GaNi64,-137.12046918,Ni-100-clean-4x4x4-Ga-1,self,/data/Chapter6/Ni-slabs.hdf,1588
Ni-slabs,Ni-100-clean-4x4x4-Ox8-1,Ni64O8,-178.70566733,Ni-100-clean-4x4x4-Ox8-1,self,/data/Chapter6/Ni-slabs.hdf,1590
Ni-slabs,Ni-100-clean-4x4x4-CH-AA-1,CHNi64,-146.34612333,Ni-100-clean-4x4x4-CH-AA-1,self,/data/Chapter6/Ni-slabs.hdf,1591
Ni-slabs,Ni-100-clean-4x4x4-HOCHOH-AA-1,CH4Ni64O2,-167.77367716,Ni-100-clean-4x4x4-HOCHOH-AA-1,self,/data/Chapter6/Ni-slabs.hdf,1594
Ni-slabs,Ni-100-clean-4x4x4-COH-AA-1,CHNi64O,-151.4581762,Ni-100-clean-4x4x4-COH-AA-1,self,/data/Chapter6/Ni-slabs.hdf,1595
Ni-slabs,Ni-100-clean-4x4x4-H-AA-1,HNi64,-138.2904571,Ni-100-clean-4x4x4-H-AA-1,self,/data/Chapter6/Ni-slabs.hdf,1596
Ni-slabs,Ni-100-clean-4x4x4-Zn-1,Ni64Zn,-133.13713424,Ni-100-clean-4x4x4-Zn-1,self,/data/Chapter6/Ni-slabs.hdf,1597
Ni-slabs,Ni-100-clean-4x4x4-CH3-AA-1,CH3Ni64,-153.55601619,Ni-100-clean-4x4x4-CH3-AA-1,self,/data/Chapter6/Ni-slabs.hdf,1598
Ni-slabs,Ni-100-clean-4x4x4-AlOH-1,HAlNi64O,-148.49445342,Ni-100-clean-4x4x4-AlOH-1,self,/data/Chapter6/Ni-slabs.hdf,1599
Ni-slabs,Ni-100-clean-4x4x4-H2CO-AA-1,CH2Ni64O,-155.0944655,Ni-100-clean-4x4x4-H2CO-AA-1,self,/data/Chapter6/Ni-slabs.hdf,1600
Ni-slabs,Ni-100-clean-4x4x4-CH2-AA-1,CH2Ni64,-149.67065055,Ni-100-clean-4x4x4-CH2-AA-1,self,/data/Chapter6/Ni-slabs.hdf,1601
Ni-slabs,Ni-100-clean-4x4x4-NaOH-1,0,0.0,Ni-100-clean-4x4x4-NaOH-1,missing,/data/Chapter6/Ni-slabs.hdf,1602
Ni-slabs,Ni-100-clean-4x4x4-NaOH-2,HNaNi64O,-145.75887391,Ni-100-clean-4x4x4-NaOH-2,self,/data/Chapter6/Ni-slabs.hdf,1603
Ni-slabs,Ni-100-clean-4x4x4-OH-1,HNi64O,-144.11534433,Ni-100-clean-4x4x4-OH-1,self,/data/Chapter6/Ni-slabs.hdf,1604
Ni-slabs,Ni-100-clean-4x4x4-K-1,KNi64,-135.19452759,Ni-100-clean-4x4x4-K-1,self,/data/Chapter6/Ni-slabs.hdf,1605
Ni-slabs,Ni-100-clean-4x4x4-OHGaO-1,HGaNi64O2,-151.96048834,Ni-100-clean-4x4x4-OHGaO-1,self,/data/Chapter6/Ni-slabs.hdf,1607
Ni-slabs,Ni-100-clean-4x4x4-KOH-1,HKNi64O,-143.21067518,Ni-100-clean-4x4x4-KOH-1,self,/data/Chapter6/Ni-slabs.hdf,1608
Ni-slabs,Ni-100-clean-4x4x4-KOH-2,HKNi64O,-145.05295502,Ni-100-clean-4x4x4-KOH-2,self,/data/Chapter6/Ni-slabs.hdf,1609
Ni-slabs,Ni-100-clean-3x3x4,Ni36,-75.65259859,Ni-100-clean-3x3x4,self,/data/Chapter6/Ni-slabs.hdf,1610
Ni-slabs,Ni-100-clean-3x3x4-convergence-kpoints-9,Ni36,-75.71995083,Ni-100-clean-3x3x4-convergence-kpoints-9,self,/data/Chapter6/Ni-slabs.hdf,1611
Ni-slabs,Ni-100-clean-3x3x4-convergence-kpoints-7,Ni36,-75.71650982,Ni-100-clean-3x3x4-convergence-kpoints-7,self,/data/Chapter6/Ni-slabs.hdf,1612
Ni-slabs,Ni-100-clean-3x3x4-convergence-kpoints-6,Ni36,-75.7401581,Ni-100-clean-3x3x4-convergence-kpoints-6,self,/data/Chapter6/Ni-slabs.hdf,1613
Ni-slabs,Ni-100-clean-3x3x4-convergence-kpoints-10,Ni36,-75.71842232,Ni-100-clean-3x3x4-convergence-kpoints-10,self,/data/Chapter6/Ni-slabs.hdf,1614
Ni-slabs,Ni-100-clean-3x3x4-convergence-kpoints-8,Ni36,-75.72728304,Ni-100-clean-3x3x4-convergence-kpoints-8,self,/data/Chapter6/Ni-slabs.hdf,1615
Ni-slabs,Ni-100-clean-3x3x4-convergence-kpoints-4,Ni36,-75.65259859,Ni-100-clean-3x3x4-convergence-kpoints-4,self,/data/Chapter6/Ni-slabs.hdf,1616
Ni-slabs,Ni-100-clean-3x3x4-convergence-kpoints-3,Ni36,-75.73734463,Ni-100-clean-3x3x4-convergence-kpoints-3,self,/data/Chapter6/Ni-slabs.hdf,1617
Ni-slabs,Ni-100-clean-3x3x4-convergence-kpoints-5,Ni36,-75.72272064,Ni-100-clean-3x3x4-convergence-kpoints-5,self,/data/Chapter6/Ni-slabs.hdf,1618
Ni-slabs,Ni-100-clean-3x3x5,Ni45,-98.39511057,Ni-100-clean-3x3x5,self,/data/Chapter6/Ni-slabs.hdf,1619
Ni-slabs,Ni-100-NiO-2x2x4-1-a,Ni16O,-37.64894635,Ni-100-NiO-2x2x4-1-a,self,/data/Chapter6/Ni-slabs.hdf,1620
Ni-slabs,Ni-100-NiO-2x2x4-1-b,Ni16O,-39.45682447,Ni-100-NiO-2x2x4-1-b,self,/data/Chapter6/Ni-slabs.hdf,1621
Ni-slabs,Ni-100-NiO-2x2x4-2-a,Ni16O2,-41.59500828,Ni-100-NiO-2x2x4-2-a,self,/data/Chapter6/Ni-slabs.hdf,1622
Ni-slabs,Ni-100-NiO-2x2x4-2-b,Ni16O2,-44.67482167,Ni-100-NiO-2x2x4-2-b,self,/data/Chapter6/Ni-slabs.hdf,1623
Ni-slabs,Ni-100-Zn-2x2x4-1,Ni15Zn,-30.06366258,Ni-100-Zn-2x2x4-1,self,/data/Chapter6/Ni-slabs.hdf,1624
Ni-slabs,Ni-100-Zn-2x2x4-4,Ni12Zn4,-17.94519601,Ni-100-Zn-2x2x4-4,self,/data/Chapter6/Ni-slabs.hdf,1625
Ni-slabs,Ni-100-Zn-2x2x4-4-bulk-a,Ni12Zn4,-18.18266214,Ni-100-Zn-2x2x4-4-bulk-a,self,/data/Chapter6/Ni-slabs.hdf,1626
Ni-slabs,Ni-100-Zn-2x2x4-4-bulk-b,Ni12Zn4,-18.14311608,Ni-100-Zn-2x2x4-4-bulk-b,self,/data/Chapter6/Ni-slabs.hdf,1627
Ni-slabs,Ni-100-Zn-2x2x4-3,Ni13Zn3,-22.29843825,Ni-100-Zn-2x2x4-3,self,/data/Chapter6/Ni-slabs.hdf,1628
Ni-slabs,Ni-100-Zn-2x2x4-2,Ni14Zn2,-26.57566428,Ni-100-Zn-2x2x4-2,self,/data/Chapter6/Ni-slabs.hdf,1629
Ni-slabs,Ni-100-Zn-2x2x4-2-H2COH-AB-1,CH3Ni14OZn2,-50.14153452,Ni-100-Zn-2x2x4-2-H2COH-AB-1,self,/data/Chapter6/Ni-slabs.hdf,1630
Ni-slabs,Ni-100-Zn-2x2x4-2-H2COO-AB-1,CH2Ni14O2Zn2,-51.24425683,Ni-100-Zn-2x2x4-2-H2COO-AB-1,self,/data/Chapter6/Ni-slabs.hdf,1633
Ni-slabs,Ni-100-Zn-2x2x4-2-CH-1,CHNi14Zn2,-37.21777265,Ni-100-Zn-2x2x4-2-CH-1,self,/data/Chapter6/Ni-slabs.hdf,1636
Ni-slabs,Ni-100-Zn-2x2x4-2-COH-AB-1,CHNi14OZn2,-42.36971064,Ni-100-Zn-2x2x4-2-COH-AB-1,self,/data/Chapter6/Ni-slabs.hdf,1638
Ni-slabs,Ni-100-Zn-2x2x4-2-O-AB-1,Ni14OZn2,-31.77591609,Ni-100-Zn-2x2x4-2-O-AB-1,self,/data/Chapter6/Ni-slabs.hdf,1639
Ni-slabs,Ni-100-Zn-2x2x4-2-H-AB-1,HNi14Zn2,-29.9803509,Ni-100-Zn-2x2x4-2-H-AB-1,self,/data/Chapter6/Ni-slabs.hdf,1640
Ni-slabs,Ni-100-Zn-2x2x4-2-H-AB-2,HNi14Zn2,-30.05702434,Ni-100-Zn-2x2x4-2-H-AB-2,self,/data/Chapter6/Ni-slabs.hdf,1641
Ni-slabs,Ni-100-Zn-2x2x4-2-CH3-1,CH3Ni14Zn2,-45.30743023,Ni-100-Zn-2x2x4-2-CH3-1,self,/data/Chapter6/Ni-slabs.hdf,1642
Ni-slabs,Ni-100-Zn-2x2x4-2-H2CO-AB-1,CH2Ni14OZn2,-47.37161277,Ni-100-Zn-2x2x4-2-H2CO-AB-1,self,/data/Chapter6/Ni-slabs.hdf,1643
Ni-slabs,Ni-100-Zn-2x2x4-2-CH2-1,CH2Ni14Zn2,-40.63602411,Ni-100-Zn-2x2x4-2-CH2-1,self,/data/Chapter6/Ni-slabs.hdf,1644
Ni-slabs,Ni-100-Zn-2x2x4-2-OH-AB-1,HNi14OZn2,-35.73460078,Ni-100-Zn-2x2x4-2-OH-AB-1,self,/data/Chapter6/Ni-slabs.hdf,1645
Ni-slabs,Ni-100-Zn-2x2x4-2-OH-AB-2,HNi14OZn2,-35.70043694,Ni-100-Zn-2x2x4-2-OH-AB-2,self,/data/Chapter6/Ni-slabs.hdf,1646
Ni-slabs,Ni-100-Zn-2x2x4-2-Ox2-AB-1,Ni14O2Zn2,-36.53386899,Ni-100-Zn-2x2x4-2-Ox2-AB-1,self,/data/Chapter6/Ni-slabs.hdf,1647
Ni-slabs,Ni-100-Zn-2x2x4-2-C-1,CNi14Zn2,-33.00017976,Ni-100-Zn-2x2x4-2-C-1,self,/data/Chapter6/Ni-slabs.hdf,1648
Ni-slabs,Ni-100-Zn-4x2x4-8,Ni28Zn4,-53.15267902,Ni-100-Zn-4x2x4-8,self,/data/Chapter6/Ni-slabs.hdf,1650
Ni-slabs,Ni-100-Zn-4x2x4-4,Ni28Zn4,-53.15267902,Ni-100-Zn-4x2x4-4,self,/data/Chapter6/Ni-slabs.hdf,1653
Ni-slabs,Ni-100-Zn-4x2x4-2,Ni30Zn2,-60.08939716,Ni-100-Zn-4x2x4-2,self,/data/Chapter6/Ni-slabs.hdf,1655
Ni-slabs,Ni-100-Zn-4x4x4-8,Ni56Zn8,-106.30850101,Ni-100-Zn-4x4x4-8,self,/data/Chapter6/Ni-slabs.hdf,1656
Ni-slabs,Ni-100-Zn-4x4x4-8-O-a,Ni56OZn8,-111.48834138,Ni-100-Zn-4x4x4-8-O-a,self,/data/Chapter6/Ni-slabs.hdf,1660
Ni-slabs,Ni-100-Zn-4x4x4-8-H-a,HNi56Zn8,-109.78928445,Ni-100-Zn-4x4x4-8-H-a,self,/data/Chapter6/Ni-slabs.hdf,1661
Ni-slabs,Ni-100-Zn-4x4x4-8-OH-AB,HNi56OZn8,-115.46657911,Ni-100-Zn-4x4x4-8-OH-AB,self,/data/Chapter6/Ni-slabs.hdf,1662
Ni-slabs,Ni-100-Zn-4x4x4-8-OH-a,HNi56OZn8,-115.46657911,Ni-100-Zn-4x4x4-8-OH-a,self,/data/Chapter6/Ni-slabs.hdf,1663
Ni-slabs,Ni-100-Zn-4x4x4-4,Ni60Zn4,-120.18156257,Ni-100-Zn-4x4x4-4,self,/data/Chapter6/Ni-slabs.hdf,1665
Ni-slabs,Ni-100-Zn-3x3x4-6,Ni30Zn6,-53.54059962,Ni-100-Zn-3x3x4-6,self,/data/Chapter6/Ni-slabs.hdf,1666
Ni-slabs,Ni-100-Zn-3x3x4-1-a,Ni35Zn,-72.07668204,Ni-100-Zn-3x3x4-1-a,self,/data/Chapter6/Ni-slabs.hdf,1667
Ni-slabs,Ni-100-Zn-3x3x4-1-a-convergence-kpoints-9,Ni35Zn,-72.11893097,Ni-100-Zn-3x3x4-1-a-convergence-kpoints-9,self,/data/Chapter6/Ni-slabs.hdf,1668
Ni-slabs,Ni-100-Zn-3x3x4-1-a-convergence-kpoints-11,Ni35Zn,-72.11123086,Ni-100-Zn-3x3x4-1-a-convergence-kpoints-11,self,/data/Chapter6/Ni-slabs.hdf,1669
Ni-slabs,Ni-100-Zn-3x3x4-1-a-convergence-kpoints-7,Ni35Zn,-72.1095692,Ni-100-Zn-3x3x4-1-a-convergence-kpoints-7,self,/data/Chapter6/Ni-slabs.hdf,1670
Ni-slabs,Ni-100-Zn-3x3x4-1-a-convergence-kpoints-6,Ni35Zn,-72.13110349,Ni-100-Zn-3x3x4-1-a-convergence-kpoints-6,self,/data/Chapter6/Ni-slabs.hdf,1671
Ni-slabs,Ni-100-Zn-3x3x4-1-a-convergence-kpoints-10,Ni35Zn,-72.11264424,Ni-100-Zn-3x3x4-1-a-convergence-kpoints-10,self,/data/Chapter6/Ni-slabs.hdf,1672
Ni-slabs,Ni-100-Zn-3x3x4-1-a-convergence-kpoints-8,Ni35Zn,-72.11885986,Ni-100-Zn-3x3x4-1-a-convergence-kpoints-8,self,/data/Chapter6/Ni-slabs.hdf,1673
Ni-slabs,Ni-100-Zn-3x3x4-1-a-convergence-kpoints-4,Ni35Zn,-72.07668593,Ni-100-Zn-3x3x4-1-a-convergence-kpoints-4,self,/data/Chapter6/Ni-slabs.hdf,1674
Ni-slabs,Ni-100-Zn-3x3x4-1-a-convergence-kpoints-3,Ni35Zn,-72.12326522,Ni-100-Zn-3x3x4-1-a-convergence-kpoints-3,self,/data/Chapter6/Ni-slabs.hdf,1675
Ni-slabs,Ni-100-Zn-3x3x4-1-a-convergence-kpoints-12,Ni35Zn,-72.11262303,Ni-100-Zn-3x3x4-1-a-convergence-kpoints-12,self,/data/Chapter6/Ni-slabs.hdf,1676
Ni-slabs,Ni-100-Zn-3x3x4-1-a-convergence-kpoints-13,Ni35Zn,-72.11203387,Ni-100-Zn-3x3x4-1-a-convergence-kpoints-13,self,/data/Chapter6/Ni-slabs.hdf,1677
Ni-slabs,Ni-100-Zn-3x3x4-1-a-convergence-kpoints-5,Ni35Zn,-72.11915526,Ni-100-Zn-3x3x4-1-a-convergence-kpoints-5,self,/data/Chapter6/Ni-slabs.hdf,1678
Ni-slabs,Ni-100-Zn-3x3x4-1-a-convergence-kpoints-14,Ni35Zn,-72.10925897,Ni-100-Zn-3x3x4-1-a-convergence-kpoints-14,self,/data/Chapter6/Ni-slabs.hdf,1679
Ni-slabs,Ni-100-Zn-3x3x4-8,Ni28Zn8,-44.79737065,Ni-100-Zn-3x3x4-8,self,/data/Chapter6/Ni-slabs.hdf,1680
Ni-slabs,Ni-100-Zn-3x3x4-3-a,Ni33Zn3,-64.90949948,Ni-100-Zn-3x3x4-3-a,self,/data/Chapter6/Ni-slabs.hdf,1681
Ni-slabs,Ni-100-Zn-3x3x4-3-a-convergence-kpoints-9,Ni33Zn3,-64.93664772,Ni-100-Zn-3x3x4-3-a-convergence-kpoints-9,self,/data/Chapter6/Ni-slabs.hdf,1682
Ni-slabs,Ni-100-Zn-3x3x4-3-a-convergence-kpoints-11,Ni33Zn3,-64.92657296,Ni-100-Zn-3x3x4-3-a-convergence-kpoints-11,self,/data/Chapter6/Ni-slabs.hdf,1683
Ni-slabs,Ni-100-Zn-3x3x4-3-a-convergence-kpoints-7,Ni33Zn3,-64.93098265,Ni-100-Zn-3x3x4-3-a-convergence-kpoints-7,self,/data/Chapter6/Ni-slabs.hdf,1684
Ni-slabs,Ni-100-Zn-3x3x4-3-a-convergence-kpoints-6,Ni33Zn3,-64.94663241,Ni-100-Zn-3x3x4-3-a-convergence-kpoints-6,self,/data/Chapter6/Ni-slabs.hdf,1685
Ni-slabs,Ni-100-Zn-3x3x4-3-a-convergence-kpoints-10,Ni33Zn3,-64.92709489,Ni-100-Zn-3x3x4-3-a-convergence-kpoints-10,self,/data/Chapter6/Ni-slabs.hdf,1686
Ni-slabs,Ni-100-Zn-3x3x4-3-a-convergence-kpoints-8,Ni33Zn3,-64.92730494,Ni-100-Zn-3x3x4-3-a-convergence-kpoints-8,self,/data/Chapter6/Ni-slabs.hdf,1687
Ni-slabs,Ni-100-Zn-3x3x4-3-a-convergence-kpoints-4,Ni33Zn3,-64.90950191,Ni-100-Zn-3x3x4-3-a-convergence-kpoints-4,self,/data/Chapter6/Ni-slabs.hdf,1688
Ni-slabs,Ni-100-Zn-3x3x4-3-a-convergence-kpoints-3,Ni33Zn3,-64.94088913,Ni-100-Zn-3x3x4-3-a-convergence-kpoints-3,self,/data/Chapter6/Ni-slabs.hdf,1689
Ni-slabs,Ni-100-Zn-3x3x4-3-a-convergence-kpoints-12,Ni33Zn3,-64.92936949,Ni-100-Zn-3x3x4-3-a-convergence-kpoints-12,self,/data/Chapter6/Ni-slabs.hdf,1690
Ni-slabs,Ni-100-Zn-3x3x4-3-a-convergence-kpoints-13,Ni33Zn3,-64.92691,Ni-100-Zn-3x3x4-3-a-convergence-kpoints-13,self,/data/Chapter6/Ni-slabs.hdf,1691
Ni-slabs,Ni-100-Zn-3x3x4-3-a-convergence-kpoints-5,Ni33Zn3,-64.92585037,Ni-100-Zn-3x3x4-3-a-convergence-kpoints-5,self,/data/Chapter6/Ni-slabs.hdf,1692
Ni-slabs,Ni-100-Zn-3x3x4-3-a-convergence-kpoints-14,Ni33Zn3,-64.92694629,Ni-100-Zn-3x3x4-3-a-convergence-kpoints-14,self,/data/Chapter6/Ni-slabs.hdf,1693
Ni-slabs,Ni-100-Zn-3x3x4-3-c,Ni33Zn3,-64.68964811,Ni-100-Zn-3x3x4-3-c,self,/data/Chapter6/Ni-slabs.hdf,1694
Ni-slabs,Ni-100-Zn-3x3x4-3-b,Ni33Zn3,-64.8248975,Ni-100-Zn-3x3x4-3-b,self,/data/Chapter6/Ni-slabs.hdf,1695
Ni-slabs,Ni-100-Zn-3x3x4-3-b-H2COO-BB-1,CH2Ni33O2Zn3,-90.79591276,Ni-100-Zn-3x3x4-3-b-H2COO-BB-1,self,/data/Chapter6/Ni-slabs.hdf,1696
Ni-slabs,Ni-100-Zn-3x3x4-2-a,Ni34Zn2,-68.49878023,Ni-100-Zn-3x3x4-2-a,self,/data/Chapter6/Ni-slabs.hdf,1699
Ni-slabs,Ni-100-Zn-3x3x4-2-b,Ni34Zn2,-68.39481468,Ni-100-Zn-3x3x4-2-b,self,/data/Chapter6/Ni-slabs.hdf,1700
Ni-slabs,Ni-100-Ga-2x2x4-1,GaNi15,-34.17842014,Ni-100-Ga-2x2x4-1,self,/data/Chapter6/Ni-slabs.hdf,1701
Ni-slabs,Ni-100-Ga-2x2x4-1-convergence-kpoints-18,GaNi15,-34.17290339,Ni-100-Ga-2x2x4-1-convergence-kpoints-18,self,/data/Chapter6/Ni-slabs.hdf,1702
Ni-slabs,Ni-100-Ga-2x2x4-1-convergence-kpoints-6,GaNi15,-34.17842535,Ni-100-Ga-2x2x4-1-convergence-kpoints-6,self,/data/Chapter6/Ni-slabs.hdf,1703
Ni-slabs,Ni-100-Ga-2x2x4-1-convergence-kpoints-24,GaNi15,-34.17249906,Ni-100-Ga-2x2x4-1-convergence-kpoints-24,self,/data/Chapter6/Ni-slabs.hdf,1704
Ni-slabs,Ni-100-Ga-2x2x4-1-convergence-kpoints-12,GaNi15,-34.17874204,Ni-100-Ga-2x2x4-1-convergence-kpoints-12,self,/data/Chapter6/Ni-slabs.hdf,1705
Ni-slabs,Ni-100-Ga-2x2x4-4,Ga4Ni12,-32.30402915,Ni-100-Ga-2x2x4-4,self,/data/Chapter6/Ni-slabs.hdf,1706
Ni-slabs,Ni-100-Ga-2x2x4-4-bulk-a,Ga4Ni12,-34.94285439,Ni-100-Ga-2x2x4-4-bulk-a,self,/data/Chapter6/Ni-slabs.hdf,1707
Ni-slabs,Ni-100-Ga-2x2x4-4-bulk-b,Ga4Ni12,-34.60530314,Ni-100-Ga-2x2x4-4-bulk-b,self,/data/Chapter6/Ni-slabs.hdf,1708
Ni-slabs,Ni-100-Ga-2x2x4-3,Ga3Ni13,-33.57223105,Ni-100-Ga-2x2x4-3,self,/data/Chapter6/Ni-slabs.hdf,1709
Ni-slabs,Ni-100-Ga-2x2x4-2,Ga2Ni14,-34.79978689,Ni-100-Ga-2x2x4-2,self,/data/Chapter6/Ni-slabs.hdf,1710
Ni-slabs,Ni-100-Ga-2x2x4-2-H2COH-AB-1,CH3Ga2Ni14O,-58.35766608,Ni-100-Ga-2x2x4-2-H2COH-AB-1,self,/data/Chapter6/Ni-slabs.hdf,1711
Ni-slabs,Ni-100-Ga-2x2x4-2-H2COO-AB,CH2Ga2Ni14O2,-59.51651039,Ni-100-Ga-2x2x4-2-H2COO-AB,self,/data/Chapter6/Ni-slabs.hdf,1713
Ni-slabs,Ni-100-Ga-2x2x4-2-H2COO-AB-1,CH2Ga2Ni14O2,-59.51651039,Ni-100-Ga-2x2x4-2-H2COO-AB-1,self,/data/Chapter6/Ni-slabs.hdf,1714
Ni-slabs,Ni-100-Ga-2x2x4-2-H2COO-AB-2,CH2Ga2Ni14O2,-60.63148294,Ni-100-Ga-2x2x4-2-H2COO-AB-2,self,/data/Chapter6/Ni-slabs.hdf,1715
Ni-slabs,Ni-100-Ga-2x2x4-2-CH-1,CHGa2Ni14,-45.08730992,Ni-100-Ga-2x2x4-2-CH-1,self,/data/Chapter6/Ni-slabs.hdf,1718
Ni-slabs,Ni-100-Ga-2x2x4-2-COH-AB-1,CHGa2Ni14O,-50.14181307,Ni-100-Ga-2x2x4-2-COH-AB-1,self,/data/Chapter6/Ni-slabs.hdf,1721
Ni-slabs,Ni-100-Ga-2x2x4-2-O-AB-1,Ga2Ni14O,-39.7582961,Ni-100-Ga-2x2x4-2-O-AB-1,self,/data/Chapter6/Ni-slabs.hdf,1722
Ni-slabs,Ni-100-Ga-2x2x4-2-H-AB,HGa2Ni14,-38.18560259,Ni-100-Ga-2x2x4-2-H-AB,self,/data/Chapter6/Ni-slabs.hdf,1723
Ni-slabs,Ni-100-Ga-2x2x4-2-CH3-1,CH3Ga2Ni14,-53.55817033,Ni-100-Ga-2x2x4-2-CH3-1,self,/data/Chapter6/Ni-slabs.hdf,1724
Ni-slabs,Ni-100-Ga-2x2x4-2-H2CO-AB-1,CH2Ga2Ni14O,-54.7588872,Ni-100-Ga-2x2x4-2-H2CO-AB-1,self,/data/Chapter6/Ni-slabs.hdf,1725
Ni-slabs,Ni-100-Ga-2x2x4-2-CH2-1,CH2Ga2Ni14,-48.83670829,Ni-100-Ga-2x2x4-2-CH2-1,self,/data/Chapter6/Ni-slabs.hdf,1726
Ni-slabs,Ni-100-Ga-2x2x4-2-OH-AB,HGa2Ni14O,-44.02257121,Ni-100-Ga-2x2x4-2-OH-AB,self,/data/Chapter6/Ni-slabs.hdf,1727
Ni-slabs,Ni-100-Ga-2x2x4-2-Ox2-AB-1,Ga2Ni14O2,-44.63445419,Ni-100-Ga-2x2x4-2-Ox2-AB-1,self,/data/Chapter6/Ni-slabs.hdf,1728
Ni-slabs,Ni-100-Ga-2x2x4-2-C-1,CGa2Ni14,-40.70143022,Ni-100-Ga-2x2x4-2-C-1,self,/data/Chapter6/Ni-slabs.hdf,1729
Ni-slabs,Ni-100-Ga-4x2x4-8,Ga4Ni28,-69.60074117,Ni-100-Ga-4x2x4-8,self,/data/Chapter6/Ni-slabs.hdf,1731
Ni-slabs,Ni-100-Ga-4x2x4-4,Ga4Ni28,-69.60074117,Ni-100-Ga-4x2x4-4,self,/data/Chapter6/Ni-slabs.hdf,1734
Ni-slabs,Ni-100-Ga-4x2x4-4-H2COO-AB,CH2Ga4Ni28O2,-95.50625551,Ni-100-Ga-4x2x4-4-H2COO-AB,self,/data/Chapter6/Ni-slabs.hdf,1735
Ni-slabs,Ni-100-Ga-4x2x4-2,Ga2Ni30,-68.3100496,Ni-100-Ga-4x2x4-2,self,/data/Chapter6/Ni-slabs.hdf,1739
Ni-slabs,Ni-100-Ga-4x4x4-1,GaNi63,-135.01770234,Ni-100-Ga-4x4x4-1,self,/data/Chapter6/Ni-slabs.hdf,1740
Ni-slabs,Ni-100-Ga-4x4x4-8,Ga8Ni56,-139.20388128,Ni-100-Ga-4x4x4-8,self,/data/Chapter6/Ni-slabs.hdf,1741
Ni-slabs,Ni-100-Ga-4x4x4-8-O-a,Ga8Ni56O,-144.15405725,Ni-100-Ga-4x4x4-8-O-a,self,/data/Chapter6/Ni-slabs.hdf,1746
Ni-slabs,Ni-100-Ga-4x4x4-8-H-a,HGa8Ni56,-142.57602422,Ni-100-Ga-4x4x4-8-H-a,self,/data/Chapter6/Ni-slabs.hdf,1747
Ni-slabs,Ni-100-Ga-4x4x4-8-OH-AB,0,0.0,Ni-100-Ga-4x4x4-8-OH-AB,missing,/data/Chapter6/Ni-slabs.hdf,1748
Ni-slabs,Ni-100-Ga-4x4x4-8-OH-a,HGa8Ni56O,-148.44061895,Ni-100-Ga-4x4x4-8-OH-a,self,/data/Chapter6/Ni-slabs.hdf,1749
Ni-slabs,Ni-100-Ga-4x4x4-4,Ga4Ni60,-136.6225372,Ni-100-Ga-4x4x4-4,self,/data/Chapter6/Ni-slabs.hdf,1751
Ni-slabs,Ni-100-Ga-4x4x4-4-convergence-kpoints-9,Ga4Ni60,-136.62253695,Ni-100-Ga-4x4x4-4-convergence-kpoints-9,self,/data/Chapter6/Ni-slabs.hdf,1752
Ni-slabs,Ni-100-Ga-4x4x4-4-convergence-kpoints-6,0,0.0,Ni-100-Ga-4x4x4-4-convergence-kpoints-6,missing,/data/Chapter6/Ni-slabs.hdf,1753
Ni-slabs,Ni-100-Ga-4x4x4-4-convergence-kpoints-12,0,0.0,Ni-100-Ga-4x4x4-4-convergence-kpoints-12,missing,/data/Chapter6/Ni-slabs.hdf,1754
Ni-slabs,Ni-100-Ga-4x4x4-12-a,Ga12Ni52,-134.72511458,Ni-100-Ga-4x4x4-12-a,self,/data/Chapter6/Ni-slabs.hdf,1755
Ni-slabs,Ni-100-Ga-4x4x4-12-b,Ga12Ni52,-134.34689622,Ni-100-Ga-4x4x4-12-b,self,/data/Chapter6/Ni-slabs.hdf,1756
Ni-slabs,Ni-100-Ga-4x4x4-2-a,Ga2Ni62,-135.48141757,Ni-100-Ga-4x4x4-2-a,self,/data/Chapter6/Ni-slabs.hdf,1757
Ni-slabs,Ni-100-Ga-4x4x4-2-b,Ga2Ni62,-135.59070041,Ni-100-Ga-4x4x4-2-b,self,/data/Chapter6/Ni-slabs.hdf,1758
Ni-slabs,Ni-100-Ga-4x4x4-14-a,Ga14Ni50,-131.92324766,Ni-100-Ga-4x4x4-14-a,self,/data/Chapter6/Ni-slabs.hdf,1759
Ni-slabs,Ni-100-Ga-4x4x4-14-b,Ga14Ni50,-132.0580934,Ni-100-Ga-4x4x4-14-b,self,/data/Chapter6/Ni-slabs.hdf,1760
Ni-slabs,Ni-100-Ga-3x3x4-6,Ga6Ni30,-76.82219303,Ni-100-Ga-3x3x4-6,self,/data/Chapter6/Ni-slabs.hdf,1761
Ni-slabs,Ni-100-Ga-3x3x4-1,GaNi35,-76.18816176,Ni-100-Ga-3x3x4-1,self,/data/Chapter6/Ni-slabs.hdf,1762
Ni-slabs,Ni-100-Ga-3x3x4-1-H2COO-AB-1,CH2GaNi35O2,-101.2948344,Ni-100-Ga-3x3x4-1-H2COO-AB-1,self,/data/Chapter6/Ni-slabs.hdf,1763
Ni-slabs,Ni-100-Ga-3x3x4-1-H2COO-AB-2,CH2GaNi35O2,-102.32752359,Ni-100-Ga-3x3x4-1-H2COO-AB-2,self,/data/Chapter6/Ni-slabs.hdf,1764
Ni-slabs,Ni-100-Ga-3x3x4-1-H2COO-AA-1,CH2GaNi35O2,-102.56069915,Ni-100-Ga-3x3x4-1-H2COO-AA-1,self,/data/Chapter6/Ni-slabs.hdf,1765
Ni-slabs,Ni-100-Ga-3x3x4-1-H2COO-AA-2,CH2GaNi35O2,-102.49101988,Ni-100-Ga-3x3x4-1-H2COO-AA-2,self,/data/Chapter6/Ni-slabs.hdf,1766
Ni-slabs,Ni-100-Ga-3x3x4-1-convergence-kpoints-16,GaNi35,-76.20307233,Ni-100-Ga-3x3x4-1-convergence-kpoints-16,self,/data/Chapter6/Ni-slabs.hdf,1775
Ni-slabs,Ni-100-Ga-3x3x4-1-convergence-kpoints-8,GaNi35,-76.20631165,Ni-100-Ga-3x3x4-1-convergence-kpoints-8,self,/data/Chapter6/Ni-slabs.hdf,1776
Ni-slabs,Ni-100-Ga-3x3x4-1-convergence-kpoints-4,GaNi35,-76.18817165,Ni-100-Ga-3x3x4-1-convergence-kpoints-4,self,/data/Chapter6/Ni-slabs.hdf,1777
Ni-slabs,Ni-100-Ga-3x3x4-1-convergence-kpoints-12,GaNi35,-76.20556096,Ni-100-Ga-3x3x4-1-convergence-kpoints-12,self,/data/Chapter6/Ni-slabs.hdf,1778
Ni-slabs,Ni-100-Ga-3x3x4-3-a,Ga3Ni33,-77.31492001,Ni-100-Ga-3x3x4-3-a,self,/data/Chapter6/Ni-slabs.hdf,1783
Ni-slabs,Ni-100-Ga-3x3x4-3-c,Ga3Ni33,-76.58351483,Ni-100-Ga-3x3x4-3-c,self,/data/Chapter6/Ni-slabs.hdf,1784
Ni-slabs,Ni-100-Ga-3x3x4-3-b,Ga3Ni33,-76.95669164,Ni-100-Ga-3x3x4-3-b,self,/data/Chapter6/Ni-slabs.hdf,1785
Ni-slabs,Ni-110_2x1-Al-2x1x6,AlNi21,-47.14035413,Ni-110_2x1-Al-2x1x6,self,/data/Chapter6/Ni-slabs.hdf,1786
Ni-slabs,Ni-110_2x1-clean-2x1x9,Ni34,-75.92859383,Ni-110_2x1-clean-2x1x9,self,/data/Chapter6/Ni-slabs.hdf,1787
Ni-slabs,Ni-110_2x1-clean-2x1x7,Ni26,-55.69700278,Ni-110_2x1-clean-2x1x7,self,/data/Chapter6/Ni-slabs.hdf,1788
Ni-slabs,Ni-110_2x1-clean-2x1x6,Ni22,-45.63734238,Ni-110_2x1-clean-2x1x6,self,/data/Chapter6/Ni-slabs.hdf,1789
Ni-slabs,Ni-110_2x1-clean-2x1x6-Ox2-1,Ni22O2,-54.96383907,Ni-110_2x1-clean-2x1x6-Ox2-1,self,/data/Chapter6/Ni-slabs.hdf,1790
Ni-slabs,Ni-110_2x1-clean-2x1x8,Ni30,-65.83698473,Ni-110_2x1-clean-2x1x8,self,/data/Chapter6/Ni-slabs.hdf,1791
Ni-slabs,Ni-110_2x1-Ga-2x1x6,GaNi21,-46.17562247,Ni-110_2x1-Ga-2x1x6,self,/data/Chapter6/Ni-slabs.hdf,1792
Ni-slabs,Ni-110_2x1-Ga-2x1x6-O-1,GaNi21O,-51.5794013,Ni-110_2x1-Ga-2x1x6-O-1,self,/data/Chapter6/Ni-slabs.hdf,1793
Ni-slabs,Ni-211_hk-Al-4x3x4-2,Al2Ni46,-107.55969759,Ni-211_hk-Al-4x3x4-2,self,/data/Chapter6/Ni-slabs.hdf,1794
Ni-slabs,Ni-211_hk-clean-2x3x4,Ni24,-52.26912041,Ni-211_hk-clean-2x3x4,self,/data/Chapter6/Ni-slabs.hdf,1795
Ni-slabs,Ni-211_hk-clean-3x3x4,Ni36,-78.40456302,Ni-211_hk-clean-3x3x4,self,/data/Chapter6/Ni-slabs.hdf,1796
Ni-slabs,Ni-211_hk-clean-3x3x4-H2COO-AA,CH2Ni36O2,-103.94272684,Ni-211_hk-clean-3x3x4-H2COO-AA,self,/data/Chapter6/Ni-slabs.hdf,1797
Ni-slabs,Ni-211_hk-clean-3x3x4-O-AA,Ni36O,-83.83265359,Ni-211_hk-clean-3x3x4-O-AA,self,/data/Chapter6/Ni-slabs.hdf,1801
Ni-slabs,Ni-211_hk-clean-3x3x4-H-A,HNi36,-82.26623828,Ni-211_hk-clean-3x3x4-H-A,self,/data/Chapter6/Ni-slabs.hdf,1802
Ni-slabs,Ni-211_hk-clean-3x3x4-H-AA,HNi36,-82.26971943,Ni-211_hk-clean-3x3x4-H-AA,self,/data/Chapter6/Ni-slabs.hdf,1803
Ni-slabs,Ni-211_hk-clean-3x3x4-OH-A,HNi36O,-87.60332113,Ni-211_hk-clean-3x3x4-OH-A,self,/data/Chapter6/Ni-slabs.hdf,1804
Ni-slabs,Ni-211_hk-clean-3x3x4-OH-AA,HNi36O,-88.23796274,Ni-211_hk-clean-3x3x4-OH-AA,self,/data/Chapter6/Ni-slabs.hdf,1805
Ni-slabs,Ni-211_hk-clean-4x3x4,Ni48,-104.54253076,Ni-211_hk-clean-4x3x4,self,/data/Chapter6/Ni-slabs.hdf,1807
Ni-slabs,Ni-211_hk-Zn-3x3x4-1,Ni35Zn,-74.83681424,Ni-211_hk-Zn-3x3x4-1,self,/data/Chapter6/Ni-slabs.hdf,1808
Ni-slabs,Ni-211_hk-Zn-3x3x4-1-H2COO-AB,CH2Ni35O2Zn,-100.10255891,Ni-211_hk-Zn-3x3x4-1-H2COO-AB,self,/data/Chapter6/Ni-slabs.hdf,1809
Ni-slabs,Ni-211_hk-Zn-3x3x4-1-H2COO-AA,CH2Ni35O2Zn,-100.3691877,Ni-211_hk-Zn-3x3x4-1-H2COO-AA,self,/data/Chapter6/Ni-slabs.hdf,1810
Ni-slabs,Ni-211_hk-Zn-3x3x4-3,Ni33Zn3,-67.40435826,Ni-211_hk-Zn-3x3x4-3,self,/data/Chapter6/Ni-slabs.hdf,1812
Ni-slabs,Ni-211_hk-Zn-3x3x4-2,Ni34Zn2,-71.20030698,Ni-211_hk-Zn-3x3x4-2,self,/data/Chapter6/Ni-slabs.hdf,1815
Ni-slabs,Ni-211_hk-Ga-4x3x4-2,Ga2Ni46,-105.6250253,Ni-211_hk-Ga-4x3x4-2,self,/data/Chapter6/Ni-slabs.hdf,1816
Ni3Ga,Ni3Ga-110a-Ga-1x2x6-0,Ga3Ni13,-36.37883264,Ni3Ga-110a-Ga-1x2x6-0,self,/data/Chapter6/Ni3Ga.hdf,0
Ni3Ga,Ni3Ga-110a-Ga-1x2x6-1,Ga5Ni11,-36.9150568,Ni3Ga-110a-Ga-1x2x6-1,self,/data/Chapter6/Ni3Ga.hdf,1
Ni3Ga,Ni3Ga-110a-clean-1x2x6,Ga4Ni12,-36.65332813,Ni3Ga-110a-clean-1x2x6,self,/data/Chapter6/Ni3Ga.hdf,2
Ni3Ga,Ni3Ga-211a-clean-2x2x4,Ga6Ni18,-54.08505014,Ni3Ga-211a-clean-2x2x4,self,/data/Chapter6/Ni3Ga.hdf,3
Ni3Ga,Ni3Ga-211a-clean-3x2x4,Ga6Ni18,-54.08505014,Ni3Ga-211a-clean-3x2x4,self,/data/Chapter6/Ni3Ga.hdf,4
Ni3Ga,Ni3Ga-211a-Ga-2x2x4-0,Ga5Ni19,-53.27627976,Ni3Ga-211a-Ga-2x2x4-0,self,/data/Chapter6/Ni3Ga.hdf,5
Ni3Ga,Ni3Ga-211a-Ga-2x2x4-2,Ga7Ni17,-53.6624905,Ni3Ga-211a-Ga-2x2x4-2,self,/data/Chapter6/Ni3Ga.hdf,6
Ni3Ga,Ni3Ga-211a-Ga-3x2x4-0,Ga5Ni19,-53.27627976,Ni3Ga-211a-Ga-3x2x4-0,self,/data/Chapter6/Ni3Ga.hdf,7
Ni3Ga,Ni3Ga-211a-Ga-3x2x4-2,Ga7Ni17,-53.6624905,Ni3Ga-211a-Ga-3x2x4-2,self,/data/Chapter6/Ni3Ga.hdf,8
Ni3Ga,Ni3Ga-111-clean-2x2x4,Ga4Ni12,-36.56554159,Ni3Ga-111-clean-2x2x4,self,/data/Chapter6/Ni3Ga.hdf,9
Ni3Ga,Ni3Ga-111-clean-6x6x4,Ga36Ni108,-329.0952386,Ni3Ga-111-clean-6x6x4,self,/data/Chapter6/Ni3Ga.hdf,11
Ni3Ga,Ni3Ga-111-clean-4x4x4,Ga16Ni48,-146.26114063,Ni3Ga-111-clean-4x4x4,self,/data/Chapter6/Ni3Ga.hdf,12
Ni3Ga,Ni3Ga-111-Ga-2x2x4-0,Ga3Ni13,-35.90540238,Ni3Ga-111-Ga-2x2x4-0,self,/data/Chapter6/Ni3Ga.hdf,13
Ni3Ga,Ni3Ga-111-Ga-2x2x4-4,Ga7Ni9,-33.0023692,Ni3Ga-111-Ga-2x2x4-4,self,/data/Chapter6/Ni3Ga.hdf,14
Ni3Ga,Ni3Ga-111-Ga-2x2x4-2-a,Ga5Ni11,-36.17910286,Ni3Ga-111-Ga-2x2x4-2-a,self,/data/Chapter6/Ni3Ga.hdf,15
Ni3Ga,Ni3Ga-111-Ga-2x2x4-2-b,Ga5Ni11,-36.45728308,Ni3Ga-111-Ga-2x2x4-2-b,self,/data/Chapter6/Ni3Ga.hdf,16
Ni3Ga,Ni3Ga-111-Ga-6x6x4-18-a,Ga51Ni93,-321.2664536,Ni3Ga-111-Ga-6x6x4-18-a,self,/data/Chapter6/Ni3Ga.hdf,17
Ni3Ga,Ni3Ga-111-Ga-6x6x4-18-b,Ga42Ni102,-321.70160268,Ni3Ga-111-Ga-6x6x4-18-b,self,/data/Chapter6/Ni3Ga.hdf,18
Ni3Ga,Ni3Ga-111-Ga-6x6x4-9,Ga36Ni108,-329.0952386,Ni3Ga-111-Ga-6x6x4-9,self,/data/Chapter6/Ni3Ga.hdf,19
Ni3Ga,Ni3Ga-111-Ga-6x6x4-0,0,0.0,Ni3Ga-111-Ga-6x6x4-0,missing,/data/Chapter6/Ni3Ga.hdf,20
Ni3Ga,Ni3Ga-111-Ga-6x6x4-15-b,Ga36Ni108,-325.76590529,Ni3Ga-111-Ga-6x6x4-15-b,self,/data/Chapter6/Ni3Ga.hdf,21
Ni3Ga,Ni3Ga-111-Ga-6x6x4-12-a,Ga39Ni105,-329.22659155,Ni3Ga-111-Ga-6x6x4-12-a,self,/data/Chapter6/Ni3Ga.hdf,22
Ni3Ga,Ni3Ga-111-Ga-6x6x4-12-b,Ga30Ni114,-327.55617366,Ni3Ga-111-Ga-6x6x4-12-b,self,/data/Chapter6/Ni3Ga.hdf,24
Ni3Ga,Ni3Ga-111-Ga-4x4x4-1,Ga13Ni51,-144.31839197,Ni3Ga-111-Ga-4x4x4-1,self,/data/Chapter6/Ni3Ga.hdf,25
Ni3Ga,Ni3Ga-100-clean-2x2x4,Ga4Ni12,-34.94285439,Ni3Ga-100-clean-2x2x4,self,/data/Chapter6/Ni3Ga.hdf,26
Ni3Ga,Ni3Ga-100-clean-6x6x4,Ga36Ni108,-314.49736613,Ni3Ga-100-clean-6x6x4,self,/data/Chapter6/Ni3Ga.hdf,27
Ni3Ga,Ni3Ga-100-clean-4x4x4,Ga16Ni48,-139.77484511,Ni3Ga-100-clean-4x4x4,self,/data/Chapter6/Ni3Ga.hdf,28
Ni3Ga,Ni3Ga-100-Ga-2x2x4-0,Ga2Ni14,-33.48062583,Ni3Ga-100-Ga-2x2x4-0,self,/data/Chapter6/Ni3Ga.hdf,29
Ni3Ga,Ni3Ga-100-Ga-2x2x4-4,Ga6Ni10,-32.27829754,Ni3Ga-100-Ga-2x2x4-4,self,/data/Chapter6/Ni3Ga.hdf,30
Ni3Ga,Ni3Ga-100-Ga-6x6x4-12,Ga30Ni114,-308.55343399,Ni3Ga-100-Ga-6x6x4-12,self,/data/Chapter6/Ni3Ga.hdf,31
Ni3Ga,Ni3Ga-100-Ga-4x4x4-1,Ga9Ni55,-134.55494423,Ni3Ga-100-Ga-4x4x4-1,self,/data/Chapter6/Ni3Ga.hdf,32
Ni3Ga,Ni3Ga-110b-Ga-1x2x6-0,Ga3Ni13,-35.7059592,Ni3Ga-110b-Ga-1x2x6-0,self,/data/Chapter6/Ni3Ga.hdf,33
Ni3Ga,Ni3Ga-110b-Ga-1x2x6-2,Ga5Ni11,-36.42637352,Ni3Ga-110b-Ga-1x2x6-2,self,/data/Chapter6/Ni3Ga.hdf,34
Ni3Ga,Ni3Ga-110b-clean-1x2x6,Ga4Ni12,-36.58704495,Ni3Ga-110b-clean-1x2x6,self,/data/Chapter6/Ni3Ga.hdf,35
Ni3Ga,Ni3Ga-211b-clean-2x2x4,Ga6Ni18,-54.13553722,Ni3Ga-211b-clean-2x2x4,self,/data/Chapter6/Ni3Ga.hdf,36
Ni3Ga,Ni3Ga-211b-clean-3x2x4,Ga6Ni18,-54.13553722,Ni3Ga-211b-clean-3x2x4,self,/data/Chapter6/Ni3Ga.hdf,37
Ni3Ga,Ni3Ga-211b-Ga-2x2x4-1,Ga7Ni17,-54.46347307,Ni3Ga-211b-Ga-2x2x4-1,self,/data/Chapter6/Ni3Ga.hdf,38
Ni3Ga,Ni3Ga-211b-Ga-2x2x4-2,Ga8Ni16,-53.95436384,Ni3Ga-211b-Ga-2x2x4-2,self,/data/Chapter6/Ni3Ga.hdf,39
Ni3Ga,Ni3Ga-211b-Ga-3x2x4-1,Ga7Ni17,-54.46347307,Ni3Ga-211b-Ga-3x2x4-1,self,/data/Chapter6/Ni3Ga.hdf,40
Ni3Ga,Ni3Ga-211b-Ga-3x2x4-2,Ga8Ni16,-53.95436384,Ni3Ga-211b-Ga-3x2x4-2,self,/data/Chapter6/Ni3Ga.hdf,41
Ni3Ga,Ni3Ga-symmetricslab-211-2x3x4-0,Ga11Ni31,-101.21435198,Ni3Ga-symmetricslab-211-2x3x4-0,self,/data/Chapter6/Ni3Ga.hdf,42
Ni3Ga,Ni3Ga-symmetricslab-211-2x3x4-1,Ga10Ni32,-99.96696048,Ni3Ga-symmetricslab-211-2x3x4-1,self,/data/Chapter6/Ni3Ga.hdf,43
Ni3Ga,Ni3Ga-symmetricslab-100-2x2x4-0,Ga4Ni10,-33.65945287,Ni3Ga-symmetricslab-100-2x2x4-0,self,/data/Chapter6/Ni3Ga.hdf,44
Ni3Ga,Ni3Ga-symmetricslab-100-2x2x4-1,Ga3Ni11,-32.23655522,Ni3Ga-symmetricslab-100-2x2x4-1,self,/data/Chapter6/Ni3Ga.hdf,45
Ni3Ga,Ni3Ga-symmetricslab-100-1x1x4-0,Ga4Ni10,-33.65945287,Ni3Ga-symmetricslab-100-1x1x4-0,self,/data/Chapter6/Ni3Ga.hdf,46
Ni3Ga,Ni3Ga-symmetricslab-100-1x1x4-1,Ga3Ni11,-32.23655522,Ni3Ga-symmetricslab-100-1x1x4-1,self,/data/Chapter6/Ni3Ga.hdf,47
Ni5Ga3-slabs,Ni5Ga3-211-clean-4x3x4-1,Ga24Ni40,-145.07954972,Ni5Ga3-211-clean-4x3x4-1,self,/data/Chapter6/Ni5Ga3-slabs.hdf,0
Ni5Ga3-slabs,Ni5Ga3-221-clean-2x4x4,Ga12Ni20,-72.50025308,Ni5Ga3-221-clean-2x4x4,self,/data/Chapter6/Ni5Ga3-slabs.hdf,6
Ni5Ga3-slabs,Ni5Ga3-221-Ga-2x4x4-1-a,Ga13Ni19,-71.99490639,Ni5Ga3-221-Ga-2x4x4-1-a,self,/data/Chapter6/Ni5Ga3-slabs.hdf,23
Ni5Ga3-slabs,Ni5Ga3-221-Ga-2x4x4-1-c,Ga13Ni19,-71.78931481,Ni5Ga3-221-Ga-2x4x4-1-c,self,/data/Chapter6/Ni5Ga3-slabs.hdf,24
Ni5Ga3-slabs,Ni5Ga3-221-Ga-2x4x4-1-d,0,0.0,Ni5Ga3-221-Ga-2x4x4-1-d,missing,/data/Chapter6/Ni5Ga3-slabs.hdf,25
Ni5Ga3-slabs,Ni5Ga3-221-Ga-2x4x4-1-e,0,0.0,Ni5Ga3-221-Ga-2x4x4-1-e,missing,/data/Chapter6/Ni5Ga3-slabs.hdf,26
Ni5Ga3-slabs,Ni5Ga3-221-Ga-2x4x4-1-b,Ga13Ni19,-71.67202357,Ni5Ga3-221-Ga-2x4x4-1-b,self,/data/Chapter6/Ni5Ga3-slabs.hdf,27
Ni5Ga3-slabs,Ni5Ga3-221-Ga-2x4x4-3-a,Ga11Ni21,-72.25554426,Ni5Ga3-221-Ga-2x4x4-3-a,self,/data/Chapter6/Ni5Ga3-slabs.hdf,28
Ni5Ga3-slabs,Ni5Ga3-221-Ga-2x4x4-3-c,Ga11Ni21,-72.38865253,Ni5Ga3-221-Ga-2x4x4-3-c,self,/data/Chapter6/Ni5Ga3-slabs.hdf,29
Ni5Ga3-slabs,Ni5Ga3-221-Ga-2x4x4-3-b,Ga11Ni21,-72.4091086,Ni5Ga3-221-Ga-2x4x4-3-b,self,/data/Chapter6/Ni5Ga3-slabs.hdf,30
NiO-slabs,NiO-211-0,0,0.0,NiO-211-0,missing,/data/Chapter6/NiO-slabs.hdf,0
NiO-slabs,NiO-210-0,0,0.0,NiO-210-0,missing,/data/Chapter6/NiO-slabs.hdf,1
NiO-slabs,NiO-111-0,0,0.0,NiO-111-0,missing,/data/Chapter6/NiO-slabs.hdf,2
NiO-slabs,NiO-110-0,Ni24O24,-161.68255274,NiO-110-0,self,/data/Chapter6/NiO-slabs.hdf,3
NiO-slabs,NiO-110-DFTU,Ni24O24,-161.68211123,NiO-110-DFTU,self,/data/Chapter6/NiO-slabs.hdf,9
NiO-slabs,NiO-100-Ga-2x2x4-1,GaNi31O32,-222.35129638,NiO-100-Ga-2x2x4-1,self,/data/Chapter6/NiO-slabs.hdf,12
NiO-slabs,NiO-100-Ga-2x2x4-4,0,0.0,NiO-100-Ga-2x2x4-4,missing,/data/Chapter6/NiO-slabs.hdf,14
NiO-slabs,NiO-100-clean-2x2x4-F,Ni32O32,-221.57679956,NiO-100-clean-2x2x4-F,self,/data/Chapter6/NiO-slabs.hdf,16
NiO-slabs,NiO-100-clean-2x2x4-F-vac-1,Ni32O31,-212.4084559,NiO-100-clean-2x2x4-F-vac-1,self,/data/Chapter6/NiO-slabs.hdf,17
NiO-slabs,NiO-100-clean-2x2x4-AF-1,Ni32O32,-221.95566513,NiO-100-clean-2x2x4-AF-1,self,/data/Chapter6/NiO-slabs.hdf,18
NiO-slabs,NiO-100-clean-2x2x4-AF-vac-1,Ni32O31,-214.28920735,NiO-100-clean-2x2x4-AF-vac-1,self,/data/Chapter6/NiO-slabs.hdf,30
NiO-slabs,NiO-100-clean-2x2x4-AF-vac-2,Ni32O31,-215.77402271,NiO-100-clean-2x2x4-AF-vac-2,self,/data/Chapter6/NiO-slabs.hdf,31
NiO-slabs,NiO-100-clean-2x2x4-AF-2,Ni32O32,-220.86297436,NiO-100-clean-2x2x4-AF-2,self,/data/Chapter6/NiO-slabs.hdf,32
NiO-slabs,NiO-100-clean-1x1x4,Ni8O8,-54.02095192,NiO-100-clean-1x1x4,self,/data/Chapter6/NiO-slabs.hdf,33
NiO-slabs,NiO-100-DFTU-Ga-2x2x4,GaNi31O32,-178.48823741,NiO-100-DFTU-Ga-2x2x4,self,/data/Chapter6/NiO-slabs.hdf,35
NiO-slabs,NiO-100-DFTU-clean-2x2x4-F,Ni32O32,-174.48998368,NiO-100-DFTU-clean-2x2x4-F,self,/data/Chapter6/NiO-slabs.hdf,38
NiO-slabs,NiO-100-DFTU-clean-2x2x4-AF-1,Ni32O32,-176.64629591,NiO-100-DFTU-clean-2x2x4-AF-1,self,/data/Chapter6/NiO-slabs.hdf,39
NiO-slabs,NiO-100-DFTU-clean-1x1x4,Ni10O10,-54.03670118,NiO-100-DFTU-clean-1x1x4,self,/data/Chapter6/NiO-slabs.hdf,45
NiO-slabs,NiO-311-0,Ni18O18,-122.90850111,NiO-311-0,self,/data/Chapter6/NiO-slabs.hdf,49
