Path,Name,files,E,struc,fmax,timestamp,human_time,a,b,c,gamma,Formula,constraints,Ca,O,C,H,Ni,dataset,dataset_label,source_hdf,source_row,adsorbate,is_adsorbate,surface_key,surface_ref_name,surface_ref_E,surface_ref_formula,surface_ref_ambiguous,surface_ref_status,delta_C,delta_H,delta_O,delta_E_to_surface_eV,Ga,Al,Mg,Zn,Na,K,N,n_CO_adsorbates,n_CH3O_adsorbates,E_ads_CO_eV,E_ads_CH3OH_to_CH3O_eV,is_copt,copt_surface_base,copt_reaction,copt_path_id,copt_step,copt_series_id,relative_E_from_initial_eV,relative_E_from_min_eV
/data/calculations/Ni/slabs/211/clean/3x3x4/copt/CO%C_O/1/00,Ni-211-clean-3x3x4-copt-CO%C_O-1-00,"['individual_vib.py', 'Ni-211-clean-3x3x4-CO-AA-2-side.ini', 'PCDAT', 'BCF.dat', 'INCAR', 'run.py', 'out.txt', 'gibbs.e', 'OSZICAR', 'individual_vib.txt', 'vib.37z-.pckl', 'final.e', 'final.traj', 'ir.37x-.pckl', 'OUTCAR', 'vib.37x-.pckl', 'vasprun.xml', 'vib.37y+.pckl', 'individual_vib.xyz', 'tmp.dat2', 'Ni-211-clean-3x3x4-copt-COC_O-1-00-top.pov', 'AVF.dat', 'Ni-211-clean-3x3x4-CO-AA-fcc-top.ini', 'ACF.dat', 'Ni-211-clean-3x3x4-copt-COC_O-1-00-side.pov', 'CONTCAR', 'vib.37x+.pckl', 'tmp.dat', 'vib.37y-.pckl', 'vib.37z+.pckl', 'POSCAR', 'Ni-211-clean-3x3x4-CO-AA-2-top.pov', 'vib.eq.pckl', 'Ni-211-clean-3x3x4-CO-AA-fcc-side.pov', 'CO1', 'Ni-211-clean-3x3x4-CO-AA-2-side.pov', 'BWUNI.sh', 'vib.36x-.pckl', 'vib.36y+.pckl', 'vib-BWUNI.sh', 'vib.36z-.pckl', 'REPORT', 'Ni-211-clean-3x3x4-copt-COC_O-1-00-side.ini', 'Ni-211-clean-3x3x4-copt-COC_O-1-00-top.ini', 'Ni-211-clean-3x3x4-CO-AA-fcc-top.pov', 'vib.py', 'ase-sort.dat', 'KPOINTS', 'vib.xyz', 'Ni-211-clean-3x3x4-CO-AA-2-top.ini', 'Ni-211-clean-3x3x4-CO-AA-fcc-side.ini', 'relax.traj', 'vib.36z+.pckl', 'vib.36x+.pckl', 'vib.36y-.pckl', 'vib-Intensity.py', 'XDATCAR', 'ir.eq.pckl', 'first.traj', 'relax.log']",-92.17550949,"Atoms(symbols='Ni36OC', pbc=True, cell=[6.120201528544627, 7.495685433967997, 23.93399933894733], initial_magmoms=..., constraint=FixAtoms(indices=[18, 19, 20, 21, 22, 23, 24, 25, 26, 27, 28, 29, 30, 31, 32, 33, 34, 35]), calculator=SinglePointCalculator(...))",0.0095,1777124076.9637866,Sat Apr 25 15:34:36 2026,6.120201528544627,7.495685433967997,23.93399933894733,90.0,CNi36O,"[FixAtoms(indices=[18, 19, 20, 21, 22, 23, 24, 25, 26, 27, 28, 29, 30, 31, 32, 33, 34, 35])]",,1,1,0.0,36,Ni-slabs,Ni-slabs,/data/Chapter6/Ni-slabs.hdf,194,CO,True,Ni-211-clean-3x3x4,Ni-211-clean-3x3x4,-78.40925744,Ni36,False,ok,1.0,0.0,1.0,-13.766252049999991,0.0,0.0,0.0,0.0,0.0,0.0,0.0,1.0,,,,True,Ni-211-clean-3x3x4,CO%C_O,1,0,Ni-slabs|Ni-211-clean-3x3x4|CO%C_O|1,0.0,0.0
/data/calculations/Ni/slabs/211/clean/3x3x4/copt/CO%C_O/1/01,Ni-211-clean-3x3x4-copt-CO%C_O-1-01,"['BCF.dat', 'INCAR', 'run.py', 'out.txt', 'OSZICAR', 'DOS5', 'DOS2', 'final.e', 'DOS13', 'DOS14', 'final.traj', 'DOS22', 'DOS25', 'DOS3', 'DOS4', 'OUTCAR', 'DOS24', 'DOS23', 'DOS15', 'DOS12', 'DOS30', 'DOS37', 'tmp.dat2', 'DOS38', 'AVF.dat', 'DOS36', 'DOS31', 'ACF.dat', 'Ni-211-clean-3x3x4-copt-COC_O-1-01-side.pov', 'Ni-211-clean-3x3x4-copt-COC_O-1-01-top.pov', 'calc.traj', 'CONTCAR', 'tmp.dat', 'POSCAR', 'submit.sh', 'DOS17', 'DOS28', 'DOS10', 'DOS26', 'DOS19', 'DOS21', 'DOS1', 'DOS6', 'DOS8', 'DOS20', 'DOS27', 'DOS18', 'DOS11', 'DOS16', 'DOS29', 'DOS9', 'DOS7', 'DOS0', 'REPORT', 'vib-submit.sh', 'Ni-211-clean-3x3x4-copt-COC_O-1-01-side.ini', 'DOS34', 'DOS33', 'vib.py', 'ase-sort.dat', 'KPOINTS', 'DOS32', 'DOS35', 'relax.traj', 'XDATCAR', 'Ni-211-clean-3x3x4-copt-COC_O-1-01-top.ini', 'first.traj', 'relax.log']",-90.98875689,"Atoms(symbols='Ni36CO', pbc=True, cell=[6.12020152854463, 7.495685433968, 23.9339993389473], initial_magmoms=..., constraint=[<ase.constraints.FixBondLengths object at 0x7f93d8922280>, FixAtoms(indices=[18, 19, 20, 21, 22, 23, 24, 25, 26, 27, 28, 29, 30, 31, 32, 33, 34, 35])], calculator=SinglePointCalculator(...))",0.0088,1724181343.0,Tue Aug 20 21:15:43 2024,6.12020152854463,7.495685433968,23.9339993389473,90.0,CNi36O,"[<ase.constraints.FixBondLengths object at 0x7f93d8922280>, FixAtoms(indices=[18, 19, 20, 21, 22, 23, 24, 25, 26, 27, 28, 29, 30, 31, 32, 33, 34, 35])]",,1,1,0.0,36,Ni-slabs,Ni-slabs,/data/Chapter6/Ni-slabs.hdf,195,CO,True,Ni-211-clean-3x3x4,Ni-211-clean-3x3x4,-78.40925744,Ni36,False,ok,1.0,0.0,1.0,-12.57949945,0.0,0.0,0.0,0.0,0.0,0.0,0.0,1.0,,,,True,Ni-211-clean-3x3x4,CO%C_O,1,1,Ni-slabs|Ni-211-clean-3x3x4|CO%C_O|1,1.1867525999999913,1.1867525999999913
/data/calculations/Ni/slabs/211/clean/3x3x4/copt/CO%C_O/1/02,Ni-211-clean-3x3x4-copt-CO%C_O-1-02,"['BCF.dat', 'INCAR', 'run.py', 'out.txt', 'OSZICAR', 'DOS5', 'DOS2', 'final.e', 'DOS13', 'DOS14', 'final.traj', 'DOS22', 'DOS25', 'DOS3', 'DOS4', 'OUTCAR', 'Ni-211-clean-3x3x4-copt-COC_O-1-02-top.pov', 'DOS24', 'DOS23', 'DOS15', 'DOS12', 'DOS30', 'DOS37', 'tmp.dat2', 'DOS38', 'AVF.dat', 'DOS36', 'DOS31', 'ACF.dat', 'calc.traj', 'CONTCAR', 'tmp.dat', 'POSCAR', 'Ni-211-clean-3x3x4-copt-COC_O-1-02-side.ini', 'submit.sh', 'DOS17', 'DOS28', 'DOS10', 'DOS26', 'DOS19', 'DOS21', 'DOS1', 'DOS6', 'Ni-211-clean-3x3x4-copt-COC_O-1-02-top.ini', 'DOS8', 'DOS20', 'DOS27', 'DOS18', 'DOS11', 'DOS16', 'DOS29', 'DOS9', 'DOS7', 'DOS0', 'REPORT', 'vib-submit.sh', 'DOS34', 'DOS33', 'vib.py', 'ase-sort.dat', 'KPOINTS', 'DOS32', 'DOS35', 'Ni-211-clean-3x3x4-copt-COC_O-1-02-side.pov', 'relax.traj', 'XDATCAR', 'first.traj', 'relax.log']",-90.08174372,"Atoms(symbols='Ni36CO', pbc=True, cell=[6.12020152854463, 7.495685433968, 23.9339993389473], initial_magmoms=..., constraint=[<ase.constraints.FixBondLengths object at 0x7f93d89099d0>, FixAtoms(indices=[18, 19, 20, 21, 22, 23, 24, 25, 26, 27, 28, 29, 30, 31, 32, 33, 34, 35])], calculator=SinglePointCalculator(...))",0.0089,1724181343.0,Tue Aug 20 21:15:43 2024,6.12020152854463,7.495685433968,23.9339993389473,90.0,CNi36O,"[<ase.constraints.FixBondLengths object at 0x7f93d89099d0>, FixAtoms(indices=[18, 19, 20, 21, 22, 23, 24, 25, 26, 27, 28, 29, 30, 31, 32, 33, 34, 35])]",,1,1,0.0,36,Ni-slabs,Ni-slabs,/data/Chapter6/Ni-slabs.hdf,193,CO,True,Ni-211-clean-3x3x4,Ni-211-clean-3x3x4,-78.40925744,Ni36,False,ok,1.0,0.0,1.0,-11.672486280000001,0.0,0.0,0.0,0.0,0.0,0.0,0.0,1.0,,,,True,Ni-211-clean-3x3x4,CO%C_O,1,2,Ni-slabs|Ni-211-clean-3x3x4|CO%C_O|1,2.0937657699999903,2.0937657699999903
/data/calculations/Ni/slabs/211/clean/3x3x4/copt/CO%C_O/1/03,Ni-211-clean-3x3x4-copt-CO%C_O-1-03,"['Ni-211-clean-3x3x4-copt-COC_O-1-03-top.pov', 'individual_vib.py', 'PCDAT', 'BCF.dat', 'vib', 'INCAR', 'run.py', 'out.txt', 'gibbs.e', 'OSZICAR', 'individual_vib.txt', 'DOS5', 'vib-calc.traj', 'DOS2', 'vib.37z-.pckl', 'final.e', 'DOS13', 'DOS14', 'final.traj', 'DOS22', 'DOS25', 'DOS3', 'DOS4', 'OUTCAR', 'vib.37x-.pckl', 'DOS24', 'DOS23', 'DOS15', 'DOS12', 'vib.37y+.pckl', 'DOS30', 'individual_vib.xyz', 'DOS37', 'tmp.dat2', 'DOS38', 'AVF.dat', 'DOS36', 'DOS31', 'ACF.dat', 'calc.traj', 'CONTCAR', 'vib.37x+.pckl', 'tmp.dat', 'vib.37y-.pckl', 'vib.37z+.pckl', 'POSCAR', 'Ni-211-clean-3x3x4-copt-COC_O-1-03-side.ini', 'vib.eq.pckl', 'CO1', 'submit.sh', 'Ni-211-clean-3x3x4-copt-COC_O-1-03-top.ini', 'DOS17', 'DOS28', 'DOS10', 'vib.36x-.pckl', 'DOS26', 'DOS19', 'vib.36y+.pckl', 'DOS21', 'DOS1', 'DOS6', 'DOS8', 'DOS20', 'vib-BWUNI.sh', 'DOS27', 'DOS18', 'DOS11', 'DOS16', 'DOS29', 'DOS9', 'DOS7', 'vib.36z-.pckl', 'DOS0', 'REPORT', 'vib-submit.sh', 'DOS34', 'DOS33', 'vib.py', 'ase-sort.dat', 'KPOINTS', 'vib.xyz', 'DOS32', 'DOS35', 'Ni-211-clean-3x3x4-copt-COC_O-1-03-side.pov', 'relax.traj', 'vib.36z+.pckl', 'vib.36x+.pckl', 'vib.36y-.pckl', 'XDATCAR', 'first.traj', 'relax.log']",-89.20454385,"Atoms(symbols='Ni36CO', pbc=True, cell=[6.12020152854463, 7.495685433968, 23.9339993389473], initial_magmoms=..., constraint=[<ase.constraints.FixBondLengths object at 0x7f93d88edb80>, FixAtoms(indices=[18, 19, 20, 21, 22, 23, 24, 25, 26, 27, 28, 29, 30, 31, 32, 33, 34, 35])], calculator=SinglePointCalculator(...))",0.0071,1724252110.0,Wed Aug 21 16:55:10 2024,6.12020152854463,7.495685433968,23.9339993389473,90.0,CNi36O,"[<ase.constraints.FixBondLengths object at 0x7f93d88edb80>, FixAtoms(indices=[18, 19, 20, 21, 22, 23, 24, 25, 26, 27, 28, 29, 30, 31, 32, 33, 34, 35])]",,1,1,0.0,36,Ni-slabs,Ni-slabs,/data/Chapter6/Ni-slabs.hdf,190,CO,True,Ni-211-clean-3x3x4,Ni-211-clean-3x3x4,-78.40925744,Ni36,False,ok,1.0,0.0,1.0,-10.795286409999989,0.0,0.0,0.0,0.0,0.0,0.0,0.0,1.0,,,,True,Ni-211-clean-3x3x4,CO%C_O,1,3,Ni-slabs|Ni-211-clean-3x3x4|CO%C_O|1,2.970965640000003,2.970965640000003
/data/calculations/Ni/slabs/211/clean/3x3x4/copt/CO%C_O/1/04,Ni-211-clean-3x3x4-copt-CO%C_O-1-04,"['Ni-211-clean-3x3x4-copt-COC_O-1-04-top.ini', 'BCF.dat', 'vib', 'INCAR', 'Ni-211-clean-3x3x4-copt-COC_O-1-04-side.ini', 'run.py', 'out.txt', 'gibbs.e', 'OSZICAR', 'DOS5', 'DOS2', 'final.e', 'DOS13', 'DOS14', 'final.traj', 'DOS22', 'DOS25', 'DOS3', 'DOS4', 'OUTCAR', 'DOS24', 'DOS23', 'DOS15', 'DOS12', 'DOS30', 'DOS37', 'tmp.dat2', 'DOS38', 'AVF.dat', 'DOS36', 'DOS31', 'ACF.dat', 'calc.traj', 'CONTCAR', 'tmp.dat', 'POSCAR', 'submit.sh', 'Ni-211-clean-3x3x4-copt-COC_O-1-04-side.pov', 'Ni-211-clean-3x3x4-copt-COC_O-1-04-top.pov', 'DOS17', 'DOS28', 'DOS10', 'DOS26', 'DOS19', 'DOS21', 'DOS1', 'DOS6', 'DOS8', 'DOS20', 'DOS27', 'DOS18', 'DOS11', 'DOS16', 'DOS29', 'DOS9', 'DOS7', 'DOS0', 'REPORT', 'vib-submit.sh', 'DOS34', 'DOS33', 'vib.py', 'ase-sort.dat', 'KPOINTS', 'vib.xyz', 'DOS32', 'DOS35', 'relax.traj', 'XDATCAR', 'first.traj', 'relax.log']",-89.45973355,"Atoms(symbols='Ni36CO', pbc=True, cell=[6.12020152854463, 7.495685433968, 23.9339993389473], initial_magmoms=..., constraint=[<ase.constraints.FixBondLengths object at 0x7f93d8909070>, FixAtoms(indices=[18, 19, 20, 21, 22, 23, 24, 25, 26, 27, 28, 29, 30, 31, 32, 33, 34, 35])], calculator=SinglePointCalculator(...))",0.005,1724251946.0,Wed Aug 21 16:52:26 2024,6.12020152854463,7.495685433968,23.9339993389473,90.0,CNi36O,"[<ase.constraints.FixBondLengths object at 0x7f93d8909070>, FixAtoms(indices=[18, 19, 20, 21, 22, 23, 24, 25, 26, 27, 28, 29, 30, 31, 32, 33, 34, 35])]",,1,1,0.0,36,Ni-slabs,Ni-slabs,/data/Chapter6/Ni-slabs.hdf,191,CO,True,Ni-211-clean-3x3x4,Ni-211-clean-3x3x4,-78.40925744,Ni36,False,ok,1.0,0.0,1.0,-11.050476109999991,0.0,0.0,0.0,0.0,0.0,0.0,0.0,1.0,,,,True,Ni-211-clean-3x3x4,CO%C_O,1,4,Ni-slabs|Ni-211-clean-3x3x4|CO%C_O|1,2.7157759400000003,2.7157759400000003
/data/calculations/Ni/slabs/211/clean/3x3x4/copt/CO%C_O/1/05,Ni-211-clean-3x3x4-copt-CO%C_O-1-05,"['BCF.dat', 'INCAR', 'Ni-211-clean-3x3x4-copt-COC_O-1-05-side.ini', 'run.py', 'out.txt', 'OSZICAR', 'DOS5', 'DOS2', 'final.e', 'DOS13', 'DOS14', 'final.traj', 'DOS22', 'DOS25', 'Ni-211-clean-3x3x4-copt-COC_O-1-05-top.ini', 'DOS3', 'DOS4', 'OUTCAR', 'DOS24', 'DOS23', 'DOS15', 'DOS12', 'DOS30', 'DOS37', 'tmp.dat2', 'DOS38', 'AVF.dat', 'DOS36', 'DOS31', 'ACF.dat', 'calc.traj', 'CONTCAR', 'tmp.dat', 'POSCAR', 'submit.sh', 'Ni-211-clean-3x3x4-copt-COC_O-1-05-side.pov', 'DOS17', 'DOS28', 'DOS10', 'DOS26', 'DOS19', 'DOS21', 'DOS1', 'DOS6', 'Ni-211-clean-3x3x4-copt-COC_O-1-05-top.pov', 'DOS8', 'DOS20', 'DOS27', 'DOS18', 'DOS11', 'DOS16', 'DOS29', 'DOS9', 'DOS7', 'DOS0', 'REPORT', 'vib-submit.sh', 'DOS34', 'DOS33', 'vib.py', 'ase-sort.dat', 'KPOINTS', 'DOS32', 'DOS35', 'relax.traj', 'XDATCAR', 'first.traj', 'relax.log']",-89.70952919,"Atoms(symbols='Ni36CO', pbc=True, cell=[6.12020152854463, 7.495685433968, 23.9339993389473], initial_magmoms=..., constraint=[<ase.constraints.FixBondLengths object at 0x7f93d8909520>, FixAtoms(indices=[18, 19, 20, 21, 22, 23, 24, 25, 26, 27, 28, 29, 30, 31, 32, 33, 34, 35])], calculator=SinglePointCalculator(...))",0.0063,1724181343.0,Tue Aug 20 21:15:43 2024,6.12020152854463,7.495685433968,23.9339993389473,90.0,CNi36O,"[<ase.constraints.FixBondLengths object at 0x7f93d8909520>, FixAtoms(indices=[18, 19, 20, 21, 22, 23, 24, 25, 26, 27, 28, 29, 30, 31, 32, 33, 34, 35])]",,1,1,0.0,36,Ni-slabs,Ni-slabs,/data/Chapter6/Ni-slabs.hdf,192,CO,True,Ni-211-clean-3x3x4,Ni-211-clean-3x3x4,-78.40925744,Ni36,False,ok,1.0,0.0,1.0,-11.300271749999993,0.0,0.0,0.0,0.0,0.0,0.0,0.0,1.0,,,,True,Ni-211-clean-3x3x4,CO%C_O,1,5,Ni-slabs|Ni-211-clean-3x3x4|CO%C_O|1,2.4659802999999982,2.4659802999999982
/data/calculations/Ni/slabs/211/clean/3x3x4/copt/CO%C_O/1/06,Ni-211-clean-3x3x4-copt-CO%C_O-1-06,"['individual_vib.py', 'Ni-211-clean-3x3x4-C_O-1-top.ini', 'BCF.dat', 'INCAR', 'run.py', 'out.txt', 'gibbs.e', 'OSZICAR', 'individual_vib.txt', 'vib-calc.traj', 'vib.37z-.pckl', 'final.e', 'ir.37z-.pckl', 'final.traj', 'ir.37y+.pckl', 'ir.37x-.pckl', 'OUTCAR', 'vib.37x-.pckl', 'vib.37y+.pckl', 'Ni-211-clean-3x3x4-copt-COC_O-1-06-side.pov', 'individual_vib.xyz', 'tmp.dat2', 'AVF.dat', 'ACF.dat', 'calc.traj', 'ir.37y-.pckl', 'ir.37x+.pckl', 'CONTCAR', 'Ni-211-clean-3x3x4-copt-COC_O-1-06-top.ini', 'vib.37x+.pckl', 'tmp.dat', 'vib.37y-.pckl', 'Ni-211-clean-3x3x4-C_O-1-side.pov', 'vib.37z+.pckl', 'POSCAR', 'ir.37z+.pckl', 'vib.eq.pckl', 'Ni-211-clean-3x3x4-C_O-1-top.pov', 'BWUNI.sh', 'relax.traj1', 'vib.36x-.pckl', 'Ni-211-clean-3x3x4-copt-COC_O-1-06-side.ini', 'vib.36y+.pckl', 'ir.36y+.pckl', 'IR-BWUNI.sh', 'ir.36x-.pckl', 'vib-BWUNI.sh', 'ir.36z-.pckl', 'ir.xyz', 'OUTCAR1', 'vib.36z-.pckl', 'REPORT', 'vib.py', 'ase-sort.dat', 'KPOINTS', 'vib.xyz', 'ir.36z+.pckl', 'Ni-211-clean-3x3x4-C_O-1-side.ini', 'relax.traj', 'vib.36z+.pckl', 'vib.36x+.pckl', 'vib.36y-.pckl', 'vib-Intensity.py', 'ir.36y-.pckl', 'XDATCAR', 'ir.eq.pckl', 'first.traj', 'relax.log', 'Ni-211-clean-3x3x4-copt-COC_O-1-06-top.pov', 'ir.36x+.pckl']",-90.95368223,"Atoms(symbols='Ni36CO', pbc=True, cell=[6.120201528544627, 7.495685433967997, 23.93399933894733], constraint=FixAtoms(indices=[18, 19, 20, 21, 22, 23, 24, 25, 26, 27, 28, 29, 30, 31, 32, 33, 34, 35]), calculator=SinglePointCalculator(...))",0.0095,1724181343.0,Tue Aug 20 21:15:43 2024,6.120201528544627,7.495685433967997,23.93399933894733,90.0,CNi36O,"[FixAtoms(indices=[18, 19, 20, 21, 22, 23, 24, 25, 26, 27, 28, 29, 30, 31, 32, 33, 34, 35])]",,1,1,0.0,36,Ni-slabs,Ni-slabs,/data/Chapter6/Ni-slabs.hdf,196,CO,True,Ni-211-clean-3x3x4,Ni-211-clean-3x3x4,-78.40925744,Ni36,False,ok,1.0,0.0,1.0,-12.544424789999994,0.0,0.0,0.0,0.0,0.0,0.0,0.0,1.0,,,,True,Ni-211-clean-3x3x4,CO%C_O,1,6,Ni-slabs|Ni-211-clean-3x3x4|CO%C_O|1,1.2218272599999978,1.2218272599999978
/data/calculations/Ni/slabs/211/clean/3x3x4/copt/CO2%CO_O/1/01,Ni-211-clean-3x3x4-copt-CO2%CO_O-1-01,"['BCF.dat', 'INCAR', 'run.py', 'out.txt', 'OSZICAR', 'DOS5', 'DOS2', 'Ni-211-clean-3x3x4-copt-CO2CO_O-1-01-side.pov', 'final.e', 'DOS13', 'DOS14', 'final.traj', 'DOS22', 'DOS25', 'DOS3', 'DOS4', 'OUTCAR', 'DOS24', 'DOS23', 'DOS15', 'DOS12', 'DOS30', 'DOS37', 'DOS39', 'tmp.dat2', 'DOS38', 'AVF.dat', 'DOS36', 'DOS31', 'ACF.dat', 'Ni-211-clean-3x3x4-copt-CO2CO_O-1-01-top.pov', 'calc.traj', 'CONTCAR', 'tmp.dat', 'POSCAR', 'submit.sh', 'DOS17', 'DOS28', 'DOS10', 'relax.traj1', 'DOS26', 'DOS19', 'DOS21', 'DOS1', 'DOS6', 'DOS8', 'DOS20', 'DOS27', 'DOS18', 'DOS11', 'DOS16', 'DOS29', 'OUTCAR1', 'DOS9', 'DOS7', 'DOS0', 'Ni-211-clean-3x3x4-copt-CO2CO_O-1-01-side.ini', 'REPORT', 'vib-submit.sh', 'Ni-211-clean-3x3x4-copt-CO2CO_O-1-01-top.ini', 'DOS34', 'DOS33', 'vib.py', 'ase-sort.dat', 'KPOINTS', 'DOS32', 'DOS35', 'relax.traj', 'XDATCAR', 'first.traj', 'relax.log']",-96.3308278,"Atoms(symbols='Ni36OCO', pbc=True, cell=[6.12020152854463, 7.495685433968, 23.9339993389473], initial_magmoms=..., constraint=[<ase.constraints.FixBondLengths object at 0x7f93d887e430>, FixAtoms(indices=[18, 19, 20, 21, 22, 23, 24, 25, 26, 27, 28, 29, 30, 31, 32, 33, 34, 35])], calculator=SinglePointCalculator(...))",0.008,1724252110.0,Wed Aug 21 16:55:10 2024,6.12020152854463,7.495685433968,23.9339993389473,90.0,CNi36O2,"[<ase.constraints.FixBondLengths object at 0x7f93d887e430>, FixAtoms(indices=[18, 19, 20, 21, 22, 23, 24, 25, 26, 27, 28, 29, 30, 31, 32, 33, 34, 35])]",,2,1,0.0,36,Ni-slabs,Ni-slabs,/data/Chapter6/Ni-slabs.hdf,174,CO2,True,Ni-211-clean-3x3x4,Ni-211-clean-3x3x4,-78.40925744,Ni36,False,ok,1.0,0.0,2.0,-17.92157035999999,0.0,0.0,0.0,0.0,0.0,0.0,0.0,,,,,True,Ni-211-clean-3x3x4,CO2%CO_O,1,1,Ni-slabs|Ni-211-clean-3x3x4|CO2%CO_O|1,0.0,1.0185703300000029
/data/calculations/Ni/slabs/211/clean/3x3x4/copt/CO2%CO_O/1/02,Ni-211-clean-3x3x4-copt-CO2%CO_O-1-02,"['individual_vib.py', 'Ni-211-clean-3x3x4-copt-CO2CO_O-1-02-top.pov', 'Ni-211-clean-3x3x4-copt-CO2CO_O-1-02-side.ini', 'BCF.dat', 'vib', 'INCAR', 'run.py', 'out.txt', 'gibbs.e', 'OSZICAR', 'individual_vib.txt', 'DOS5', 'vib-calc.traj', 'DOS2', 'vib.37z-.pckl', 'final.e', 'DOS13', 'DOS14', 'final.traj', 'DOS22', 'DOS25', 'CONTCAR-Ni211-CO2-activation', 'DOS3', 'DOS4', 'OUTCAR', 'vib.37x-.pckl', 'DOS24', 'DOS23', 'DOS15', 'OUTCAR2', 'DOS12', 'vib.37y+.pckl', 'DOS30', 'individual_vib.xyz', 'DOS37', 'DOS39', 'tmp.dat2', 'DOS38', 'AVF.dat', 'DOS36', 'DOS31', 'ACF.dat', 'calc.traj', 'CONTCAR', 'vib.37x+.pckl', 'tmp.dat', 'vib.37y-.pckl', 'vib.37z+.pckl', 'POSCAR', 'vib.eq.pckl', 'CO1', 'submit.sh', 'vib.38z-.pckl', 'vib.38x-.pckl', 'Ni-211-clean-3x3x4-copt-CO2CO_O-1-02-side.pov', 'Ni-211-clean-3x3x4-copt-CO2CO_O-1-02-top.ini', 'vib.38y+.pckl', 'DOS17', 'DOS28', 'DOS10', 'relax.traj1', 'vib.36x-.pckl', 'DOS26', 'DOS19', 'vib.36y+.pckl', 'DOS21', 'DOS1', 'DOS6', 'DOS8', 'DOS20', 'vib-BWUNI.sh', 'DOS27', 'DOS18', 'DOS11', 'DOS16', 'DOS29', 'OUTCAR1', 'DOS9', 'DOS7', 'vib.36z-.pckl', 'DOS0', 'REPORT', 'vib-submit.sh', 'vib.38x+.pckl', 'vib.38y-.pckl', 'DOS34', 'DOS33', 'vib.py', 'ase-sort.dat', 'KPOINTS', 'vib.xyz', 'DOS32', 'vib.38z+.pckl', 'DOS35', 'relax.traj', 'vib.36z+.pckl', 'vib.36x+.pckl', 'vib.36y-.pckl', 'XDATCAR', 'first.traj', 'relax.log']",-96.03244632,"Atoms(symbols='Ni36OCO', pbc=True, cell=[6.12020152854463, 7.495685433968, 23.9339993389473], initial_magmoms=..., constraint=[<ase.constraints.FixBondLengths object at 0x7f93d85a2f40>, FixAtoms(indices=[18, 19, 20, 21, 22, 23, 24, 25, 26, 27, 28, 29, 30, 31, 32, 33, 34, 35])], calculator=SinglePointCalculator(...))",0.0063,1724251946.0,Wed Aug 21 16:52:26 2024,6.12020152854463,7.495685433968,23.9339993389473,90.0,CNi36O2,"[<ase.constraints.FixBondLengths object at 0x7f93d85a2f40>, FixAtoms(indices=[18, 19, 20, 21, 22, 23, 24, 25, 26, 27, 28, 29, 30, 31, 32, 33, 34, 35])]",,2,1,0.0,36,Ni-slabs,Ni-slabs,/data/Chapter6/Ni-slabs.hdf,173,CO2,True,Ni-211-clean-3x3x4,Ni-211-clean-3x3x4,-78.40925744,Ni36,False,ok,1.0,0.0,2.0,-17.62318888,0.0,0.0,0.0,0.0,0.0,0.0,0.0,,,,,True,Ni-211-clean-3x3x4,CO2%CO_O,1,2,Ni-slabs|Ni-211-clean-3x3x4|CO2%CO_O|1,0.2983814799999891,1.316951809999992
/data/calculations/Ni/slabs/211/clean/3x3x4/copt/CO2%CO_O/1/03,Ni-211-clean-3x3x4-copt-CO2%CO_O-1-03,"['Ni-211-clean-3x3x4-copt-CO2CO_O-1-03-side.ini', 'BCF.dat', 'INCAR', 'run.py', 'out.txt', 'OSZICAR', 'DOS5', 'DOS2', 'final.e', 'DOS13', 'DOS14', 'final.traj', 'DOS22', 'DOS25', 'DOS3', 'DOS4', 'OUTCAR', 'DOS24', 'DOS23', 'Ni-211-clean-3x3x4-copt-CO2CO_O-1-03-top.pov', 'DOS15', 'DOS12', 'DOS30', 'DOS37', 'DOS39', 'tmp.dat2', 'DOS38', 'AVF.dat', 'DOS36', 'DOS31', 'ACF.dat', 'calc.traj', 'CONTCAR', 'tmp.dat', 'POSCAR', 'submit.sh', 'Ni-211-clean-3x3x4-copt-CO2CO_O-1-03-side.pov', 'DOS17', 'DOS28', 'DOS10', 'DOS26', 'DOS19', 'DOS21', 'Ni-211-clean-3x3x4-copt-CO2CO_O-1-03-top.ini', 'DOS1', 'DOS6', 'DOS8', 'DOS20', 'DOS27', 'DOS18', 'DOS11', 'DOS16', 'DOS29', 'DOS9', 'DOS7', 'DOS0', 'REPORT', 'vib-submit.sh', 'DOS34', 'DOS33', 'vib.py', 'ase-sort.dat', 'KPOINTS', 'DOS32', 'DOS35', 'relax.traj', 'XDATCAR', 'first.traj', 'relax.log']",-96.20313602,"Atoms(symbols='Ni36OCO', pbc=True, cell=[6.12020152854463, 7.495685433968, 23.9339993389473], initial_magmoms=..., constraint=[<ase.constraints.FixBondLengths object at 0x7f93d85a2130>, FixAtoms(indices=[18, 19, 20, 21, 22, 23, 24, 25, 26, 27, 28, 29, 30, 31, 32, 33, 34, 35])], calculator=SinglePointCalculator(...))",0.0083,1724251946.0,Wed Aug 21 16:52:26 2024,6.12020152854463,7.495685433968,23.9339993389473,90.0,CNi36O2,"[<ase.constraints.FixBondLengths object at 0x7f93d85a2130>, FixAtoms(indices=[18, 19, 20, 21, 22, 23, 24, 25, 26, 27, 28, 29, 30, 31, 32, 33, 34, 35])]",,2,1,0.0,36,Ni-slabs,Ni-slabs,/data/Chapter6/Ni-slabs.hdf,170,CO2,True,Ni-211-clean-3x3x4,Ni-211-clean-3x3x4,-78.40925744,Ni36,False,ok,1.0,0.0,2.0,-17.793878579999998,0.0,0.0,0.0,0.0,0.0,0.0,0.0,,,,,True,Ni-211-clean-3x3x4,CO2%CO_O,1,3,Ni-slabs|Ni-211-clean-3x3x4|CO2%CO_O|1,0.12769177999999215,1.146262109999995
/data/calculations/Ni/slabs/211/clean/3x3x4/copt/CO2%CO_O/1/04,Ni-211-clean-3x3x4-copt-CO2%CO_O-1-04,"['BCF.dat', 'INCAR', 'run.py', 'out.txt', 'OSZICAR', 'DOS5', 'DOS2', 'final.e', 'DOS13', 'DOS14', 'final.traj', 'DOS22', 'DOS25', 'DOS3', 'DOS4', 'OUTCAR', 'DOS24', 'DOS23', 'Ni-211-clean-3x3x4-copt-CO2CO_O-1-04-top.ini', 'DOS15', 'DOS12', 'DOS30', 'DOS37', 'DOS39', 'tmp.dat2', 'DOS38', 'AVF.dat', 'DOS36', 'DOS31', 'ACF.dat', 'calc.traj', 'CONTCAR', 'tmp.dat', 'Ni-211-clean-3x3x4-copt-CO2CO_O-1-04-side.ini', 'POSCAR', 'submit.sh', 'Ni-211-clean-3x3x4-copt-CO2CO_O-1-04-top.pov', 'DOS17', 'DOS28', 'DOS10', 'DOS26', 'DOS19', 'DOS21', 'DOS1', 'DOS6', 'DOS8', 'DOS20', 'DOS27', 'DOS18', 'DOS11', 'DOS16', 'DOS29', 'DOS9', 'DOS7', 'DOS0', 'REPORT', 'vib-submit.sh', 'DOS34', 'DOS33', 'vib.py', 'ase-sort.dat', 'KPOINTS', 'DOS32', 'DOS35', 'relax.traj', 'Ni-211-clean-3x3x4-copt-CO2CO_O-1-04-side.pov', 'XDATCAR', 'first.traj', 'relax.log']",-97.0421231,"Atoms(symbols='Ni36OCO', pbc=True, cell=[6.12020152854463, 7.495685433968, 23.9339993389473], initial_magmoms=..., constraint=[<ase.constraints.FixBondLengths object at 0x7f93d85a25e0>, FixAtoms(indices=[18, 19, 20, 21, 22, 23, 24, 25, 26, 27, 28, 29, 30, 31, 32, 33, 34, 35])], calculator=SinglePointCalculator(...))",0.008,1724251946.0,Wed Aug 21 16:52:26 2024,6.12020152854463,7.495685433968,23.9339993389473,90.0,CNi36O2,"[<ase.constraints.FixBondLengths object at 0x7f93d85a25e0>, FixAtoms(indices=[18, 19, 20, 21, 22, 23, 24, 25, 26, 27, 28, 29, 30, 31, 32, 33, 34, 35])]",,2,1,0.0,36,Ni-slabs,Ni-slabs,/data/Chapter6/Ni-slabs.hdf,171,CO2,True,Ni-211-clean-3x3x4,Ni-211-clean-3x3x4,-78.40925744,Ni36,False,ok,1.0,0.0,2.0,-18.632865659999993,0.0,0.0,0.0,0.0,0.0,0.0,0.0,,,,,True,Ni-211-clean-3x3x4,CO2%CO_O,1,4,Ni-slabs|Ni-211-clean-3x3x4|CO2%CO_O|1,-0.7112953000000033,0.30727502999999956
/data/calculations/Ni/slabs/211/clean/3x3x4/copt/CO2%CO_O/1/05,Ni-211-clean-3x3x4-copt-CO2%CO_O-1-05,"['Ni-211-clean-3x3x4-copt-CO2CO_O-1-05-top.ini', 'BCF.dat', 'INCAR', 'run.py', 'out.txt', 'OSZICAR', 'DOS5', 'DOS2', 'final.e', 'DOS13', 'DOS14', 'final.traj', 'DOS22', 'DOS25', 'DOS3', 'DOS4', 'OUTCAR', 'DOS24', 'DOS23', 'DOS15', 'DOS12', 'DOS30', 'DOS37', 'DOS39', 'tmp.dat2', 'DOS38', 'AVF.dat', 'DOS36', 'DOS31', 'ACF.dat', 'calc.traj', 'CONTCAR', 'tmp.dat', 'Ni-211-clean-3x3x4-copt-CO2CO_O-1-05-side.ini', 'POSCAR', 'submit.sh', 'Ni-211-clean-3x3x4-copt-CO2CO_O-1-05-top.pov', 'BWUNI.sh', 'DOS17', 'DOS28', 'DOS10', 'DOS26', 'DOS19', 'DOS21', 'DOS1', 'DOS6', 'DOS8', 'DOS20', 'DOS27', 'DOS18', 'DOS11', 'DOS16', 'DOS29', 'DOS9', 'DOS7', 'DOS0', 'REPORT', 'vib-submit.sh', 'DOS34', 'DOS33', 'vib.py', 'ase-sort.dat', 'KPOINTS', 'DOS32', 'DOS35', 'relax.traj', 'Ni-211-clean-3x3x4-copt-CO2CO_O-1-05-side.pov', 'XDATCAR', 'first.traj', 'relax.log']",-97.34939813,"Atoms(symbols='Ni36OCO', pbc=True, cell=[6.12020152854463, 7.495685433968, 23.9339993389473], initial_magmoms=..., constraint=[<ase.constraints.FixBondLengths object at 0x7f93d85a2a90>, FixAtoms(indices=[18, 19, 20, 21, 22, 23, 24, 25, 26, 27, 28, 29, 30, 31, 32, 33, 34, 35])], calculator=SinglePointCalculator(...))",0.0066,1724251946.0,Wed Aug 21 16:52:26 2024,6.12020152854463,7.495685433968,23.9339993389473,90.0,CNi36O2,"[<ase.constraints.FixBondLengths object at 0x7f93d85a2a90>, FixAtoms(indices=[18, 19, 20, 21, 22, 23, 24, 25, 26, 27, 28, 29, 30, 31, 32, 33, 34, 35])]",,2,1,0.0,36,Ni-slabs,Ni-slabs,/data/Chapter6/Ni-slabs.hdf,172,CO2,True,Ni-211-clean-3x3x4,Ni-211-clean-3x3x4,-78.40925744,Ni36,False,ok,1.0,0.0,2.0,-18.940140689999993,0.0,0.0,0.0,0.0,0.0,0.0,0.0,,,,,True,Ni-211-clean-3x3x4,CO2%CO_O,1,5,Ni-slabs|Ni-211-clean-3x3x4|CO2%CO_O|1,-1.0185703300000029,0.0
/data/calculations/Ni/slabs/211/clean/3x3x4/copt/CO2%CO_O/1/06,Ni-211-clean-3x3x4-copt-CO2%CO_O-1-06,"['individual_vib.py', 'BCF.dat', 'INCAR', 'run.py', 'out.txt', 'gibbs.e', 'OSZICAR', 'individual_vib.txt', 'vib.37z-.pckl', 'final.e', 'ir.37z-.pckl', 'final.traj', 'ir.37y+.pckl', 'ir.37x-.pckl', 'OUTCAR', 'vib.37x-.pckl', 'Ni-211-clean-3x3x4-O_CO-2-top.pov', 'vib.37y+.pckl', 'individual_vib.xyz', 'tmp.dat2', 'Ni-211-clean-3x3x4-O_CO-2-side.ini', 'CO.out', 'AVF.dat', 'ACF.dat', 'calc.traj', 'ir.37y-.pckl', 'vib-CO.py', 'ir.37x+.pckl', 'CONTCAR', 'vib.37x+.pckl', 'tmp.dat', 'vib.37y-.pckl', 'vib-CO-BWUNI.sh', 'vib.37z+.pckl', 'POSCAR', 'ir.37z+.pckl', 'vib.eq.pckl', 'CO1', 'ir.38z-.pckl', 'vib.38z-.pckl', 'vib.38x-.pckl', 'vib.38y+.pckl', 'ir.38y+.pckl', 'BWUNI.sh', 'ir.38x-.pckl', 'Ni-211-clean-3x3x4-O_CO-2-top.ini', 'vib.36x-.pckl', 'vib.36y+.pckl', 'ir.36y+.pckl', 'IR-BWUNI.sh', 'ir.36x-.pckl', 'vib-BWUNI.sh', 'ir.36z-.pckl', 'ir.xyz', 'vib.36z-.pckl', 'REPORT', 'vib.38x+.pckl', 'vib.38y-.pckl', 'ir.38y-.pckl', 'ir.38x+.pckl', 'vib.py', 'Ni-211-clean-3x3x4-O_CO-2-side.pov', 'ir.38z+.pckl', 'ase-sort.dat', 'KPOINTS', 'vib.xyz', 'vib.38z+.pckl', 'ir.36z+.pckl', 'relax.traj', 'vib.36z+.pckl', 'vib.36x+.pckl', 'vib.36y-.pckl', 'vib-Intensity.py', 'ir.36y-.pckl', 'XDATCAR', 'ir.eq.pckl', 'first.traj', 'relax.log', 'ir.36x+.pckl']",-97.33870599,"Atoms(symbols='Ni36O2C', pbc=True, cell=[6.120201528544627, 7.495685433967997, 23.93399933894733], initial_magmoms=..., constraint=FixAtoms(indices=[18, 19, 20, 21, 22, 23, 24, 25, 26, 27, 28, 29, 30, 31, 32, 33, 34, 35]), calculator=SinglePointCalculator(...))",0.009,1777124079.063851,Sat Apr 25 15:34:39 2026,6.120201528544627,7.495685433967997,23.93399933894733,90.0,CNi36O2,"[FixAtoms(indices=[18, 19, 20, 21, 22, 23, 24, 25, 26, 27, 28, 29, 30, 31, 32, 33, 34, 35])]",,2,1,0.0,36,Ni-slabs,Ni-slabs,/data/Chapter6/Ni-slabs.hdf,175,CO2,True,Ni-211-clean-3x3x4,Ni-211-clean-3x3x4,-78.40925744,Ni36,False,ok,1.0,0.0,2.0,-18.92944854999999,0.0,0.0,0.0,0.0,0.0,0.0,0.0,,,,,True,Ni-211-clean-3x3x4,CO2%CO_O,1,6,Ni-slabs|Ni-211-clean-3x3x4|CO2%CO_O|1,-1.0078781899999996,0.010692140000003292
/data/calculations/Ni/slabs/211/clean/3x3x4/copt/CO2%HCOO/1/01,Ni-211-clean-3x3x4-copt-CO2%HCOO-1-01,"['BCF.dat', 'INCAR', 'run.py', 'out.txt', 'OSZICAR', 'Ni-211-clean-3x3x4-copt-CO2HCOO-1-01-top.ini', 'DOS5', 'DOS2', 'DOS40', 'final.e', 'DOS13', 'DOS14', 'final.traj', 'DOS22', 'DOS25', 'DOS3', 'DOS4', 'OUTCAR', 'DOS24', 'DOS23', 'DOS15', 'DOS12', 'DOS30', 'DOS37', 'DOS39', 'tmp.dat2', 'DOS38', 'AVF.dat', 'DOS36', 'DOS31', 'ACF.dat', 'calc.traj', 'CONTCAR', 'tmp.dat', 'Ni-211-clean-3x3x4-copt-CO2HCOO-1-01-side.pov', 'POSCAR', 'submit.sh', 'Ni-211-clean-3x3x4-copt-CO2HCOO-1-01-top.pov', 'DOS17', 'DOS28', 'DOS10', 'DOS26', 'DOS19', 'DOS21', 'DOS1', 'DOS6', 'DOS8', 'DOS20', 'DOS27', 'DOS18', 'DOS11', 'DOS16', 'DOS29', 'DOS9', 'DOS7', 'DOS0', 'REPORT', 'vib-submit.sh', 'DOS34', 'DOS33', 'vib.py', 'ase-sort.dat', 'KPOINTS', 'DOS32', 'DOS35', 'relax.traj', 'Ni-211-clean-3x3x4-copt-CO2HCOO-1-01-side.ini', 'XDATCAR', 'first.traj', 'relax.log']",-100.48366964,"Atoms(symbols='Ni36O2CH', pbc=True, cell=[6.12020152854463, 7.495685433968, 23.9339993389473], initial_magmoms=..., constraint=[<ase.constraints.FixBondLengths object at 0x7f93d87cebb0>, FixAtoms(indices=[18, 19, 20, 21, 22, 23, 24, 25, 26, 27, 28, 29, 30, 31, 32, 33, 34, 35])], calculator=SinglePointCalculator(...))",0.0077,1724251946.0,Wed Aug 21 16:52:26 2024,6.12020152854463,7.495685433968,23.9339993389473,90.0,CHNi36O2,"[<ase.constraints.FixBondLengths object at 0x7f93d87cebb0>, FixAtoms(indices=[18, 19, 20, 21, 22, 23, 24, 25, 26, 27, 28, 29, 30, 31, 32, 33, 34, 35])]",,2,1,1.0,36,Ni-slabs,Ni-slabs,/data/Chapter6/Ni-slabs.hdf,161,CO2,True,Ni-211-clean-3x3x4,Ni-211-clean-3x3x4,-78.40925744,Ni36,False,ok,1.0,1.0,2.0,-22.074412199999998,0.0,0.0,0.0,0.0,0.0,0.0,0.0,,,,,True,Ni-211-clean-3x3x4,CO2%HCOO,1,1,Ni-slabs|Ni-211-clean-3x3x4|CO2%HCOO|1,0.0,1.0448217699999987
/data/calculations/Ni/slabs/211/clean/3x3x4/copt/CO2%HCOO/1/02,Ni-211-clean-3x3x4-copt-CO2%HCOO-1-02,"['BCF.dat', 'vib', 'INCAR', 'run.py', 'out.txt', 'OSZICAR', 'DOS5', 'DOS2', 'DOS40', 'final.e', 'DOS13', 'OUTCAR4', 'DOS14', 'final.traj', 'OUTCAR3', 'DOS22', 'DOS25', 'DOS3', 'DOS4', 'OUTCAR', 'DOS24', 'DOS23', 'DOS15', 'OUTCAR2', 'DOS12', 'DOS30', 'DOS37', 'DOS39', 'tmp.dat2', 'Ni-211-clean-3x3x4-copt-CO2HCOO-1-02-top.ini', 'DOS38', 'AVF.dat', 'DOS36', 'DOS31', 'ACF.dat', 'Ni-211-clean-3x3x4-copt-CO2HCOO-1-02-side.ini', 'calc.traj', 'CONTCAR', 'tmp.dat', 'POSCAR', 'submit.sh', 'DOS17', 'DOS28', 'DOS10', 'relax.traj1', 'DOS26', 'DOS19', 'DOS21', 'DOS1', 'DOS6', 'DOS8', 'DOS20', 'DOS27', 'DOS18', 'DOS11', 'DOS16', 'DOS29', 'OUTCAR1', 'DOS9', 'DOS7', 'DOS0', 'REPORT', 'vib-submit.sh', 'Ni-211-clean-3x3x4-copt-CO2HCOO-1-02-side.pov', 'DOS34', 'DOS33', 'vib.py', 'Ni-211-clean-3x3x4-copt-CO2HCOO-1-02-top.pov', 'ase-sort.dat', 'KPOINTS', 'DOS32', 'DOS35', 'relax.traj', 'XDATCAR', 'first.traj', 'relax.log']",-100.17074011,"Atoms(symbols='Ni36O2CH', pbc=True, cell=[6.12020152854463, 7.495685433968, 23.9339993389473], initial_magmoms=..., constraint=[<ase.constraints.FixBondLengths object at 0x7f93d87ce700>, FixAtoms(indices=[18, 19, 20, 21, 22, 23, 24, 25, 26, 27, 28, 29, 30, 31, 32, 33, 34, 35])], calculator=SinglePointCalculator(...))",0.0085,1724251946.0,Wed Aug 21 16:52:26 2024,6.12020152854463,7.495685433968,23.9339993389473,90.0,CHNi36O2,"[<ase.constraints.FixBondLengths object at 0x7f93d87ce700>, FixAtoms(indices=[18, 19, 20, 21, 22, 23, 24, 25, 26, 27, 28, 29, 30, 31, 32, 33, 34, 35])]",,2,1,1.0,36,Ni-slabs,Ni-slabs,/data/Chapter6/Ni-slabs.hdf,160,CO2,True,Ni-211-clean-3x3x4,Ni-211-clean-3x3x4,-78.40925744,Ni36,False,ok,1.0,1.0,2.0,-21.761482669999992,0.0,0.0,0.0,0.0,0.0,0.0,0.0,,,,,True,Ni-211-clean-3x3x4,CO2%HCOO,1,2,Ni-slabs|Ni-211-clean-3x3x4|CO2%HCOO|1,0.31292953000000523,1.3577513000000039
/data/calculations/Ni/slabs/211/clean/3x3x4/copt/CO2%HCOO/1/03,Ni-211-clean-3x3x4-copt-CO2%HCOO-1-03,"['individual_vib.py', 'vib.39x-.pckl', 'vib.39y+.pckl', 'BCF.dat', 'vib', 'INCAR', 'vib.39z-.pckl', 'run.py', 'out.txt', 'gibbs.e', 'OSZICAR', 'individual_vib.txt', 'DOS5', 'vib-calc.traj', 'DOS2', 'vib.37z-.pckl', 'DOS40', 'final.e', 'DOS13', 'DOS14', 'final.traj', 'DOS22', 'DOS25', 'DOS3', 'DOS4', 'OUTCAR', 'vib.37x-.pckl', 'DOS24', 'DOS23', 'DOS15', 'DOS12', 'vib.37y+.pckl', 'DOS30', 'individual_vib.xyz', 'DOS37', 'vib.39z+.pckl', 'DOS39', 'tmp.dat2', 'DOS38', 'AVF.dat', 'DOS36', 'DOS31', 'vib.39x+.pckl', 'ACF.dat', 'Ni-211-clean-3x3x4-copt-CO2HCOO-1-03-side.ini', 'vib.39y-.pckl', 'calc.traj', 'CONTCAR', 'vib.37x+.pckl', 'tmp.dat', 'vib.37y-.pckl', 'vib.37z+.pckl', 'POSCAR', 'Ni-211-clean-3x3x4-copt-CO2HCOO-1-03-top.ini', 'vib.eq.pckl', 'CO1', 'submit.sh', 'vib.38z-.pckl', 'vib.38x-.pckl', 'vib.38y+.pckl', 'DOS17', 'DOS28', 'DOS10', 'relax.traj1', 'vib.36x-.pckl', 'DOS26', 'DOS19', 'vib.36y+.pckl', 'DOS21', 'DOS1', 'DOS6', 'DOS8', 'DOS20', 'vib-BWUNI.sh', 'DOS27', 'DOS18', 'DOS11', 'DOS16', 'DOS29', 'OUTCAR1', 'DOS9', 'DOS7', 'vib.36z-.pckl', 'DOS0', 'REPORT', 'vib-submit.sh', 'vib.38x+.pckl', 'vib.38y-.pckl', 'Ni-211-clean-3x3x4-copt-CO2HCOO-1-03-side.pov', 'DOS34', 'DOS33', 'vib.py', 'ase-sort.dat', 'KPOINTS', 'vib.xyz', 'DOS32', 'vib.38z+.pckl', 'DOS35', 'Ni-211-clean-3x3x4-copt-CO2HCOO-1-03-top.pov', 'relax.traj', 'vib.36z+.pckl', 'vib.36x+.pckl', 'vib.36y-.pckl', 'XDATCAR', 'first.traj', 'relax.log']",-99.88692392,"Atoms(symbols='Ni36O2CH', pbc=True, cell=[6.12020152854463, 7.495685433968, 23.9339993389473], initial_magmoms=..., constraint=[<ase.constraints.FixBondLengths object at 0x7f93d87b58b0>, FixAtoms(indices=[18, 19, 20, 21, 22, 23, 24, 25, 26, 27, 28, 29, 30, 31, 32, 33, 34, 35])], calculator=SinglePointCalculator(...))",0.0077,1724251946.0,Wed Aug 21 16:52:26 2024,6.12020152854463,7.495685433968,23.9339993389473,90.0,CHNi36O2,"[<ase.constraints.FixBondLengths object at 0x7f93d87b58b0>, FixAtoms(indices=[18, 19, 20, 21, 22, 23, 24, 25, 26, 27, 28, 29, 30, 31, 32, 33, 34, 35])]",,2,1,1.0,36,Ni-slabs,Ni-slabs,/data/Chapter6/Ni-slabs.hdf,157,CO2,True,Ni-211-clean-3x3x4,Ni-211-clean-3x3x4,-78.40925744,Ni36,False,ok,1.0,1.0,2.0,-21.477666479999996,0.0,0.0,0.0,0.0,0.0,0.0,0.0,,,,,True,Ni-211-clean-3x3x4,CO2%HCOO,1,3,Ni-slabs|Ni-211-clean-3x3x4|CO2%HCOO|1,0.5967457200000013,1.64156749
/data/calculations/Ni/slabs/211/clean/3x3x4/copt/CO2%HCOO/1/04,Ni-211-clean-3x3x4-copt-CO2%HCOO-1-04,"['BCF.dat', 'INCAR', 'run.py', 'out.txt', 'OSZICAR', 'DOS5', 'DOS2', 'DOS40', 'final.e', 'DOS13', 'DOS14', 'final.traj', 'DOS22', 'DOS25', 'DOS3', 'DOS4', 'OUTCAR', 'DOS24', 'DOS23', 'DOS15', 'Ni-211-clean-3x3x4-copt-CO2HCOO-1-04-side.ini', 'DOS12', 'DOS30', 'DOS37', 'DOS39', 'tmp.dat2', 'DOS38', 'AVF.dat', 'DOS36', 'DOS31', 'ACF.dat', 'calc.traj', 'CONTCAR', 'tmp.dat', 'POSCAR', 'Ni-211-clean-3x3x4-copt-CO2HCOO-1-04-top.pov', 'submit.sh', 'DOS17', 'DOS28', 'DOS10', 'DOS26', 'DOS19', 'DOS21', 'Ni-211-clean-3x3x4-copt-CO2HCOO-1-04-side.pov', 'DOS1', 'DOS6', 'DOS8', 'DOS20', 'DOS27', 'DOS18', 'DOS11', 'DOS16', 'DOS29', 'DOS9', 'DOS7', 'DOS0', 'REPORT', 'vib-submit.sh', 'DOS34', 'DOS33', 'vib.py', 'ase-sort.dat', 'KPOINTS', 'DOS32', 'DOS35', 'Ni-211-clean-3x3x4-copt-CO2HCOO-1-04-top.ini', 'relax.traj', 'XDATCAR', 'first.traj', 'relax.log']",-101.22968789,"Atoms(symbols='Ni36O2CH', pbc=True, cell=[6.12020152854463, 7.495685433968, 23.9339993389473], initial_magmoms=..., constraint=[<ase.constraints.FixBondLengths object at 0x7f93d87b5d60>, FixAtoms(indices=[18, 19, 20, 21, 22, 23, 24, 25, 26, 27, 28, 29, 30, 31, 32, 33, 34, 35])], calculator=SinglePointCalculator(...))",0.0094,1724251946.0,Wed Aug 21 16:52:26 2024,6.12020152854463,7.495685433968,23.9339993389473,90.0,CHNi36O2,"[<ase.constraints.FixBondLengths object at 0x7f93d87b5d60>, FixAtoms(indices=[18, 19, 20, 21, 22, 23, 24, 25, 26, 27, 28, 29, 30, 31, 32, 33, 34, 35])]",,2,1,1.0,36,Ni-slabs,Ni-slabs,/data/Chapter6/Ni-slabs.hdf,158,CO2,True,Ni-211-clean-3x3x4,Ni-211-clean-3x3x4,-78.40925744,Ni36,False,ok,1.0,1.0,2.0,-22.82043044999999,0.0,0.0,0.0,0.0,0.0,0.0,0.0,,,,,True,Ni-211-clean-3x3x4,CO2%HCOO,1,4,Ni-slabs|Ni-211-clean-3x3x4|CO2%HCOO|1,-0.7460182499999917,0.298803520000007
/data/calculations/Ni/slabs/211/clean/3x3x4/copt/CO2%HCOO/1/05,Ni-211-clean-3x3x4-copt-CO2%HCOO-1-05,"['BCF.dat', 'INCAR', 'run.py', 'out.txt', 'OSZICAR', 'DOS5', 'DOS2', 'DOS40', 'final.e', 'DOS13', 'DOS14', 'final.traj', 'DOS22', 'DOS25', 'DOS3', 'DOS4', 'OUTCAR', 'DOS24', 'DOS23', 'DOS15', 'Ni-211-clean-3x3x4-copt-CO2HCOO-1-05-side.ini', 'DOS12', 'DOS30', 'DOS37', 'DOS39', 'tmp.dat2', 'Ni-211-clean-3x3x4-copt-CO2HCOO-1-05-top.pov', 'DOS38', 'AVF.dat', 'DOS36', 'DOS31', 'ACF.dat', 'calc.traj', 'CONTCAR', 'tmp.dat', 'POSCAR', 'submit.sh', 'DOS17', 'DOS28', 'DOS10', 'DOS26', 'DOS19', 'DOS21', 'Ni-211-clean-3x3x4-copt-CO2HCOO-1-05-side.pov', 'DOS1', 'DOS6', 'DOS8', 'DOS20', 'DOS27', 'DOS18', 'DOS11', 'DOS16', 'DOS29', 'DOS9', 'DOS7', 'DOS0', 'REPORT', 'vib-submit.sh', 'DOS34', 'DOS33', 'vib.py', 'Ni-211-clean-3x3x4-copt-CO2HCOO-1-05-top.ini', 'ase-sort.dat', 'KPOINTS', 'DOS32', 'DOS35', 'relax.traj', 'XDATCAR', 'first.traj', 'relax.log']",-101.48544879,"Atoms(symbols='Ni36O2CH', pbc=True, cell=[6.12020152854463, 7.495685433968, 23.9339993389473], initial_magmoms=..., constraint=[<ase.constraints.FixBondLengths object at 0x7f93d87ce250>, FixAtoms(indices=[18, 19, 20, 21, 22, 23, 24, 25, 26, 27, 28, 29, 30, 31, 32, 33, 34, 35])], calculator=SinglePointCalculator(...))",0.0082,1724251946.0,Wed Aug 21 16:52:26 2024,6.12020152854463,7.495685433968,23.9339993389473,90.0,CHNi36O2,"[<ase.constraints.FixBondLengths object at 0x7f93d87ce250>, FixAtoms(indices=[18, 19, 20, 21, 22, 23, 24, 25, 26, 27, 28, 29, 30, 31, 32, 33, 34, 35])]",,2,1,1.0,36,Ni-slabs,Ni-slabs,/data/Chapter6/Ni-slabs.hdf,159,CO2,True,Ni-211-clean-3x3x4,Ni-211-clean-3x3x4,-78.40925744,Ni36,False,ok,1.0,1.0,2.0,-23.076191350000002,0.0,0.0,0.0,0.0,0.0,0.0,0.0,,,,,True,Ni-211-clean-3x3x4,CO2%HCOO,1,5,Ni-slabs|Ni-211-clean-3x3x4|CO2%HCOO|1,-1.0017791500000044,0.04304261999999426
/data/calculations/Ni/slabs/211/clean/3x3x4/copt/CO2%HCOO/1/06,Ni-211-clean-3x3x4-copt-CO2%HCOO-1-06,"['Ni-211-clean-3x3x4-HCOO-AA-top.ini', '.Rhistory', 'vib.39x-.pckl', 'Ni-211-clean-3x3x4-copt-HCOOHCO_O-1-00-top.ini', 'vib.39y+.pckl', 'BCF.dat', 'INCAR', 'vib.39z-.pckl', 'run.py', 'out.txt', 'gibbs.e', 'OSZICAR', 'DOS5', 'DOS2', 'vib.37z-.pckl', 'Ni-211-clean-3x3x4-copt-HCOOHCO_O-1-00-side.ini', 'final.e', 'Ni-211-clean-3x3x4-HCOO-AA-side.ini', 'final.traj', 'DOS3', 'DOS4', 'OUTCAR', 'vib.37x-.pckl', 'vib.37y+.pckl', 'vib.39z+.pckl', 'tmp.dat2', 'AVF.dat', 'vib.39x+.pckl', 'ACF.dat', 'vib.39y-.pckl', 'CONTCAR', 'vib.37x+.pckl', 'tmp.dat', 'vib.37y-.pckl', 'vib.37z+.pckl', 'POSCAR', 'vib.eq.pckl', 'vib.38z-.pckl', 'vib.38x-.pckl', 'vib.38y+.pckl', 'Ni-211-clean-3x3x4-copt-HCOOHCO_O-1-00-top.pov', 'Ni-211-clean-3x3x4-HCOO-AA-top.pov', 'BWUNI.sh', 'vib.36x-.pckl', 'vib.36y+.pckl', 'DOS1', 'DOS6', 'DOS8', 'vib-BWUNI.sh', 'Ni-211-clean-3x3x4-HCOO-AA-side.pov', 'DOS7', 'vib.36z-.pckl', 'DOS0', 'Ni-211-clean-3x3x4-copt-HCOOHCO_O-1-00-side.pov', 'vib.38x+.pckl', 'vib.38y-.pckl', 'vib.py', 'ase-sort.dat', 'KPOINTS', 'vib.xyz', 'vib.38z+.pckl', 'relax.traj', 'vib.36z+.pckl', 'vib.36x+.pckl', 'vib.36y-.pckl', 'XDATCAR', 'first.traj', 'relax.log']",-101.52849141,"Atoms(symbols='Ni36O2CH', pbc=True, cell=[6.120201528544627, 7.495685433967997, 23.93399933894733], initial_magmoms=..., constraint=FixAtoms(indices=[18, 19, 20, 21, 22, 23, 24, 25, 26, 27, 28, 29, 30, 31, 32, 33, 34, 35]), calculator=SinglePointCalculator(...))",0.0072,1724181343.0,Tue Aug 20 21:15:43 2024,6.120201528544627,7.495685433967997,23.93399933894733,90.0,CHNi36O2,"[FixAtoms(indices=[18, 19, 20, 21, 22, 23, 24, 25, 26, 27, 28, 29, 30, 31, 32, 33, 34, 35])]",,2,1,1.0,36,Ni-slabs,Ni-slabs,/data/Chapter6/Ni-slabs.hdf,162,CO2,True,Ni-211-clean-3x3x4,Ni-211-clean-3x3x4,-78.40925744,Ni36,False,ok,1.0,1.0,2.0,-23.119233969999996,0.0,0.0,0.0,0.0,0.0,0.0,0.0,,,,,True,Ni-211-clean-3x3x4,CO2%HCOO,1,6,Ni-slabs|Ni-211-clean-3x3x4|CO2%HCOO|1,-1.0448217699999987,0.0
/data/calculations/Ni/slabs/211/clean/3x3x4/copt/CO_H%COH/1/00,Ni-211-clean-3x3x4-copt-CO_H%COH-1-00,"['individual_vib.py', 'BCF.dat', 'Ni-211-clean-3x3x4-copt-CO_HCOH-1-00-side.pov', 'INCAR', 'Ni-211-clean-3x3x4-copt-CO_HHCO-2-00-side.ini', 'run.py', 'out.txt', 'gibbs.e', 'OSZICAR', 'POSCAR.xyz', 'individual_vib.txt', 'vib-calc.traj', 'Ni-211-clean-3x3x4-CO_H-1-top.ini', 'vib.37z-.pckl', 'Ni-211-clean-3x3x4-copt-CO_HHCO-1-00-top.ini', 'Ni-211-clean-3x3x4-copt-CO_HCOH-2-00-top.ini', 'final.e', 'ir.37z-.pckl', 'final.traj', 'ir.37y+.pckl', 'ir.37x-.pckl', 'OUTCAR', 'vib.37x-.pckl', 'vib.37y+.pckl', 'individual_vib.xyz', 'tmp.dat2', 'OUTCAR.gz', 'Ni-211-clean-3x3x4-CO_H-1-side.pov', 'Ni-211-clean-3x3x4-copt-CO_HCOH-1-00-top.pov', 'Ni-211-clean-3x3x4-copt-CO_HHCO-2-00-top.pov', 'AVF.dat', 'ACF.dat', 'calc.traj', 'ir.37y-.pckl', 'ir.37x+.pckl', 'CONTCAR', 'vib.37x+.pckl', 'Ni-211-clean-3x3x4-copt-CO_HHCO-1-00-side.ini', 'tmp.dat', 'Ni-211-clean-3x3x4-copt-CO_HCOH-2-00-side.pov', 'vib.37y-.pckl', 'vib.37z+.pckl', 'POSCAR', 'ir.37z+.pckl', 'vib.eq.pckl', 'CO1', '00', 'ir.38z-.pckl', 'Ni-211-clean-3x3x4-copt-CO_HCOH-1-00-side.ini', 'vib.38z-.pckl', 'Ni-211-clean-3x3x4-copt-CO_HHCO-2-00-side.pov', 'vib.38x-.pckl', 'POSCAR.vasp', 'vib.38y+.pckl', 'ir.38y+.pckl', 'BWUNI.sh', 'ir.38x-.pckl', 'vib.36x-.pckl', 'vib.36y+.pckl', 'ir.36y+.pckl', 'IR-BWUNI.sh', 'ir.36x-.pckl', 'vib-BWUNI.sh', 'ir.36z-.pckl', 'ir.xyz', 'Ni-211-clean-3x3x4-CO_H-1-top.pov', 'Ni-211-clean-3x3x4-copt-CO_HHCO-1-00-top.pov', 'vib.36z-.pckl', 'Ni-211-clean-3x3x4-copt-CO_HCOH-2-00-top.pov', 'REPORT', 'vib.38x+.pckl', 'vib.38y-.pckl', 'ir.38y-.pckl', 'Ni-211-clean-3x3x4-copt-CO_HCOH-1-00-top.ini', 'Ni-211-clean-3x3x4-copt-CO_HHCO-2-00-top.ini', 'ir.38x+.pckl', 'vib.py', 'ir.38z+.pckl', 'Ni-211-clean-3x3x4-CO_H-1-side.ini', 'ase-sort.dat', 'KPOINTS', 'vib.xyz', 'vib.38z+.pckl', 'ir.36z+.pckl', 'relax.traj', 'vib.36z+.pckl', 'Ni-211-clean-3x3x4-copt-CO_HHCO-1-00-side.pov', 'vib.36x+.pckl', 'Ni-211-clean-3x3x4-copt-CO_HCOH-2-00-side.ini', 'vib.36y-.pckl', 'vib-Intensity.py', 'ir.36y-.pckl', 'XDATCAR', 'ir.eq.pckl', 'first.traj', 'relax.log', 'ir.36x+.pckl']",-95.96404522,"Atoms(symbols='Ni36OCH', pbc=True, cell=[6.120201528544627, 7.495685433967997, 23.93399933894733], initial_magmoms=..., constraint=FixAtoms(indices=[18, 19, 20, 21, 22, 23, 24, 25, 26, 27, 28, 29, 30, 31, 32, 33, 34, 35]), calculator=SinglePointCalculator(...))",0.0089,1724181343.0,Tue Aug 20 21:15:43 2024,6.120201528544627,7.495685433967997,23.93399933894733,90.0,CHNi36O,"[FixAtoms(indices=[18, 19, 20, 21, 22, 23, 24, 25, 26, 27, 28, 29, 30, 31, 32, 33, 34, 35])]",,1,1,1.0,36,Ni-slabs,Ni-slabs,/data/Chapter6/Ni-slabs.hdf,180,CO,True,Ni-211-clean-3x3x4,Ni-211-clean-3x3x4,-78.40925744,Ni36,False,ok,1.0,1.0,1.0,-17.554787779999998,0.0,0.0,0.0,0.0,0.0,0.0,0.0,1.0,,,,True,Ni-211-clean-3x3x4,CO_H%COH,1,0,Ni-slabs|Ni-211-clean-3x3x4|CO_H%COH|1,0.0,0.0
/data/calculations/Ni/slabs/211/clean/3x3x4/copt/CO_H%COH/1/01,Ni-211-clean-3x3x4-copt-CO_H%COH-1-01,"['BCF.dat', 'Ni-211-clean-3x3x4-copt-CO_HCOH-1-01-side.pov', 'INCAR', 'run.py', 'out.txt', 'OSZICAR', 'POSCAR.xyz', 'DOS5', 'DOS2', 'final.e', 'DOS13', 'DOS14', 'final.traj', 'DOS22', 'DOS25', 'DOS3', 'DOS4', 'OUTCAR', 'DOS24', 'DOS23', 'DOS15', 'DOS12', 'DOS30', 'DOS37', 'DOS39', 'tmp.dat2', 'OUTCAR.gz', 'DOS38', 'AVF.dat', 'DOS36', 'fe.dat', 'DOS31', 'ACF.dat', 'Ni-211-clean-3x3x4-copt-CO_HCOH-1-01-top.pov', 'calc.traj', 'CONTCAR', 'tmp.dat', 'POSCAR', 'submit.sh', 'Ni-211-clean-3x3x4-copt-CO_HCOH-1-01-side.ini', 'POSCAR.vasp', 'DOS17', 'DOS28', 'DOS10', 'DOS26', 'DOS19', 'DOS21', 'DOS1', 'DOS6', 'DOS8', 'DOS20', 'DOS27', 'DOS18', 'DOS11', 'DOS16', 'DOS29', 'DOS9', 'DOS7', 'DOS0', 'REPORT', 'vib-submit.sh', 'DOS34', 'DOS33', 'vib.py', 'ase-sort.dat', 'KPOINTS', 'DOS32', 'DOS35', 'relax.traj', 'XDATCAR', 'first.traj', 'relax.log', 'Ni-211-clean-3x3x4-copt-CO_HCOH-1-01-top.ini']",-95.92238916,"Atoms(symbols='Ni36COH', pbc=True, cell=[6.12020152854463, 7.495685433968, 23.9339993389473], initial_magmoms=..., constraint=[<ase.constraints.FixBondLengths object at 0x7f93d88b63a0>, FixAtoms(indices=[18, 19, 20, 21, 22, 23, 24, 25, 26, 27, 28, 29, 30, 31, 32, 33, 34, 35])], calculator=SinglePointCalculator(...))",0.0065,1724251946.0,Wed Aug 21 16:52:26 2024,6.12020152854463,7.495685433968,23.9339993389473,90.0,CHNi36O,"[<ase.constraints.FixBondLengths object at 0x7f93d88b63a0>, FixAtoms(indices=[18, 19, 20, 21, 22, 23, 24, 25, 26, 27, 28, 29, 30, 31, 32, 33, 34, 35])]",,1,1,1.0,36,Ni-slabs,Ni-slabs,/data/Chapter6/Ni-slabs.hdf,181,CO,True,Ni-211-clean-3x3x4,Ni-211-clean-3x3x4,-78.40925744,Ni36,False,ok,1.0,1.0,1.0,-17.51313171999999,0.0,0.0,0.0,0.0,0.0,0.0,0.0,1.0,,,,True,Ni-211-clean-3x3x4,CO_H%COH,1,1,Ni-slabs|Ni-211-clean-3x3x4|CO_H%COH|1,0.04165606000000821,0.04165606000000821
/data/calculations/Ni/slabs/211/clean/3x3x4/copt/CO_H%COH/1/02,Ni-211-clean-3x3x4-copt-CO_H%COH-1-02,"['BCF.dat', 'vib', 'INCAR', 'run.py', 'out.txt', 'OSZICAR', 'POSCAR.xyz', 'DOS5', 'DOS2', 'final.e', 'DOS13', 'DOS14', 'final.traj', 'OUTCAR3', 'DOS22', 'DOS25', 'DOS3', 'DOS4', 'OUTCAR', 'Ni-211-clean-3x3x4-copt-CO_HCOH-1-02-top.pov', 'DOS24', 'Ni-211-clean-3x3x4-copt-CO_HCOH-1-02-side.ini', 'DOS23', 'DOS15', 'OUTCAR2', 'DOS12', 'DOS30', 'DOS37', 'DOS39', 'tmp.dat2', 'OUTCAR.gz', 'DOS38', 'AVF.dat', 'DOS36', 'fe.dat', 'DOS31', 'ACF.dat', 'calc.traj', 'CONTCAR', 'tmp.dat', 'POSCAR', 'submit.sh', 'POSCAR.vasp', 'BWUNI.sh', 'DOS17', 'DOS28', 'DOS10', 'Ni-211-clean-3x3x4-copt-CO_HCOH-1-02-side.pov', 'relax.traj1', 'DOS26', 'DOS19', 'DOS21', 'DOS1', 'DOS6', 'Ni-211-clean-3x3x4-copt-CO_HCOH-1-02-top.ini', 'DOS8', 'DOS20', 'DOS27', 'DOS18', 'DOS11', 'DOS16', 'DOS29', 'OUTCAR1', 'DOS9', 'DOS7', 'DOS0', 'REPORT', 'vib-submit.sh', 'DOS34', 'DOS33', 'vib.py', 'ase-sort.dat', 'KPOINTS', 'DOS32', 'DOS35', 'relax.traj', 'XDATCAR', 'first.traj', 'relax.log']",-95.77477611,"Atoms(symbols='Ni36COH', pbc=True, cell=[6.12020152854463, 7.495685433968, 23.9339993389473], initial_magmoms=..., constraint=[<ase.constraints.FixBondLengths object at 0x7f93d8898af0>, FixAtoms(indices=[18, 19, 20, 21, 22, 23, 24, 25, 26, 27, 28, 29, 30, 31, 32, 33, 34, 35])], calculator=SinglePointCalculator(...))",0.0064,1724251946.0,Wed Aug 21 16:52:26 2024,6.12020152854463,7.495685433968,23.9339993389473,90.0,CHNi36O,"[<ase.constraints.FixBondLengths object at 0x7f93d8898af0>, FixAtoms(indices=[18, 19, 20, 21, 22, 23, 24, 25, 26, 27, 28, 29, 30, 31, 32, 33, 34, 35])]",,1,1,1.0,36,Ni-slabs,Ni-slabs,/data/Chapter6/Ni-slabs.hdf,179,CO,True,Ni-211-clean-3x3x4,Ni-211-clean-3x3x4,-78.40925744,Ni36,False,ok,1.0,1.0,1.0,-17.36551867,0.0,0.0,0.0,0.0,0.0,0.0,0.0,1.0,,,,True,Ni-211-clean-3x3x4,CO_H%COH,1,2,Ni-slabs|Ni-211-clean-3x3x4|CO_H%COH|1,0.1892691099999979,0.1892691099999979
/data/calculations/Ni/slabs/211/clean/3x3x4/copt/CO_H%COH/1/03,Ni-211-clean-3x3x4-copt-CO_H%COH-1-03,"['Ni-211-clean-3x3x4-copt-CO_HCOH-1-03-top.pov', 'BCF.dat', 'INCAR', 'run.py', 'out.txt', 'OSZICAR', 'POSCAR.xyz', 'DOS5', 'DOS2', 'final.e', 'DOS13', 'DOS14', 'final.traj', 'DOS22', 'DOS25', 'DOS3', 'DOS4', 'OUTCAR', 'DOS24', 'Ni-211-clean-3x3x4-copt-CO_HCOH-1-03-side.ini', 'DOS23', 'DOS15', 'DOS12', 'DOS30', 'DOS37', 'DOS39', 'tmp.dat2', 'OUTCAR.gz', 'DOS38', 'AVF.dat', 'DOS36', 'fe.dat', 'DOS31', 'ACF.dat', 'calc.traj', 'CONTCAR', 'tmp.dat', 'POSCAR', 'submit.sh', 'POSCAR.vasp', 'BWUNI.sh', 'Ni-211-clean-3x3x4-copt-CO_HCOH-1-03-top.ini', 'DOS17', 'DOS28', 'DOS10', 'Ni-211-clean-3x3x4-copt-CO_HCOH-1-03-side.pov', 'DOS26', 'DOS19', 'DOS21', 'DOS1', 'DOS6', 'DOS8', 'DOS20', 'DOS27', 'DOS18', 'DOS11', 'DOS16', 'DOS29', 'DOS9', 'DOS7', 'DOS0', 'REPORT', 'vib-submit.sh', 'DOS34', 'DOS33', 'vib.py', 'ase-sort.dat', 'KPOINTS', 'DOS32', 'DOS35', 'relax.traj', 'XDATCAR', 'first.traj', 'relax.log']",-95.51146456,"Atoms(symbols='Ni36COH', pbc=True, cell=[6.12020152854463, 7.495685433968, 23.9339993389473], initial_magmoms=..., constraint=[<ase.constraints.FixBondLengths object at 0x7f93d887eca0>, FixAtoms(indices=[18, 19, 20, 21, 22, 23, 24, 25, 26, 27, 28, 29, 30, 31, 32, 33, 34, 35])], calculator=SinglePointCalculator(...))",0.0095,1724251946.0,Wed Aug 21 16:52:26 2024,6.12020152854463,7.495685433968,23.9339993389473,90.0,CHNi36O,"[<ase.constraints.FixBondLengths object at 0x7f93d887eca0>, FixAtoms(indices=[18, 19, 20, 21, 22, 23, 24, 25, 26, 27, 28, 29, 30, 31, 32, 33, 34, 35])]",,1,1,1.0,36,Ni-slabs,Ni-slabs,/data/Chapter6/Ni-slabs.hdf,176,CO,True,Ni-211-clean-3x3x4,Ni-211-clean-3x3x4,-78.40925744,Ni36,False,ok,1.0,1.0,1.0,-17.10220711999999,0.0,0.0,0.0,0.0,0.0,0.0,0.0,1.0,,,,True,Ni-211-clean-3x3x4,CO_H%COH,1,3,Ni-slabs|Ni-211-clean-3x3x4|CO_H%COH|1,0.4525806600000095,0.4525806600000095
/data/calculations/Ni/slabs/211/clean/3x3x4/copt/CO_H%COH/1/04,Ni-211-clean-3x3x4-copt-CO_H%COH-1-04,"['Ni-211-clean-3x3x4-copt-CO_HCOH-1-04-top.ini', 'BCF.dat', 'INCAR', 'run.py', 'out.txt', 'OSZICAR', 'POSCAR.xyz', 'DOS5', 'DOS2', 'final.e', 'DOS13', 'DOS14', 'final.traj', 'DOS22', 'DOS25', 'DOS3', 'DOS4', 'OUTCAR', 'DOS24', 'DOS23', 'DOS15', 'DOS12', 'DOS30', 'DOS37', 'DOS39', 'tmp.dat2', 'OUTCAR.gz', 'DOS38', 'AVF.dat', 'DOS36', 'fe.dat', 'DOS31', 'ACF.dat', 'Ni-211-clean-3x3x4-copt-CO_HCOH-1-04-side.ini', 'calc.traj', 'CONTCAR', 'tmp.dat', 'POSCAR', 'submit.sh', 'POSCAR.vasp', 'Ni-211-clean-3x3x4-copt-CO_HCOH-1-04-top.pov', 'DOS17', 'DOS28', 'DOS10', 'DOS26', 'DOS19', 'DOS21', 'DOS1', 'DOS6', 'DOS8', 'DOS20', 'DOS27', 'DOS18', 'DOS11', 'DOS16', 'DOS29', 'DOS9', 'DOS7', 'DOS0', 'REPORT', 'Ni-211-clean-3x3x4-copt-CO_HCOH-1-04-side.pov', 'vib-submit.sh', 'DOS34', 'DOS33', 'vib.py', 'ase-sort.dat', 'KPOINTS', 'DOS32', 'DOS35', 'relax.traj', 'XDATCAR', 'first.traj', 'relax.log']",-95.10708458,"Atoms(symbols='Ni36COH', pbc=True, cell=[6.12020152854463, 7.495685433968, 23.9339993389473], initial_magmoms=..., constraint=[<ase.constraints.FixBondLengths object at 0x7f93d8898190>, FixAtoms(indices=[18, 19, 20, 21, 22, 23, 24, 25, 26, 27, 28, 29, 30, 31, 32, 33, 34, 35])], calculator=SinglePointCalculator(...))",0.0081,1724251946.0,Wed Aug 21 16:52:26 2024,6.12020152854463,7.495685433968,23.9339993389473,90.0,CHNi36O,"[<ase.constraints.FixBondLengths object at 0x7f93d8898190>, FixAtoms(indices=[18, 19, 20, 21, 22, 23, 24, 25, 26, 27, 28, 29, 30, 31, 32, 33, 34, 35])]",,1,1,1.0,36,Ni-slabs,Ni-slabs,/data/Chapter6/Ni-slabs.hdf,177,CO,True,Ni-211-clean-3x3x4,Ni-211-clean-3x3x4,-78.40925744,Ni36,False,ok,1.0,1.0,1.0,-16.69782714,0.0,0.0,0.0,0.0,0.0,0.0,0.0,1.0,,,,True,Ni-211-clean-3x3x4,CO_H%COH,1,4,Ni-slabs|Ni-211-clean-3x3x4|CO_H%COH|1,0.8569606399999969,0.8569606399999969
/data/calculations/Ni/slabs/211/clean/3x3x4/copt/CO_H%COH/1/05,Ni-211-clean-3x3x4-copt-CO_H%COH-1-05,"['individual_vib.py', 'BCF.dat', 'vib', 'INCAR', 'run.py', 'out.txt', 'gibbs.e', 'OSZICAR', 'POSCAR.xyz', 'individual_vib.txt', 'DOS5', 'vib-calc.traj', 'DOS2', 'vib.37z-.pckl', 'final.e', 'DOS13', 'DOS14', 'final.traj', 'DOS22', 'DOS25', 'Ni-211-clean-3x3x4-copt-CO_HCOH-1-05-top.ini', 'DOS3', 'DOS4', 'OUTCAR', 'vib.37x-.pckl', 'DOS24', 'DOS23', 'DOS15', 'DOS12', 'vib.37y+.pckl', 'DOS30', 'individual_vib.xyz', 'DOS37', 'DOS39', 'tmp.dat2', 'OUTCAR.gz', 'DOS38', 'AVF.dat', 'DOS36', 'fe.dat', 'DOS31', 'ACF.dat', 'Ni-211-clean-3x3x4-copt-CO_HCOH-1-05-side.ini', 'calc.traj', 'CONTCAR', 'vib.37x+.pckl', 'tmp.dat', 'vib.37y-.pckl', 'vib.37z+.pckl', 'POSCAR', 'vib.eq.pckl', 'CO1', 'submit.sh', 'vib.38z-.pckl', 'vib.38x-.pckl', 'POSCAR.vasp', 'vib.38y+.pckl', 'DOS17', 'DOS28', 'DOS10', 'relax.traj1', 'vib.36x-.pckl', 'DOS26', 'DOS19', 'vib.36y+.pckl', 'DOS21', 'DOS1', 'DOS6', 'Ni-211-clean-3x3x4-copt-CO_HCOH-1-05-top.pov', 'DOS8', 'DOS20', 'vib-BWUNI.sh', 'DOS27', 'DOS18', 'DOS11', 'DOS16', 'DOS29', 'OUTCAR1', 'DOS9', 'DOS7', 'vib.36z-.pckl', 'DOS0', 'REPORT', 'Ni-211-clean-3x3x4-copt-CO_HCOH-1-05-side.pov', 'vib-submit.sh', 'vib.38x+.pckl', 'vib.38y-.pckl', 'DOS34', 'DOS33', 'vib.py', 'ase-sort.dat', 'KPOINTS', 'vib.xyz', 'DOS32', 'vib.38z+.pckl', 'DOS35', 'relax.traj', 'vib.36z+.pckl', 'vib.36x+.pckl', 'vib.36y-.pckl', 'XDATCAR', 'first.traj', 'relax.log']",-94.54664893,"Atoms(symbols='Ni36COH', pbc=True, cell=[6.12020152854463, 7.495685433968, 23.9339993389473], initial_magmoms=..., constraint=[<ase.constraints.FixBondLengths object at 0x7f93d8898640>, FixAtoms(indices=[18, 19, 20, 21, 22, 23, 24, 25, 26, 27, 28, 29, 30, 31, 32, 33, 34, 35])], calculator=SinglePointCalculator(...))",0.0069,1724251946.0,Wed Aug 21 16:52:26 2024,6.12020152854463,7.495685433968,23.9339993389473,90.0,CHNi36O,"[<ase.constraints.FixBondLengths object at 0x7f93d8898640>, FixAtoms(indices=[18, 19, 20, 21, 22, 23, 24, 25, 26, 27, 28, 29, 30, 31, 32, 33, 34, 35])]",,1,1,1.0,36,Ni-slabs,Ni-slabs,/data/Chapter6/Ni-slabs.hdf,178,CO,True,Ni-211-clean-3x3x4,Ni-211-clean-3x3x4,-78.40925744,Ni36,False,ok,1.0,1.0,1.0,-16.13739149,0.0,0.0,0.0,0.0,0.0,0.0,0.0,1.0,,,,True,Ni-211-clean-3x3x4,CO_H%COH,1,5,Ni-slabs|Ni-211-clean-3x3x4|CO_H%COH|1,1.4173962899999992,1.4173962899999992
/data/calculations/Ni/slabs/211/clean/3x3x4/copt/CO_H%COH/1/06,Ni-211-clean-3x3x4-copt-CO_H%COH-1-06,"['Ni-211-clean-3x3x4-COH-AA-2-side.pov', 'Ni-211-clean-3x3x4-COH-AA-2-top.ini', 'Ni-211-clean-3x3x4-copt-CO_HCOH-2-06-side.pov', 'Ni-211-clean-3x3x4-copt-CO_HCOH-2-06-top.pov', 'BCF.dat', 'INCAR', 'run.py', 'out.txt', 'gibbs.e', 'OSZICAR', 'POSCAR.xyz', 'vib.37z-.pckl', 'final.e', 'relax.traj2', 'final.traj', 'OUTCAR3', 'OUTCAR', 'vib.37x-.pckl', 'OUTCAR2', 'vib.37y+.pckl', 'relax.traj3', 'tmp.dat2', 'OUTCAR.gz', 'AVF.dat', 'ACF.dat', 'CONTCAR', 'Ni-211-clean-3x3x4-copt-CO_HCOH-1-06-top.ini', 'vib.37x+.pckl', 'tmp.dat', 'vib.37y-.pckl', 'Ni-211-clean-3x3x4-copt-CO_HCOH-1-06-side.pov', 'vib.37z+.pckl', 'POSCAR', 'vib.eq.pckl', 'Ni-211-clean-3x3x4-copt-CO_HCOH-2-06-top.ini', 'vib.38z-.pckl', 'Ni-211-clean-3x3x4-COH-AA-2-top.pov', 'vib.38x-.pckl', 'POSCAR.vasp', 'vib.38y+.pckl', 'Ni-211-clean-3x3x4-copt-CO_HCOH-2-06-side.ini', 'BWUNI.sh', 'Ni-211-clean-3x3x4-COH-AA-2-side.ini', 'relax.traj1', 'vib.36x-.pckl', 'vib.36y+.pckl', 'vib-BWUNI.sh', 'OUTCAR1', 'vib.36z-.pckl', 'vib.38x+.pckl', 'vib.38y-.pckl', 'vib.py', 'ase-sort.dat', 'KPOINTS', 'vib.xyz', 'vib.38z+.pckl', 'Ni-211-clean-3x3x4-copt-CO_HCOH-1-06-side.ini', 'relax.traj', 'vib.36z+.pckl', 'vib.36x+.pckl', 'vib.36y-.pckl', 'XDATCAR', 'first.traj', 'relax.log', 'Ni-211-clean-3x3x4-copt-CO_HCOH-1-06-top.pov']",-94.97700257,"Atoms(symbols='Ni36COH', pbc=True, cell=[6.120201528544627, 7.495685433967997, 23.93399933894733], initial_magmoms=..., constraint=FixAtoms(indices=[18, 19, 20, 21, 22, 23, 24, 25, 26, 27, 28, 29, 30, 31, 32, 33, 34, 35]), calculator=SinglePointCalculator(...))",0.0086,1724181343.0,Tue Aug 20 21:15:43 2024,6.120201528544627,7.495685433967997,23.93399933894733,90.0,CHNi36O,"[FixAtoms(indices=[18, 19, 20, 21, 22, 23, 24, 25, 26, 27, 28, 29, 30, 31, 32, 33, 34, 35])]",,1,1,1.0,36,Ni-slabs,Ni-slabs,/data/Chapter6/Ni-slabs.hdf,182,CO,True,Ni-211-clean-3x3x4,Ni-211-clean-3x3x4,-78.40925744,Ni36,False,ok,1.0,1.0,1.0,-16.56774512999999,0.0,0.0,0.0,0.0,0.0,0.0,0.0,1.0,,,,True,Ni-211-clean-3x3x4,CO_H%COH,1,6,Ni-slabs|Ni-211-clean-3x3x4|CO_H%COH|1,0.9870426500000065,0.9870426500000065
/data/calculations/Ni/slabs/211/clean/3x3x4/copt/CO_H%COH/2/00,Ni-211-clean-3x3x4-copt-CO_H%COH-2-00,"['individual_vib.py', 'BCF.dat', 'Ni-211-clean-3x3x4-copt-CO_HCOH-1-00-side.pov', 'INCAR', 'Ni-211-clean-3x3x4-copt-CO_HHCO-2-00-side.ini', 'run.py', 'out.txt', 'gibbs.e', 'OSZICAR', 'POSCAR.xyz', 'individual_vib.txt', 'vib-calc.traj', 'Ni-211-clean-3x3x4-CO_H-1-top.ini', 'vib.37z-.pckl', 'Ni-211-clean-3x3x4-copt-CO_HHCO-1-00-top.ini', 'Ni-211-clean-3x3x4-copt-CO_HCOH-2-00-top.ini', 'final.e', 'ir.37z-.pckl', 'final.traj', 'ir.37y+.pckl', 'ir.37x-.pckl', 'OUTCAR', 'vib.37x-.pckl', 'vib.37y+.pckl', 'individual_vib.xyz', 'tmp.dat2', 'OUTCAR.gz', 'Ni-211-clean-3x3x4-CO_H-1-side.pov', 'Ni-211-clean-3x3x4-copt-CO_HCOH-1-00-top.pov', 'Ni-211-clean-3x3x4-copt-CO_HHCO-2-00-top.pov', 'AVF.dat', 'ACF.dat', 'calc.traj', 'ir.37y-.pckl', 'ir.37x+.pckl', 'CONTCAR', 'vib.37x+.pckl', 'Ni-211-clean-3x3x4-copt-CO_HHCO-1-00-side.ini', 'tmp.dat', 'Ni-211-clean-3x3x4-copt-CO_HCOH-2-00-side.pov', 'vib.37y-.pckl', 'vib.37z+.pckl', 'POSCAR', 'ir.37z+.pckl', 'vib.eq.pckl', 'CO1', '00', 'ir.38z-.pckl', 'Ni-211-clean-3x3x4-copt-CO_HCOH-1-00-side.ini', 'vib.38z-.pckl', 'Ni-211-clean-3x3x4-copt-CO_HHCO-2-00-side.pov', 'vib.38x-.pckl', 'POSCAR.vasp', 'vib.38y+.pckl', 'ir.38y+.pckl', 'BWUNI.sh', 'ir.38x-.pckl', 'vib.36x-.pckl', 'vib.36y+.pckl', 'ir.36y+.pckl', 'IR-BWUNI.sh', 'ir.36x-.pckl', 'vib-BWUNI.sh', 'ir.36z-.pckl', 'ir.xyz', 'Ni-211-clean-3x3x4-CO_H-1-top.pov', 'Ni-211-clean-3x3x4-copt-CO_HHCO-1-00-top.pov', 'vib.36z-.pckl', 'Ni-211-clean-3x3x4-copt-CO_HCOH-2-00-top.pov', 'REPORT', 'vib.38x+.pckl', 'vib.38y-.pckl', 'ir.38y-.pckl', 'Ni-211-clean-3x3x4-copt-CO_HCOH-1-00-top.ini', 'Ni-211-clean-3x3x4-copt-CO_HHCO-2-00-top.ini', 'ir.38x+.pckl', 'vib.py', 'ir.38z+.pckl', 'Ni-211-clean-3x3x4-CO_H-1-side.ini', 'ase-sort.dat', 'KPOINTS', 'vib.xyz', 'vib.38z+.pckl', 'ir.36z+.pckl', 'relax.traj', 'vib.36z+.pckl', 'Ni-211-clean-3x3x4-copt-CO_HHCO-1-00-side.pov', 'vib.36x+.pckl', 'Ni-211-clean-3x3x4-copt-CO_HCOH-2-00-side.ini', 'vib.36y-.pckl', 'vib-Intensity.py', 'ir.36y-.pckl', 'XDATCAR', 'ir.eq.pckl', 'first.traj', 'relax.log', 'ir.36x+.pckl']",-95.96404522,"Atoms(symbols='Ni36OCH', pbc=True, cell=[6.120201528544627, 7.495685433967997, 23.93399933894733], initial_magmoms=..., constraint=FixAtoms(indices=[18, 19, 20, 21, 22, 23, 24, 25, 26, 27, 28, 29, 30, 31, 32, 33, 34, 35]), calculator=SinglePointCalculator(...))",0.0089,1724181343.0,Tue Aug 20 21:15:43 2024,6.120201528544627,7.495685433967997,23.93399933894733,90.0,CHNi36O,"[FixAtoms(indices=[18, 19, 20, 21, 22, 23, 24, 25, 26, 27, 28, 29, 30, 31, 32, 33, 34, 35])]",,1,1,1.0,36,Ni-slabs,Ni-slabs,/data/Chapter6/Ni-slabs.hdf,187,CO,True,Ni-211-clean-3x3x4,Ni-211-clean-3x3x4,-78.40925744,Ni36,False,ok,1.0,1.0,1.0,-17.554787779999998,0.0,0.0,0.0,0.0,0.0,0.0,0.0,1.0,,,,True,Ni-211-clean-3x3x4,CO_H%COH,2,0,Ni-slabs|Ni-211-clean-3x3x4|CO_H%COH|2,0.0,0.0
/data/calculations/Ni/slabs/211/clean/3x3x4/copt/CO_H%COH/2/01,Ni-211-clean-3x3x4-copt-CO_H%COH-2-01,"['BCF.dat', 'INCAR', 'run.py', 'out.txt', 'Ni-211-clean-3x3x4-copt-CO_HCOH-2-01-top.ini', 'OSZICAR', 'POSCAR.xyz', 'DOS5', 'DOS2', 'final.e', 'DOS13', 'DOS14', 'final.traj', 'DOS22', 'DOS25', 'DOS3', 'DOS4', 'OUTCAR', 'DOS24', 'DOS23', 'DOS15', 'DOS12', 'DOS30', 'DOS37', 'DOS39', 'tmp.dat2', 'OUTCAR.gz', 'DOS38', 'AVF.dat', 'DOS36', 'fe.dat', 'DOS31', 'ACF.dat', 'calc.traj', 'CONTCAR', 'tmp.dat', 'Ni-211-clean-3x3x4-copt-CO_HCOH-2-01-side.pov', 'POSCAR', 'submit.sh', 'Ni-211-clean-3x3x4-copt-CO_HCOH-2-01-top.pov', 'POSCAR.vasp', 'DOS17', 'DOS28', 'DOS10', 'DOS26', 'DOS19', 'DOS21', 'DOS1', 'DOS6', 'DOS8', 'DOS20', 'DOS27', 'DOS18', 'DOS11', 'DOS16', 'DOS29', 'DOS9', 'DOS7', 'DOS0', 'REPORT', 'vib-submit.sh', 'DOS34', 'DOS33', 'vib.py', 'ase-sort.dat', 'KPOINTS', 'DOS32', 'DOS35', 'relax.traj', 'Ni-211-clean-3x3x4-copt-CO_HCOH-2-01-side.ini', 'XDATCAR', 'first.traj', 'relax.log']",-94.5091978,"Atoms(symbols='Ni36COH', pbc=True, cell=[6.12020152854463, 7.495685433968, 23.9339993389473], initial_magmoms=..., constraint=[<ase.constraints.FixBondLengths object at 0x7f93d88ed310>, FixAtoms(indices=[18, 19, 20, 21, 22, 23, 24, 25, 26, 27, 28, 29, 30, 31, 32, 33, 34, 35])], calculator=SinglePointCalculator(...))",0.0072,1724251946.0,Wed Aug 21 16:52:26 2024,6.12020152854463,7.495685433968,23.9339993389473,90.0,CHNi36O,"[<ase.constraints.FixBondLengths object at 0x7f93d88ed310>, FixAtoms(indices=[18, 19, 20, 21, 22, 23, 24, 25, 26, 27, 28, 29, 30, 31, 32, 33, 34, 35])]",,1,1,1.0,36,Ni-slabs,Ni-slabs,/data/Chapter6/Ni-slabs.hdf,188,CO,True,Ni-211-clean-3x3x4,Ni-211-clean-3x3x4,-78.40925744,Ni36,False,ok,1.0,1.0,1.0,-16.09994035999999,0.0,0.0,0.0,0.0,0.0,0.0,0.0,1.0,,,,True,Ni-211-clean-3x3x4,CO_H%COH,2,1,Ni-slabs|Ni-211-clean-3x3x4|CO_H%COH|2,1.4548474200000072,1.4548474200000072
/data/calculations/Ni/slabs/211/clean/3x3x4/copt/CO_H%COH/2/02,Ni-211-clean-3x3x4-copt-CO_H%COH-2-02,"['BCF.dat', 'INCAR', 'run.py', 'out.txt', 'OSZICAR', 'POSCAR.xyz', 'DOS5', 'DOS2', 'final.e', 'DOS13', 'DOS14', 'final.traj', 'DOS22', 'DOS25', 'DOS3', 'DOS4', 'OUTCAR', 'DOS24', 'DOS23', 'DOS15', 'DOS12', 'Ni-211-clean-3x3x4-copt-CO_HCOH-2-02-top.ini', 'DOS30', 'DOS37', 'Ni-211-clean-3x3x4-copt-CO_HCOH-2-02-side.ini', 'DOS39', 'tmp.dat2', 'OUTCAR.gz', 'DOS38', 'AVF.dat', 'DOS36', 'fe.dat', 'DOS31', 'ACF.dat', 'calc.traj', 'CONTCAR', 'tmp.dat', 'POSCAR', 'submit.sh', 'POSCAR.vasp', 'DOS17', 'DOS28', 'DOS10', 'DOS26', 'DOS19', 'DOS21', 'DOS1', 'DOS6', 'DOS8', 'DOS20', 'DOS27', 'DOS18', 'DOS11', 'DOS16', 'DOS29', 'DOS9', 'DOS7', 'DOS0', 'REPORT', 'vib-submit.sh', 'DOS34', 'DOS33', 'vib.py', 'ase-sort.dat', 'KPOINTS', 'Ni-211-clean-3x3x4-copt-CO_HCOH-2-02-top.pov', 'DOS32', 'Ni-211-clean-3x3x4-copt-CO_HCOH-2-02-side.pov', 'DOS35', 'relax.traj', 'XDATCAR', 'first.traj', 'relax.log']",-94.20543086,"Atoms(symbols='Ni36COH', pbc=True, cell=[6.12020152854463, 7.495685433968, 23.9339993389473], initial_magmoms=..., constraint=[<ase.constraints.FixBondLengths object at 0x7f93d88d2a60>, FixAtoms(indices=[18, 19, 20, 21, 22, 23, 24, 25, 26, 27, 28, 29, 30, 31, 32, 33, 34, 35])], calculator=SinglePointCalculator(...))",0.0084,1724251946.0,Wed Aug 21 16:52:26 2024,6.12020152854463,7.495685433968,23.9339993389473,90.0,CHNi36O,"[<ase.constraints.FixBondLengths object at 0x7f93d88d2a60>, FixAtoms(indices=[18, 19, 20, 21, 22, 23, 24, 25, 26, 27, 28, 29, 30, 31, 32, 33, 34, 35])]",,1,1,1.0,36,Ni-slabs,Ni-slabs,/data/Chapter6/Ni-slabs.hdf,186,CO,True,Ni-211-clean-3x3x4,Ni-211-clean-3x3x4,-78.40925744,Ni36,False,ok,1.0,1.0,1.0,-15.796173420000002,0.0,0.0,0.0,0.0,0.0,0.0,0.0,1.0,,,,True,Ni-211-clean-3x3x4,CO_H%COH,2,2,Ni-slabs|Ni-211-clean-3x3x4|CO_H%COH|2,1.7586143599999957,1.7586143599999957
/data/calculations/Ni/slabs/211/clean/3x3x4/copt/CO_H%COH/2/03,Ni-211-clean-3x3x4-copt-CO_H%COH-2-03,"['individual_vib.py', 'BCF.dat', 'vib', 'INCAR', 'run.py', 'out.txt', 'gibbs.e', 'OSZICAR', 'POSCAR.xyz', 'individual_vib.txt', 'DOS5', 'vib-calc.traj', 'DOS2', 'vib.37z-.pckl', 'final.e', 'DOS13', 'DOS14', 'final.traj', 'DOS22', 'DOS25', 'DOS3', 'DOS4', 'OUTCAR', 'vib.37x-.pckl', 'DOS24', 'DOS23', 'DOS15', 'DOS12', 'vib.37y+.pckl', 'DOS30', 'individual_vib.xyz', 'DOS37', 'Ni-211-clean-3x3x4-copt-CO_HCOH-2-03-side.ini', 'DOS39', 'tmp.dat2', 'OUTCAR.gz', 'DOS38', 'AVF.dat', 'DOS36', 'fe.dat', 'DOS31', 'ACF.dat', 'calc.traj', 'CONTCAR', 'vib.37x+.pckl', 'tmp.dat', 'vib.37y-.pckl', 'Ni-211-clean-3x3x4-copt-CO_HCOH-2-03-top.ini', 'vib.37z+.pckl', 'POSCAR', 'vib.eq.pckl', 'CO1', 'submit.sh', 'vib.38z-.pckl', 'vib.38x-.pckl', 'POSCAR.vasp', 'vib.38y+.pckl', 'DOS17', 'DOS28', 'DOS10', 'vib.36x-.pckl', 'DOS26', 'DOS19', 'vib.36y+.pckl', 'DOS21', 'DOS1', 'DOS6', 'DOS8', 'DOS20', 'vib-BWUNI.sh', 'DOS27', 'DOS18', 'DOS11', 'DOS16', 'DOS29', 'DOS9', 'DOS7', 'vib.36z-.pckl', 'DOS0', 'REPORT', 'vib-submit.sh', 'vib.38x+.pckl', 'vib.38y-.pckl', 'DOS34', 'DOS33', 'vib.py', 'ase-sort.dat', 'KPOINTS', 'vib.xyz', 'DOS32', 'vib.38z+.pckl', 'Ni-211-clean-3x3x4-copt-CO_HCOH-2-03-side.pov', 'DOS35', 'Ni-211-clean-3x3x4-copt-CO_HCOH-2-03-top.pov', 'relax.traj', 'vib.36z+.pckl', 'vib.36x+.pckl', 'vib.36y-.pckl', 'XDATCAR', 'first.traj', 'relax.log']",-93.94841357,"Atoms(symbols='Ni36COH', pbc=True, cell=[6.12020152854463, 7.495685433968, 23.9339993389473], initial_magmoms=..., constraint=[<ase.constraints.FixBondLengths object at 0x7f93d88b6c10>, FixAtoms(indices=[18, 19, 20, 21, 22, 23, 24, 25, 26, 27, 28, 29, 30, 31, 32, 33, 34, 35])], calculator=SinglePointCalculator(...))",0.0081,1724251946.0,Wed Aug 21 16:52:26 2024,6.12020152854463,7.495685433968,23.9339993389473,90.0,CHNi36O,"[<ase.constraints.FixBondLengths object at 0x7f93d88b6c10>, FixAtoms(indices=[18, 19, 20, 21, 22, 23, 24, 25, 26, 27, 28, 29, 30, 31, 32, 33, 34, 35])]",,1,1,1.0,36,Ni-slabs,Ni-slabs,/data/Chapter6/Ni-slabs.hdf,183,CO,True,Ni-211-clean-3x3x4,Ni-211-clean-3x3x4,-78.40925744,Ni36,False,ok,1.0,1.0,1.0,-15.539156129999995,0.0,0.0,0.0,0.0,0.0,0.0,0.0,1.0,,,,True,Ni-211-clean-3x3x4,CO_H%COH,2,3,Ni-slabs|Ni-211-clean-3x3x4|CO_H%COH|2,2.015631650000003,2.015631650000003
/data/calculations/Ni/slabs/211/clean/3x3x4/copt/CO_H%COH/2/04,Ni-211-clean-3x3x4-copt-CO_H%COH-2-04,"['BCF.dat', 'INCAR', 'run.py', 'out.txt', 'OSZICAR', 'POSCAR.xyz', 'DOS5', 'DOS2', 'Ni-211-clean-3x3x4-copt-CO_HCOH-2-04-side.ini', 'final.e', 'DOS13', 'DOS14', 'final.traj', 'DOS22', 'DOS25', 'DOS3', 'DOS4', 'OUTCAR', 'DOS24', 'DOS23', 'DOS15', 'DOS12', 'DOS30', 'DOS37', 'DOS39', 'tmp.dat2', 'OUTCAR.gz', 'DOS38', 'AVF.dat', 'DOS36', 'fe.dat', 'DOS31', 'ACF.dat', 'calc.traj', 'CONTCAR', 'tmp.dat', 'Ni-211-clean-3x3x4-copt-CO_HCOH-2-04-top.pov', 'POSCAR', 'submit.sh', 'POSCAR.vasp', 'DOS17', 'DOS28', 'DOS10', 'DOS26', 'DOS19', 'DOS21', 'DOS1', 'DOS6', 'DOS8', 'DOS20', 'DOS27', 'DOS18', 'DOS11', 'DOS16', 'DOS29', 'DOS9', 'DOS7', 'Ni-211-clean-3x3x4-copt-CO_HCOH-2-04-side.pov', 'DOS0', 'REPORT', 'vib-submit.sh', 'DOS34', 'DOS33', 'vib.py', 'ase-sort.dat', 'KPOINTS', 'DOS32', 'DOS35', 'relax.traj', 'Ni-211-clean-3x3x4-copt-CO_HCOH-2-04-top.ini', 'XDATCAR', 'first.traj', 'relax.log']",-94.0769851,"Atoms(symbols='Ni36COH', pbc=True, cell=[6.12020152854463, 7.495685433968, 23.9339993389473], initial_magmoms=..., constraint=[<ase.constraints.FixBondLengths object at 0x7f93d88d2100>, FixAtoms(indices=[18, 19, 20, 21, 22, 23, 24, 25, 26, 27, 28, 29, 30, 31, 32, 33, 34, 35])], calculator=SinglePointCalculator(...))",0.0076,1724251946.0,Wed Aug 21 16:52:26 2024,6.12020152854463,7.495685433968,23.9339993389473,90.0,CHNi36O,"[<ase.constraints.FixBondLengths object at 0x7f93d88d2100>, FixAtoms(indices=[18, 19, 20, 21, 22, 23, 24, 25, 26, 27, 28, 29, 30, 31, 32, 33, 34, 35])]",,1,1,1.0,36,Ni-slabs,Ni-slabs,/data/Chapter6/Ni-slabs.hdf,184,CO,True,Ni-211-clean-3x3x4,Ni-211-clean-3x3x4,-78.40925744,Ni36,False,ok,1.0,1.0,1.0,-15.667727659999997,0.0,0.0,0.0,0.0,0.0,0.0,0.0,1.0,,,,True,Ni-211-clean-3x3x4,CO_H%COH,2,4,Ni-slabs|Ni-211-clean-3x3x4|CO_H%COH|2,1.887060120000001,1.887060120000001
/data/calculations/Ni/slabs/211/clean/3x3x4/copt/CO_H%COH/2/05,Ni-211-clean-3x3x4-copt-CO_H%COH-2-05,"['BCF.dat', 'INCAR', 'run.py', 'out.txt', 'OSZICAR', 'POSCAR.xyz', 'DOS5', 'DOS2', 'Ni-211-clean-3x3x4-copt-CO_HCOH-2-05-side.ini', 'final.e', 'DOS13', 'DOS14', 'final.traj', 'DOS22', 'DOS25', 'DOS3', 'DOS4', 'OUTCAR', 'DOS24', 'DOS23', 'DOS15', 'DOS12', 'DOS30', 'DOS37', 'DOS39', 'Ni-211-clean-3x3x4-copt-CO_HCOH-2-05-top.pov', 'tmp.dat2', 'OUTCAR.gz', 'DOS38', 'AVF.dat', 'DOS36', 'fe.dat', 'DOS31', 'ACF.dat', 'calc.traj', 'CONTCAR', 'tmp.dat', 'POSCAR', 'submit.sh', 'POSCAR.vasp', 'DOS17', 'DOS28', 'DOS10', 'DOS26', 'DOS19', 'DOS21', 'DOS1', 'DOS6', 'DOS8', 'DOS20', 'DOS27', 'DOS18', 'DOS11', 'DOS16', 'DOS29', 'DOS9', 'DOS7', 'Ni-211-clean-3x3x4-copt-CO_HCOH-2-05-side.pov', 'DOS0', 'REPORT', 'vib-submit.sh', 'DOS34', 'DOS33', 'vib.py', 'ase-sort.dat', 'KPOINTS', 'Ni-211-clean-3x3x4-copt-CO_HCOH-2-05-top.ini', 'DOS32', 'DOS35', 'relax.traj', 'XDATCAR', 'first.traj', 'relax.log']",-94.65584436,"Atoms(symbols='Ni36COH', pbc=True, cell=[6.12020152854463, 7.495685433968, 23.9339993389473], initial_magmoms=..., constraint=[<ase.constraints.FixBondLengths object at 0x7f93d88d25b0>, FixAtoms(indices=[18, 19, 20, 21, 22, 23, 24, 25, 26, 27, 28, 29, 30, 31, 32, 33, 34, 35])], calculator=SinglePointCalculator(...))",0.0082,1724251946.0,Wed Aug 21 16:52:26 2024,6.12020152854463,7.495685433968,23.9339993389473,90.0,CHNi36O,"[<ase.constraints.FixBondLengths object at 0x7f93d88d25b0>, FixAtoms(indices=[18, 19, 20, 21, 22, 23, 24, 25, 26, 27, 28, 29, 30, 31, 32, 33, 34, 35])]",,1,1,1.0,36,Ni-slabs,Ni-slabs,/data/Chapter6/Ni-slabs.hdf,185,CO,True,Ni-211-clean-3x3x4,Ni-211-clean-3x3x4,-78.40925744,Ni36,False,ok,1.0,1.0,1.0,-16.24658692,0.0,0.0,0.0,0.0,0.0,0.0,0.0,1.0,,,,True,Ni-211-clean-3x3x4,CO_H%COH,2,5,Ni-slabs|Ni-211-clean-3x3x4|CO_H%COH|2,1.3082008599999995,1.3082008599999995
/data/calculations/Ni/slabs/211/clean/3x3x4/copt/CO_H%COH/2/06,Ni-211-clean-3x3x4-copt-CO_H%COH-2-06,"['Ni-211-clean-3x3x4-COH-AA-2-side.pov', 'Ni-211-clean-3x3x4-COH-AA-2-top.ini', 'Ni-211-clean-3x3x4-copt-CO_HCOH-2-06-side.pov', 'Ni-211-clean-3x3x4-copt-CO_HCOH-2-06-top.pov', 'BCF.dat', 'INCAR', 'run.py', 'out.txt', 'gibbs.e', 'OSZICAR', 'POSCAR.xyz', 'vib.37z-.pckl', 'final.e', 'relax.traj2', 'final.traj', 'OUTCAR3', 'OUTCAR', 'vib.37x-.pckl', 'OUTCAR2', 'vib.37y+.pckl', 'relax.traj3', 'tmp.dat2', 'OUTCAR.gz', 'AVF.dat', 'ACF.dat', 'CONTCAR', 'Ni-211-clean-3x3x4-copt-CO_HCOH-1-06-top.ini', 'vib.37x+.pckl', 'tmp.dat', 'vib.37y-.pckl', 'Ni-211-clean-3x3x4-copt-CO_HCOH-1-06-side.pov', 'vib.37z+.pckl', 'POSCAR', 'vib.eq.pckl', 'Ni-211-clean-3x3x4-copt-CO_HCOH-2-06-top.ini', 'vib.38z-.pckl', 'Ni-211-clean-3x3x4-COH-AA-2-top.pov', 'vib.38x-.pckl', 'POSCAR.vasp', 'vib.38y+.pckl', 'Ni-211-clean-3x3x4-copt-CO_HCOH-2-06-side.ini', 'BWUNI.sh', 'Ni-211-clean-3x3x4-COH-AA-2-side.ini', 'relax.traj1', 'vib.36x-.pckl', 'vib.36y+.pckl', 'vib-BWUNI.sh', 'OUTCAR1', 'vib.36z-.pckl', 'vib.38x+.pckl', 'vib.38y-.pckl', 'vib.py', 'ase-sort.dat', 'KPOINTS', 'vib.xyz', 'vib.38z+.pckl', 'Ni-211-clean-3x3x4-copt-CO_HCOH-1-06-side.ini', 'relax.traj', 'vib.36z+.pckl', 'vib.36x+.pckl', 'vib.36y-.pckl', 'XDATCAR', 'first.traj', 'relax.log', 'Ni-211-clean-3x3x4-copt-CO_HCOH-1-06-top.pov']",-94.97700257,"Atoms(symbols='Ni36COH', pbc=True, cell=[6.120201528544627, 7.495685433967997, 23.93399933894733], initial_magmoms=..., constraint=FixAtoms(indices=[18, 19, 20, 21, 22, 23, 24, 25, 26, 27, 28, 29, 30, 31, 32, 33, 34, 35]), calculator=SinglePointCalculator(...))",0.0086,1724181343.0,Tue Aug 20 21:15:43 2024,6.120201528544627,7.495685433967997,23.93399933894733,90.0,CHNi36O,"[FixAtoms(indices=[18, 19, 20, 21, 22, 23, 24, 25, 26, 27, 28, 29, 30, 31, 32, 33, 34, 35])]",,1,1,1.0,36,Ni-slabs,Ni-slabs,/data/Chapter6/Ni-slabs.hdf,189,CO,True,Ni-211-clean-3x3x4,Ni-211-clean-3x3x4,-78.40925744,Ni36,False,ok,1.0,1.0,1.0,-16.56774512999999,0.0,0.0,0.0,0.0,0.0,0.0,0.0,1.0,,,,True,Ni-211-clean-3x3x4,CO_H%COH,2,6,Ni-slabs|Ni-211-clean-3x3x4|CO_H%COH|2,0.9870426500000065,0.9870426500000065
/data/calculations/Ni/slabs/211/clean/3x3x4/copt/CO_H%HCO/1/00,Ni-211-clean-3x3x4-copt-CO_H%HCO-1-00,"['individual_vib.py', 'BCF.dat', 'Ni-211-clean-3x3x4-copt-CO_HCOH-1-00-side.pov', 'INCAR', 'Ni-211-clean-3x3x4-copt-CO_HHCO-2-00-side.ini', 'run.py', 'out.txt', 'gibbs.e', 'OSZICAR', 'POSCAR.xyz', 'individual_vib.txt', 'vib-calc.traj', 'Ni-211-clean-3x3x4-CO_H-1-top.ini', 'vib.37z-.pckl', 'Ni-211-clean-3x3x4-copt-CO_HHCO-1-00-top.ini', 'Ni-211-clean-3x3x4-copt-CO_HCOH-2-00-top.ini', 'final.e', 'ir.37z-.pckl', 'final.traj', 'ir.37y+.pckl', 'ir.37x-.pckl', 'OUTCAR', 'vib.37x-.pckl', 'vib.37y+.pckl', 'individual_vib.xyz', 'tmp.dat2', 'OUTCAR.gz', 'Ni-211-clean-3x3x4-CO_H-1-side.pov', 'Ni-211-clean-3x3x4-copt-CO_HCOH-1-00-top.pov', 'Ni-211-clean-3x3x4-copt-CO_HHCO-2-00-top.pov', 'AVF.dat', 'ACF.dat', 'calc.traj', 'ir.37y-.pckl', 'ir.37x+.pckl', 'CONTCAR', 'vib.37x+.pckl', 'Ni-211-clean-3x3x4-copt-CO_HHCO-1-00-side.ini', 'tmp.dat', 'Ni-211-clean-3x3x4-copt-CO_HCOH-2-00-side.pov', 'vib.37y-.pckl', 'vib.37z+.pckl', 'POSCAR', 'ir.37z+.pckl', 'vib.eq.pckl', 'CO1', '00', 'ir.38z-.pckl', 'Ni-211-clean-3x3x4-copt-CO_HCOH-1-00-side.ini', 'vib.38z-.pckl', 'Ni-211-clean-3x3x4-copt-CO_HHCO-2-00-side.pov', 'vib.38x-.pckl', 'POSCAR.vasp', 'vib.38y+.pckl', 'ir.38y+.pckl', 'BWUNI.sh', 'ir.38x-.pckl', 'vib.36x-.pckl', 'vib.36y+.pckl', 'ir.36y+.pckl', 'IR-BWUNI.sh', 'ir.36x-.pckl', 'vib-BWUNI.sh', 'ir.36z-.pckl', 'ir.xyz', 'Ni-211-clean-3x3x4-CO_H-1-top.pov', 'Ni-211-clean-3x3x4-copt-CO_HHCO-1-00-top.pov', 'vib.36z-.pckl', 'Ni-211-clean-3x3x4-copt-CO_HCOH-2-00-top.pov', 'REPORT', 'vib.38x+.pckl', 'vib.38y-.pckl', 'ir.38y-.pckl', 'Ni-211-clean-3x3x4-copt-CO_HCOH-1-00-top.ini', 'Ni-211-clean-3x3x4-copt-CO_HHCO-2-00-top.ini', 'ir.38x+.pckl', 'vib.py', 'ir.38z+.pckl', 'Ni-211-clean-3x3x4-CO_H-1-side.ini', 'ase-sort.dat', 'KPOINTS', 'vib.xyz', 'vib.38z+.pckl', 'ir.36z+.pckl', 'relax.traj', 'vib.36z+.pckl', 'Ni-211-clean-3x3x4-copt-CO_HHCO-1-00-side.pov', 'vib.36x+.pckl', 'Ni-211-clean-3x3x4-copt-CO_HCOH-2-00-side.ini', 'vib.36y-.pckl', 'vib-Intensity.py', 'ir.36y-.pckl', 'XDATCAR', 'ir.eq.pckl', 'first.traj', 'relax.log', 'ir.36x+.pckl']",-95.96404522,"Atoms(symbols='Ni36OCH', pbc=True, cell=[6.120201528544627, 7.495685433967997, 23.93399933894733], initial_magmoms=..., constraint=FixAtoms(indices=[18, 19, 20, 21, 22, 23, 24, 25, 26, 27, 28, 29, 30, 31, 32, 33, 34, 35]), calculator=SinglePointCalculator(...))",0.0089,1724181343.0,Tue Aug 20 21:15:43 2024,6.120201528544627,7.495685433967997,23.93399933894733,90.0,CHNi36O,"[FixAtoms(indices=[18, 19, 20, 21, 22, 23, 24, 25, 26, 27, 28, 29, 30, 31, 32, 33, 34, 35])]",,1,1,1.0,36,Ni-slabs,Ni-slabs,/data/Chapter6/Ni-slabs.hdf,201,CO,True,Ni-211-clean-3x3x4,Ni-211-clean-3x3x4,-78.40925744,Ni36,False,ok,1.0,1.0,1.0,-17.554787779999998,0.0,0.0,0.0,0.0,0.0,0.0,0.0,1.0,,,,True,Ni-211-clean-3x3x4,CO_H%HCO,1,0,Ni-slabs|Ni-211-clean-3x3x4|CO_H%HCO|1,0.0,0.0
/data/calculations/Ni/slabs/211/clean/3x3x4/copt/CO_H%HCO/1/01,Ni-211-clean-3x3x4-copt-CO_H%HCO-1-01,"['individual_vib.py', 'BCF.dat', 'INCAR', 'run.py', 'out.txt', 'Ni-211-clean-3x3x4-copt-CO_HHCO-1-01-top.ini', 'gibbs.e', 'OSZICAR', 'individual_vib.txt', 'DOS5', 'vib-calc.traj', 'DOS2', 'vib.37z-.pckl', 'final.e', 'DOS13', 'DOS14', 'final.traj', 'DOS22', 'DOS25', 'DOS3', 'DOS4', 'OUTCAR', 'vib.37x-.pckl', 'DOS24', 'DOS23', 'DOS15', 'DOS12', 'vib.37y+.pckl', 'DOS30', 'individual_vib.xyz', 'DOS37', 'DOS39', 'tmp.dat2', 'DOS38', 'AVF.dat', 'DOS36', 'DOS31', 'ACF.dat', 'calc.traj', 'CONTCAR', 'vib.37x+.pckl', 'Ni-211-clean-3x3x4-copt-CO_HHCO-1-01-side.ini', 'tmp.dat', 'vib.37y-.pckl', 'vib.37z+.pckl', 'POSCAR', 'vib.eq.pckl', 'CO1', 'submit.sh', 'Gout.txt', 'Ni-211-clean-3x3x4-copt-CO_HHCO-1-01-top.pov', 'vib.38z-.pckl', 'vib.38x-.pckl', 'vib.38y+.pckl', 'DOS17', 'DOS28', 'DOS10', 'vib.36x-.pckl', 'DOS26', 'DOS19', 'vib.36y+.pckl', 'DOS21', 'DOS1', 'DOS6', 'DOS8', 'DOS20', 'vib-BWUNI.sh', 'DOS27', 'DOS18', 'DOS11', 'DOS16', 'DOS29', 'DOS9', 'DOS7', 'vib.36z-.pckl', 'DOS0', 'REPORT', 'vib-submit.sh', 'vib.38x+.pckl', 'vib.38y-.pckl', 'DOS34', 'DOS33', 'vib.py', 'ase-sort.dat', 'KPOINTS', 'vib.xyz', 'DOS32', 'vib.38z+.pckl', 'DOS35', 'relax.traj', 'vib.36z+.pckl', 'Ni-211-clean-3x3x4-copt-CO_HHCO-1-01-side.pov', 'vib.36x+.pckl', 'vib.36y-.pckl', 'XDATCAR', 'first.traj', 'relax.log']",-95.37733852,"Atoms(symbols='Ni36COH', pbc=True, cell=[6.12020152854463, 7.495685433968, 23.9339993389473], initial_magmoms=..., constraint=[<ase.constraints.FixBondLengths object at 0x7f93d8959190>, FixAtoms(indices=[18, 19, 20, 21, 22, 23, 24, 25, 26, 27, 28, 29, 30, 31, 32, 33, 34, 35])], calculator=SinglePointCalculator(...))",0.0053,1724181343.0,Tue Aug 20 21:15:43 2024,6.12020152854463,7.495685433968,23.9339993389473,90.0,CHNi36O,"[<ase.constraints.FixBondLengths object at 0x7f93d8959190>, FixAtoms(indices=[18, 19, 20, 21, 22, 23, 24, 25, 26, 27, 28, 29, 30, 31, 32, 33, 34, 35])]",,1,1,1.0,36,Ni-slabs,Ni-slabs,/data/Chapter6/Ni-slabs.hdf,202,CO,True,Ni-211-clean-3x3x4,Ni-211-clean-3x3x4,-78.40925744,Ni36,False,ok,1.0,1.0,1.0,-16.96808107999999,0.0,0.0,0.0,0.0,0.0,0.0,0.0,1.0,,,,True,Ni-211-clean-3x3x4,CO_H%HCO,1,1,Ni-slabs|Ni-211-clean-3x3x4|CO_H%HCO|1,0.5867067000000077,0.5867067000000077
/data/calculations/Ni/slabs/211/clean/3x3x4/copt/CO_H%HCO/1/02,Ni-211-clean-3x3x4-copt-CO_H%HCO-1-02,"['BCF.dat', 'INCAR', 'run.py', 'out.txt', 'OSZICAR', 'DOS5', 'DOS2', 'final.e', 'DOS13', 'DOS14', 'final.traj', 'DOS22', 'DOS25', 'DOS3', 'DOS4', 'OUTCAR', 'DOS24', 'DOS23', 'DOS15', 'DOS12', 'Ni-211-clean-3x3x4-copt-CO_HHCO-1-02-top.ini', 'DOS30', 'Ni-211-clean-3x3x4-copt-CO_HHCO-1-02-side.pov', 'DOS37', 'DOS39', 'tmp.dat2', 'DOS38', 'AVF.dat', 'DOS36', 'DOS31', 'ACF.dat', 'calc.traj', 'CONTCAR', 'tmp.dat', 'POSCAR', 'submit.sh', 'DOS17', 'DOS28', 'DOS10', 'DOS26', 'DOS19', 'DOS21', 'DOS1', 'DOS6', 'DOS8', 'DOS20', 'DOS27', 'DOS18', 'DOS11', 'DOS16', 'DOS29', 'DOS9', 'DOS7', 'DOS0', 'REPORT', 'vib-submit.sh', 'DOS34', 'DOS33', 'vib.py', 'ase-sort.dat', 'KPOINTS', 'Ni-211-clean-3x3x4-copt-CO_HHCO-1-02-side.ini', 'Ni-211-clean-3x3x4-copt-CO_HHCO-1-02-top.pov', 'DOS32', 'DOS35', 'relax.traj', 'XDATCAR', 'first.traj', 'relax.log']",-95.18970341,"Atoms(symbols='Ni36COH', pbc=True, cell=[6.12020152854463, 7.495685433968, 23.9339993389473], initial_magmoms=..., constraint=[<ase.constraints.FixBondLengths object at 0x7f93d89408e0>, FixAtoms(indices=[18, 19, 20, 21, 22, 23, 24, 25, 26, 27, 28, 29, 30, 31, 32, 33, 34, 35])], calculator=SinglePointCalculator(...))",0.0062,1724181343.0,Tue Aug 20 21:15:43 2024,6.12020152854463,7.495685433968,23.9339993389473,90.0,CHNi36O,"[<ase.constraints.FixBondLengths object at 0x7f93d89408e0>, FixAtoms(indices=[18, 19, 20, 21, 22, 23, 24, 25, 26, 27, 28, 29, 30, 31, 32, 33, 34, 35])]",,1,1,1.0,36,Ni-slabs,Ni-slabs,/data/Chapter6/Ni-slabs.hdf,200,CO,True,Ni-211-clean-3x3x4,Ni-211-clean-3x3x4,-78.40925744,Ni36,False,ok,1.0,1.0,1.0,-16.780445970000002,0.0,0.0,0.0,0.0,0.0,0.0,0.0,1.0,,,,True,Ni-211-clean-3x3x4,CO_H%HCO,1,2,Ni-slabs|Ni-211-clean-3x3x4|CO_H%HCO|1,0.7743418099999957,0.7743418099999957
/data/calculations/Ni/slabs/211/clean/3x3x4/copt/CO_H%HCO/1/03,Ni-211-clean-3x3x4-copt-CO_H%HCO-1-03,"['BCF.dat', 'INCAR', 'run.py', 'out.txt', 'OSZICAR', 'DOS5', 'DOS2', 'final.e', 'DOS13', 'DOS14', 'final.traj', 'DOS22', 'DOS25', 'DOS3', 'DOS4', 'OUTCAR', 'DOS24', 'DOS23', 'DOS15', 'DOS12', 'DOS30', 'DOS37', 'Ni-211-clean-3x3x4-copt-CO_HHCO-1-03-side.pov', 'DOS39', 'tmp.dat2', 'DOS38', 'AVF.dat', 'DOS36', 'DOS31', 'ACF.dat', 'calc.traj', 'CONTCAR', 'tmp.dat', 'Ni-211-clean-3x3x4-copt-CO_HHCO-1-03-top.ini', 'POSCAR', 'submit.sh', 'DOS17', 'DOS28', 'DOS10', 'DOS26', 'DOS19', 'DOS21', 'DOS1', 'DOS6', 'DOS8', 'DOS20', 'DOS27', 'DOS18', 'DOS11', 'DOS16', 'DOS29', 'DOS9', 'DOS7', 'DOS0', 'REPORT', 'vib-submit.sh', 'DOS34', 'DOS33', 'vib.py', 'ase-sort.dat', 'KPOINTS', 'Ni-211-clean-3x3x4-copt-CO_HHCO-1-03-side.ini', 'DOS32', 'DOS35', 'Ni-211-clean-3x3x4-copt-CO_HHCO-1-03-top.pov', 'relax.traj', 'XDATCAR', 'first.traj', 'relax.log']",-95.06751542,"Atoms(symbols='Ni36COH', pbc=True, cell=[6.12020152854463, 7.495685433968, 23.9339993389473], initial_magmoms=..., constraint=[<ase.constraints.FixBondLengths object at 0x7f93d8922a90>, FixAtoms(indices=[18, 19, 20, 21, 22, 23, 24, 25, 26, 27, 28, 29, 30, 31, 32, 33, 34, 35])], calculator=SinglePointCalculator(...))",0.0065,1724181343.0,Tue Aug 20 21:15:43 2024,6.12020152854463,7.495685433968,23.9339993389473,90.0,CHNi36O,"[<ase.constraints.FixBondLengths object at 0x7f93d8922a90>, FixAtoms(indices=[18, 19, 20, 21, 22, 23, 24, 25, 26, 27, 28, 29, 30, 31, 32, 33, 34, 35])]",,1,1,1.0,36,Ni-slabs,Ni-slabs,/data/Chapter6/Ni-slabs.hdf,197,CO,True,Ni-211-clean-3x3x4,Ni-211-clean-3x3x4,-78.40925744,Ni36,False,ok,1.0,1.0,1.0,-16.658257980000002,0.0,0.0,0.0,0.0,0.0,0.0,0.0,1.0,,,,True,Ni-211-clean-3x3x4,CO_H%HCO,1,3,Ni-slabs|Ni-211-clean-3x3x4|CO_H%HCO|1,0.8965297999999962,0.8965297999999962
/data/calculations/Ni/slabs/211/clean/3x3x4/copt/CO_H%HCO/1/04,Ni-211-clean-3x3x4-copt-CO_H%HCO-1-04,"['BCF.dat', 'INCAR', 'run.py', 'out.txt', 'OSZICAR', 'DOS5', 'Ni-211-clean-3x3x4-copt-CO_HHCO-1-04-side.pov', 'DOS2', 'final.e', 'DOS13', 'DOS14', 'final.traj', 'DOS22', 'DOS25', 'DOS3', 'DOS4', 'OUTCAR', 'DOS24', 'DOS23', 'DOS15', 'DOS12', 'DOS30', 'DOS37', 'DOS39', 'tmp.dat2', 'DOS38', 'AVF.dat', 'DOS36', 'DOS31', 'ACF.dat', 'calc.traj', 'CONTCAR', 'tmp.dat', 'Ni-211-clean-3x3x4-copt-CO_HHCO-1-04-top.pov', 'POSCAR', 'submit.sh', 'DOS17', 'DOS28', 'DOS10', 'DOS26', 'DOS19', 'DOS21', 'DOS1', 'DOS6', 'DOS8', 'DOS20', 'DOS27', 'DOS18', 'DOS11', 'DOS16', 'DOS29', 'DOS9', 'Ni-211-clean-3x3x4-copt-CO_HHCO-1-04-side.ini', 'DOS7', 'DOS0', 'REPORT', 'vib-submit.sh', 'DOS34', 'DOS33', 'vib.py', 'ase-sort.dat', 'KPOINTS', 'DOS32', 'DOS35', 'relax.traj', 'Ni-211-clean-3x3x4-copt-CO_HHCO-1-04-top.ini', 'XDATCAR', 'first.traj', 'relax.log']",-95.01064685,"Atoms(symbols='Ni36COH', pbc=True, cell=[6.12020152854463, 7.495685433968, 23.9339993389473], initial_magmoms=..., constraint=[<ase.constraints.FixBondLengths object at 0x7f93d8922f40>, FixAtoms(indices=[18, 19, 20, 21, 22, 23, 24, 25, 26, 27, 28, 29, 30, 31, 32, 33, 34, 35])], calculator=SinglePointCalculator(...))",0.0091,1724181343.0,Tue Aug 20 21:15:43 2024,6.12020152854463,7.495685433968,23.9339993389473,90.0,CHNi36O,"[<ase.constraints.FixBondLengths object at 0x7f93d8922f40>, FixAtoms(indices=[18, 19, 20, 21, 22, 23, 24, 25, 26, 27, 28, 29, 30, 31, 32, 33, 34, 35])]",,1,1,1.0,36,Ni-slabs,Ni-slabs,/data/Chapter6/Ni-slabs.hdf,198,CO,True,Ni-211-clean-3x3x4,Ni-211-clean-3x3x4,-78.40925744,Ni36,False,ok,1.0,1.0,1.0,-16.601389409999996,0.0,0.0,0.0,0.0,0.0,0.0,0.0,1.0,,,,True,Ni-211-clean-3x3x4,CO_H%HCO,1,4,Ni-slabs|Ni-211-clean-3x3x4|CO_H%HCO|1,0.9533983700000022,0.9533983700000022
/data/calculations/Ni/slabs/211/clean/3x3x4/copt/CO_H%HCO/1/05,Ni-211-clean-3x3x4-copt-CO_H%HCO-1-05,"['individual_vib.py', 'PCDAT', 'BCF.dat', 'vib', 'INCAR', 'run.py', 'out.txt', 'gibbs.e', 'OSZICAR', 'individual_vib.txt', 'DOS5', 'Ni-211-clean-3x3x4-copt-CO_HHCO-1-05-side.pov', 'vib-calc.traj', 'DOS2', 'vib.37z-.pckl', 'final.e', 'DOS13', 'OUTCAR4', 'DOS14', 'final.traj', 'OUTCAR3', 'DOS22', 'DOS25', 'DOS3', 'DOS4', 'OUTCAR', 'vib.37x-.pckl', 'DOS24', 'DOS23', 'DOS15', 'OUTCAR2', 'DOS12', 'vib.37y+.pckl', 'DOS30', 'individual_vib.xyz', 'DOS37', 'DOS39', 'Ni-211-clean-3x3x4-copt-CO_HHCO-1-05-top.pov', 'tmp.dat2', 'DOS38', 'AVF.dat', 'DOS36', 'DOS31', 'ACF.dat', 'calc.traj', 'CONTCAR', 'vib.37x+.pckl', 'tmp.dat', 'vib.37y-.pckl', 'vib.37z+.pckl', 'POSCAR', 'vib.eq.pckl', 'CO1', 'submit.sh', 'vib.38z-.pckl', 'vib.38x-.pckl', 'vib.38y+.pckl', 'DOS17', 'DOS28', 'DOS10', 'relax.traj1', 'vib.36x-.pckl', 'DOS26', 'DOS19', 'vib.36y+.pckl', 'DOS21', 'DOS1', 'DOS6', 'DOS8', 'DOS20', 'vib-BWUNI.sh', 'DOS27', 'DOS18', 'DOS11', 'DOS16', 'DOS29', 'OUTCAR1', 'DOS9', 'Ni-211-clean-3x3x4-copt-CO_HHCO-1-05-side.ini', 'DOS7', 'vib.36z-.pckl', 'DOS0', 'REPORT', 'vib-submit.sh', 'vib.38x+.pckl', 'vib.38y-.pckl', 'DOS34', 'DOS33', 'vib.py', 'ase-sort.dat', 'KPOINTS', 'vib.xyz', 'Ni-211-clean-3x3x4-copt-CO_HHCO-1-05-top.ini', 'DOS32', 'vib.38z+.pckl', 'DOS35', 'relax.traj', 'vib.36z+.pckl', 'vib.36x+.pckl', 'vib.36y-.pckl', 'XDATCAR', 'first.traj', 'relax.log']",-94.75464771,"Atoms(symbols='Ni36COH', pbc=True, cell=[6.12020152854463, 7.495685433968, 23.9339993389473], initial_magmoms=..., constraint=[<ase.constraints.FixBondLengths object at 0x7f93d8940430>, FixAtoms(indices=[18, 19, 20, 21, 22, 23, 24, 25, 26, 27, 28, 29, 30, 31, 32, 33, 34, 35])], calculator=SinglePointCalculator(...))",0.0076,1724252110.0,Wed Aug 21 16:55:10 2024,6.12020152854463,7.495685433968,23.9339993389473,90.0,CHNi36O,"[<ase.constraints.FixBondLengths object at 0x7f93d8940430>, FixAtoms(indices=[18, 19, 20, 21, 22, 23, 24, 25, 26, 27, 28, 29, 30, 31, 32, 33, 34, 35])]",,1,1,1.0,36,Ni-slabs,Ni-slabs,/data/Chapter6/Ni-slabs.hdf,199,CO,True,Ni-211-clean-3x3x4,Ni-211-clean-3x3x4,-78.40925744,Ni36,False,ok,1.0,1.0,1.0,-16.345390269999996,0.0,0.0,0.0,0.0,0.0,0.0,0.0,1.0,,,,True,Ni-211-clean-3x3x4,CO_H%HCO,1,5,Ni-slabs|Ni-211-clean-3x3x4|CO_H%HCO|1,1.2093975100000023,1.2093975100000023
/data/calculations/Ni/slabs/211/clean/3x3x4/copt/CO_H%HCO/1/06,Ni-211-clean-3x3x4-copt-CO_H%HCO-1-06,"['individual_vib.py', 'Ni-211-clean-3x3x4-copt-CO_HHCO-1-06-side.ini', 'Ni-211-clean-3x3x4-copt-CO_HHCO-1-06-top.pov', 'BCF.dat', 'INCAR', 'run.py', 'out.txt', 'gibbs.e', 'OSZICAR', 'individual_vib.txt', 'vib-calc.traj', 'vib.37z-.pckl', 'final.e', 'ir.37z-.pckl', 'relax.traj2', 'final.traj', 'ir.37y+.pckl', 'ir.37x-.pckl', 'Ni-211-clean-3x3x4-copt-HCOHC_O-1-00-top.pov', 'OUTCAR', 'vib.37x-.pckl', 'Ni-211-clean-3x3x4-copt-HCOHC_O-1-00-side.pov', 'OUTCAR2', 'vib.37y+.pckl', 'individual_vib.xyz', 'tmp.dat2', 'AVF.dat', 'ACF.dat', 'calc.traj', 'ir.37y-.pckl', 'ir.37x+.pckl', 'CONTCAR', 'Ni-211-clean-3x3x4-copt-CO_HHCO-2-06-top.ini', 'vib.37x+.pckl', 'tmp.dat', 'vib.37y-.pckl', 'vib.37z+.pckl', 'Ni-211-clean-3x3x4-copt-CO_HHCO-2-06-side.ini', 'POSCAR', 'ir.37z+.pckl', 'Ni-211-clean-3x3x4-HCO-AA-2-top.pov', 'vib.eq.pckl', 'CO1', 'Ni-211-clean-3x3x4-HCO-AA-2-side.ini', 'ir.38z-.pckl', 'Ni-211-clean-3x3x4-copt-CO_HHCO-1-06-top.ini', 'vib.38z-.pckl', 'Ni-211-clean-3x3x4-copt-CO_HHCO-1-06-side.pov', 'vib.38x-.pckl', 'spliced.traj', 'vib.38y+.pckl', 'ir.38y+.pckl', 'BWUNI.sh', 'ir.38x-.pckl', 'Ni-211-clean-3x3x4-copt-HCOHC_O-1-00-side.ini', 'relax.traj1', 'vib.36x-.pckl', 'vib.36y+.pckl', 'ir.36y+.pckl', 'IR-BWUNI.sh', 'Ni-211-clean-3x3x4-copt-HCOHC_O-1-00-top.ini', 'ir.36x-.pckl', 'vib-BWUNI.sh', 'ir.36z-.pckl', 'ir.xyz', 'OUTCAR1', 'vib.36z-.pckl', 'REPORT', 'vib.38x+.pckl', 'vib.38y-.pckl', 'ir.38y-.pckl', 'ir.38x+.pckl', 'vib.py', 'ir.38z+.pckl', 'ase-sort.dat', 'KPOINTS', 'vib.xyz', 'vib.38z+.pckl', 'ir.36z+.pckl', 'Ni-211-clean-3x3x4-HCO-AA-2-side.pov', 'Ni-211-clean-3x3x4-HCO-AA-2-top.ini', 'relax.traj', 'Ni-211-clean-3x3x4-copt-CO_HHCO-2-06-side.pov', 'vib.36z+.pckl', 'vib.36x+.pckl', 'vib.36y-.pckl', 'vib-Intensity.py', 'ir.36y-.pckl', 'XDATCAR', 'ir.eq.pckl', 'first.traj', 'relax.log', 'Ni-211-clean-3x3x4-copt-CO_HHCO-2-06-top.pov', 'ir.36x+.pckl']",-95.01100273,"Atoms(symbols='Ni36COH', pbc=True, cell=[6.12020152854463, 7.495685433968, 23.9339993389473], constraint=FixAtoms(indices=[18, 19, 20, 21, 22, 23, 24, 25, 26, 27, 28, 29, 30, 31, 32, 33, 34, 35]), calculator=SinglePointCalculator(...))",0.0076,1724181343.0,Tue Aug 20 21:15:43 2024,6.12020152854463,7.495685433968,23.9339993389473,90.0,CHNi36O,"[FixAtoms(indices=[18, 19, 20, 21, 22, 23, 24, 25, 26, 27, 28, 29, 30, 31, 32, 33, 34, 35])]",,1,1,1.0,36,Ni-slabs,Ni-slabs,/data/Chapter6/Ni-slabs.hdf,203,CO,True,Ni-211-clean-3x3x4,Ni-211-clean-3x3x4,-78.40925744,Ni36,False,ok,1.0,1.0,1.0,-16.601745289999997,0.0,0.0,0.0,0.0,0.0,0.0,0.0,1.0,,,,True,Ni-211-clean-3x3x4,CO_H%HCO,1,6,Ni-slabs|Ni-211-clean-3x3x4|CO_H%HCO|1,0.9530424900000014,0.9530424900000014
/data/calculations/Ni/slabs/211/clean/3x3x4/copt/CO_H%HCO/2/00,Ni-211-clean-3x3x4-copt-CO_H%HCO-2-00,"['individual_vib.py', 'BCF.dat', 'Ni-211-clean-3x3x4-copt-CO_HCOH-1-00-side.pov', 'INCAR', 'Ni-211-clean-3x3x4-copt-CO_HHCO-2-00-side.ini', 'run.py', 'out.txt', 'gibbs.e', 'OSZICAR', 'POSCAR.xyz', 'individual_vib.txt', 'vib-calc.traj', 'Ni-211-clean-3x3x4-CO_H-1-top.ini', 'vib.37z-.pckl', 'Ni-211-clean-3x3x4-copt-CO_HHCO-1-00-top.ini', 'Ni-211-clean-3x3x4-copt-CO_HCOH-2-00-top.ini', 'final.e', 'ir.37z-.pckl', 'final.traj', 'ir.37y+.pckl', 'ir.37x-.pckl', 'OUTCAR', 'vib.37x-.pckl', 'vib.37y+.pckl', 'individual_vib.xyz', 'tmp.dat2', 'OUTCAR.gz', 'Ni-211-clean-3x3x4-CO_H-1-side.pov', 'Ni-211-clean-3x3x4-copt-CO_HCOH-1-00-top.pov', 'Ni-211-clean-3x3x4-copt-CO_HHCO-2-00-top.pov', 'AVF.dat', 'ACF.dat', 'calc.traj', 'ir.37y-.pckl', 'ir.37x+.pckl', 'CONTCAR', 'vib.37x+.pckl', 'Ni-211-clean-3x3x4-copt-CO_HHCO-1-00-side.ini', 'tmp.dat', 'Ni-211-clean-3x3x4-copt-CO_HCOH-2-00-side.pov', 'vib.37y-.pckl', 'vib.37z+.pckl', 'POSCAR', 'ir.37z+.pckl', 'vib.eq.pckl', 'CO1', '00', 'ir.38z-.pckl', 'Ni-211-clean-3x3x4-copt-CO_HCOH-1-00-side.ini', 'vib.38z-.pckl', 'Ni-211-clean-3x3x4-copt-CO_HHCO-2-00-side.pov', 'vib.38x-.pckl', 'POSCAR.vasp', 'vib.38y+.pckl', 'ir.38y+.pckl', 'BWUNI.sh', 'ir.38x-.pckl', 'vib.36x-.pckl', 'vib.36y+.pckl', 'ir.36y+.pckl', 'IR-BWUNI.sh', 'ir.36x-.pckl', 'vib-BWUNI.sh', 'ir.36z-.pckl', 'ir.xyz', 'Ni-211-clean-3x3x4-CO_H-1-top.pov', 'Ni-211-clean-3x3x4-copt-CO_HHCO-1-00-top.pov', 'vib.36z-.pckl', 'Ni-211-clean-3x3x4-copt-CO_HCOH-2-00-top.pov', 'REPORT', 'vib.38x+.pckl', 'vib.38y-.pckl', 'ir.38y-.pckl', 'Ni-211-clean-3x3x4-copt-CO_HCOH-1-00-top.ini', 'Ni-211-clean-3x3x4-copt-CO_HHCO-2-00-top.ini', 'ir.38x+.pckl', 'vib.py', 'ir.38z+.pckl', 'Ni-211-clean-3x3x4-CO_H-1-side.ini', 'ase-sort.dat', 'KPOINTS', 'vib.xyz', 'vib.38z+.pckl', 'ir.36z+.pckl', 'relax.traj', 'vib.36z+.pckl', 'Ni-211-clean-3x3x4-copt-CO_HHCO-1-00-side.pov', 'vib.36x+.pckl', 'Ni-211-clean-3x3x4-copt-CO_HCOH-2-00-side.ini', 'vib.36y-.pckl', 'vib-Intensity.py', 'ir.36y-.pckl', 'XDATCAR', 'ir.eq.pckl', 'first.traj', 'relax.log', 'ir.36x+.pckl']",-95.96404522,"Atoms(symbols='Ni36OCH', pbc=True, cell=[6.120201528544627, 7.495685433967997, 23.93399933894733], initial_magmoms=..., constraint=FixAtoms(indices=[18, 19, 20, 21, 22, 23, 24, 25, 26, 27, 28, 29, 30, 31, 32, 33, 34, 35]), calculator=SinglePointCalculator(...))",0.0089,1724181343.0,Tue Aug 20 21:15:43 2024,6.120201528544627,7.495685433967997,23.93399933894733,90.0,CHNi36O,"[FixAtoms(indices=[18, 19, 20, 21, 22, 23, 24, 25, 26, 27, 28, 29, 30, 31, 32, 33, 34, 35])]",,1,1,1.0,36,Ni-slabs,Ni-slabs,/data/Chapter6/Ni-slabs.hdf,209,CO,True,Ni-211-clean-3x3x4,Ni-211-clean-3x3x4,-78.40925744,Ni36,False,ok,1.0,1.0,1.0,-17.554787779999998,0.0,0.0,0.0,0.0,0.0,0.0,0.0,1.0,,,,True,Ni-211-clean-3x3x4,CO_H%HCO,2,0,Ni-slabs|Ni-211-clean-3x3x4|CO_H%HCO|2,0.0,0.0
/data/calculations/Ni/slabs/211/clean/3x3x4/copt/CO_H%HCO/2/01,Ni-211-clean-3x3x4-copt-CO_H%HCO-2-01,"['BCF.dat', 'INCAR', 'Ni-211-clean-3x3x4-copt-CO_HHCO-2-01-side.ini', 'run.py', 'out.txt', 'Ni-211-clean-3x3x4-copt-CO_HHCO-1-01-top.ini', 'OSZICAR', 'DOS5', 'DOS2', 'final.e', 'DOS13', 'DOS14', 'final.traj', 'DOS22', 'DOS25', 'DOS3', 'DOS4', 'OUTCAR', 'DOS24', 'DOS23', 'DOS15', 'DOS12', 'DOS30', 'DOS37', 'DOS39', 'tmp.dat2', 'DOS38', 'AVF.dat', 'DOS36', 'DOS31', 'ACF.dat', 'Ni-211-clean-3x3x4-copt-CO_HHCO-2-01-top.pov', 'calc.traj', 'CONTCAR', 'Ni-211-clean-3x3x4-copt-CO_HHCO-1-01-side.ini', 'tmp.dat', 'POSCAR', 'submit.sh', 'Ni-211-clean-3x3x4-copt-CO_HHCO-1-01-top.pov', 'Ni-211-clean-3x3x4-copt-CO_HHCO-2-01-side.pov', 'DOS17', 'DOS28', 'DOS10', 'DOS26', 'DOS19', 'DOS21', 'DOS1', 'DOS6', 'DOS8', 'DOS20', 'DOS27', 'DOS18', 'DOS11', 'DOS16', 'DOS29', 'DOS9', 'DOS7', 'DOS0', 'REPORT', 'vib-submit.sh', 'DOS34', 'DOS33', 'vib.py', 'ase-sort.dat', 'KPOINTS', 'DOS32', 'DOS35', 'relax.traj', 'Ni-211-clean-3x3x4-copt-CO_HHCO-1-01-side.pov', 'XDATCAR', 'Ni-211-clean-3x3x4-copt-CO_HHCO-2-01-top.ini', 'first.traj', 'relax.log']",-95.37733852,"Atoms(symbols='Ni36COH', pbc=True, cell=[6.12020152854463, 7.495685433968, 23.9339993389473], initial_magmoms=..., constraint=[<ase.constraints.FixBondLengths object at 0x7f93d8993190>, FixAtoms(indices=[18, 19, 20, 21, 22, 23, 24, 25, 26, 27, 28, 29, 30, 31, 32, 33, 34, 35])], calculator=SinglePointCalculator(...))",0.0053,1724251946.0,Wed Aug 21 16:52:26 2024,6.12020152854463,7.495685433968,23.9339993389473,90.0,CHNi36O,"[<ase.constraints.FixBondLengths object at 0x7f93d8993190>, FixAtoms(indices=[18, 19, 20, 21, 22, 23, 24, 25, 26, 27, 28, 29, 30, 31, 32, 33, 34, 35])]",,1,1,1.0,36,Ni-slabs,Ni-slabs,/data/Chapter6/Ni-slabs.hdf,210,CO,True,Ni-211-clean-3x3x4,Ni-211-clean-3x3x4,-78.40925744,Ni36,False,ok,1.0,1.0,1.0,-16.96808107999999,0.0,0.0,0.0,0.0,0.0,0.0,0.0,1.0,,,,True,Ni-211-clean-3x3x4,CO_H%HCO,2,1,Ni-slabs|Ni-211-clean-3x3x4|CO_H%HCO|2,0.5867067000000077,0.5867067000000077
/data/calculations/Ni/slabs/211/clean/3x3x4/copt/CO_H%HCO/2/02,Ni-211-clean-3x3x4-copt-CO_H%HCO-2-02,"['BCF.dat', 'INCAR', 'run.py', 'out.txt', 'OSZICAR', 'DOS5', 'DOS2', 'final.e', 'DOS13', 'DOS14', 'final.traj', 'DOS22', 'DOS25', 'DOS3', 'DOS4', 'OUTCAR', 'Ni-211-clean-3x3x4-copt-CO_HHCO-2-02-top.pov', 'DOS24', 'DOS23', 'DOS15', 'Ni-211-clean-3x3x4-copt-CO_HHCO-2-02-side.pov', 'DOS12', 'Ni-211-clean-3x3x4-copt-CO_HHCO-1-02-top.ini', 'DOS30', 'Ni-211-clean-3x3x4-copt-CO_HHCO-1-02-side.pov', 'DOS37', 'DOS39', 'tmp.dat2', 'DOS38', 'AVF.dat', 'DOS36', 'DOS31', 'ACF.dat', 'calc.traj', 'CONTCAR', 'tmp.dat', 'POSCAR', 'submit.sh', 'DOS17', 'DOS28', 'DOS10', 'DOS26', 'DOS19', 'Ni-211-clean-3x3x4-copt-CO_HHCO-2-02-side.ini', 'DOS21', 'DOS1', 'DOS6', 'Ni-211-clean-3x3x4-copt-CO_HHCO-2-02-top.ini', 'DOS8', 'DOS20', 'DOS27', 'DOS18', 'DOS11', 'DOS16', 'DOS29', 'DOS9', 'DOS7', 'DOS0', 'REPORT', 'vib-submit.sh', 'DOS34', 'DOS33', 'vib.py', 'ase-sort.dat', 'KPOINTS', 'Ni-211-clean-3x3x4-copt-CO_HHCO-1-02-side.ini', 'Ni-211-clean-3x3x4-copt-CO_HHCO-1-02-top.pov', 'DOS32', 'DOS35', 'relax.traj', 'XDATCAR', 'first.traj', 'relax.log']",-95.18970341,"Atoms(symbols='Ni36COH', pbc=True, cell=[6.12020152854463, 7.495685433968, 23.9339993389473], initial_magmoms=..., constraint=[<ase.constraints.FixBondLengths object at 0x7f93d89778e0>, FixAtoms(indices=[18, 19, 20, 21, 22, 23, 24, 25, 26, 27, 28, 29, 30, 31, 32, 33, 34, 35])], calculator=SinglePointCalculator(...))",0.0062,1724251946.0,Wed Aug 21 16:52:26 2024,6.12020152854463,7.495685433968,23.9339993389473,90.0,CHNi36O,"[<ase.constraints.FixBondLengths object at 0x7f93d89778e0>, FixAtoms(indices=[18, 19, 20, 21, 22, 23, 24, 25, 26, 27, 28, 29, 30, 31, 32, 33, 34, 35])]",,1,1,1.0,36,Ni-slabs,Ni-slabs,/data/Chapter6/Ni-slabs.hdf,208,CO,True,Ni-211-clean-3x3x4,Ni-211-clean-3x3x4,-78.40925744,Ni36,False,ok,1.0,1.0,1.0,-16.780445970000002,0.0,0.0,0.0,0.0,0.0,0.0,0.0,1.0,,,,True,Ni-211-clean-3x3x4,CO_H%HCO,2,2,Ni-slabs|Ni-211-clean-3x3x4|CO_H%HCO|2,0.7743418099999957,0.7743418099999957
/data/calculations/Ni/slabs/211/clean/3x3x4/copt/CO_H%HCO/2/03,Ni-211-clean-3x3x4-copt-CO_H%HCO-2-03,"['Ni-211-clean-3x3x4-copt-CO_HHCO-2-03-top.pov', 'BCF.dat', 'INCAR', 'run.py', 'out.txt', 'OSZICAR', 'DOS5', 'DOS2', 'final.e', 'DOS13', 'DOS14', 'final.traj', 'DOS22', 'DOS25', 'DOS3', 'DOS4', 'OUTCAR', 'DOS24', 'DOS23', 'DOS15', 'Ni-211-clean-3x3x4-copt-CO_HHCO-2-03-side.pov', 'DOS12', 'DOS30', 'DOS37', 'Ni-211-clean-3x3x4-copt-CO_HHCO-1-03-side.pov', 'DOS39', 'tmp.dat2', 'DOS38', 'AVF.dat', 'DOS36', 'DOS31', 'ACF.dat', 'calc.traj', 'CONTCAR', 'tmp.dat', 'Ni-211-clean-3x3x4-copt-CO_HHCO-1-03-top.ini', 'POSCAR', 'submit.sh', 'Ni-211-clean-3x3x4-copt-CO_HHCO-2-03-top.ini', 'DOS17', 'DOS28', 'DOS10', 'DOS26', 'DOS19', 'Ni-211-clean-3x3x4-copt-CO_HHCO-2-03-side.ini', 'DOS21', 'DOS1', 'DOS6', 'DOS8', 'DOS20', 'DOS27', 'DOS18', 'DOS11', 'DOS16', 'DOS29', 'DOS9', 'DOS7', 'DOS0', 'REPORT', 'vib-submit.sh', 'DOS34', 'DOS33', 'vib.py', 'ase-sort.dat', 'KPOINTS', 'Ni-211-clean-3x3x4-copt-CO_HHCO-1-03-side.ini', 'DOS32', 'DOS35', 'Ni-211-clean-3x3x4-copt-CO_HHCO-1-03-top.pov', 'relax.traj', 'XDATCAR', 'first.traj', 'relax.log']",-95.06751542,"Atoms(symbols='Ni36COH', pbc=True, cell=[6.12020152854463, 7.495685433968, 23.9339993389473], initial_magmoms=..., constraint=[<ase.constraints.FixBondLengths object at 0x7f93d8959a90>, FixAtoms(indices=[18, 19, 20, 21, 22, 23, 24, 25, 26, 27, 28, 29, 30, 31, 32, 33, 34, 35])], calculator=SinglePointCalculator(...))",0.0065,1724251946.0,Wed Aug 21 16:52:26 2024,6.12020152854463,7.495685433968,23.9339993389473,90.0,CHNi36O,"[<ase.constraints.FixBondLengths object at 0x7f93d8959a90>, FixAtoms(indices=[18, 19, 20, 21, 22, 23, 24, 25, 26, 27, 28, 29, 30, 31, 32, 33, 34, 35])]",,1,1,1.0,36,Ni-slabs,Ni-slabs,/data/Chapter6/Ni-slabs.hdf,205,CO,True,Ni-211-clean-3x3x4,Ni-211-clean-3x3x4,-78.40925744,Ni36,False,ok,1.0,1.0,1.0,-16.658257980000002,0.0,0.0,0.0,0.0,0.0,0.0,0.0,1.0,,,,True,Ni-211-clean-3x3x4,CO_H%HCO,2,3,Ni-slabs|Ni-211-clean-3x3x4|CO_H%HCO|2,0.8965297999999962,0.8965297999999962
/data/calculations/Ni/slabs/211/clean/3x3x4/copt/CO_H%HCO/2/04,Ni-211-clean-3x3x4-copt-CO_H%HCO-2-04,"['Ni-211-clean-3x3x4-copt-CO_HHCO-2-04-top.ini', 'individual_vib.py', 'BCF.dat', 'INCAR', 'run.py', 'out.txt', 'gibbs.e', 'OSZICAR', 'individual_vib.txt', 'DOS5', 'vib-calc.traj', 'Ni-211-clean-3x3x4-copt-CO_HHCO-1-04-side.pov', 'DOS2', 'vib.37z-.pckl', 'final.e', 'DOS13', 'DOS14', 'final.traj', 'DOS22', 'DOS25', 'DOS3', 'DOS4', 'OUTCAR', 'vib.37x-.pckl', 'DOS24', 'DOS23', 'DOS15', 'DOS12', 'vib.37y+.pckl', 'DOS30', 'individual_vib.xyz', 'DOS37', 'DOS39', 'tmp.dat2', 'DOS38', 'AVF.dat', 'DOS36', 'DOS31', 'ACF.dat', 'Ni-211-clean-3x3x4-copt-CO_HHCO-2-04-side.pov', 'calc.traj', 'CONTCAR', 'vib.37x+.pckl', 'tmp.dat', 'vib.37y-.pckl', 'vib.37z+.pckl', 'Ni-211-clean-3x3x4-copt-CO_HHCO-1-04-top.pov', 'POSCAR', 'vib.eq.pckl', 'CO1', 'submit.sh', 'vib.38z-.pckl', 'vib.38x-.pckl', 'vib.38y+.pckl', 'Ni-211-clean-3x3x4-copt-CO_HHCO-2-04-top.pov', 'DOS17', 'DOS28', 'DOS10', 'vib.36x-.pckl', 'DOS26', 'DOS19', 'vib.36y+.pckl', 'DOS21', 'DOS1', 'DOS6', 'DOS8', 'DOS20', 'vib-BWUNI.sh', 'DOS27', 'DOS18', 'DOS11', 'DOS16', 'DOS29', 'DOS9', 'Ni-211-clean-3x3x4-copt-CO_HHCO-1-04-side.ini', 'DOS7', 'vib.36z-.pckl', 'DOS0', 'REPORT', 'vib-submit.sh', 'vib.38x+.pckl', 'vib.38y-.pckl', 'Ni-211-clean-3x3x4-copt-CO_HHCO-2-04-side.ini', 'DOS34', 'DOS33', 'vib.py', 'ase-sort.dat', 'KPOINTS', 'vib.xyz', 'DOS32', 'vib.38z+.pckl', 'DOS35', 'relax.traj', 'vib.36z+.pckl', 'Ni-211-clean-3x3x4-copt-CO_HHCO-1-04-top.ini', 'vib.36x+.pckl', 'vib.36y-.pckl', 'XDATCAR', 'first.traj', 'relax.log']",-95.01064685,"Atoms(symbols='Ni36COH', pbc=True, cell=[6.12020152854463, 7.495685433968, 23.9339993389473], initial_magmoms=..., constraint=[<ase.constraints.FixBondLengths object at 0x7f93d8959f40>, FixAtoms(indices=[18, 19, 20, 21, 22, 23, 24, 25, 26, 27, 28, 29, 30, 31, 32, 33, 34, 35])], calculator=SinglePointCalculator(...))",0.0091,1724251946.0,Wed Aug 21 16:52:26 2024,6.12020152854463,7.495685433968,23.9339993389473,90.0,CHNi36O,"[<ase.constraints.FixBondLengths object at 0x7f93d8959f40>, FixAtoms(indices=[18, 19, 20, 21, 22, 23, 24, 25, 26, 27, 28, 29, 30, 31, 32, 33, 34, 35])]",,1,1,1.0,36,Ni-slabs,Ni-slabs,/data/Chapter6/Ni-slabs.hdf,206,CO,True,Ni-211-clean-3x3x4,Ni-211-clean-3x3x4,-78.40925744,Ni36,False,ok,1.0,1.0,1.0,-16.601389409999996,0.0,0.0,0.0,0.0,0.0,0.0,0.0,1.0,,,,True,Ni-211-clean-3x3x4,CO_H%HCO,2,4,Ni-slabs|Ni-211-clean-3x3x4|CO_H%HCO|2,0.9533983700000022,0.9533983700000022
/data/calculations/Ni/slabs/211/clean/3x3x4/copt/CO_H%HCO/2/05,Ni-211-clean-3x3x4-copt-CO_H%HCO-2-05,"['individual_vib.py', 'BCF.dat', 'vib', 'INCAR', 'run.py', 'out.txt', 'gibbs.e', 'OSZICAR', 'individual_vib.txt', 'DOS5', 'vib-calc.traj', 'DOS2', 'vib.37z-.pckl', 'final.e', 'DOS13', 'DOS14', 'final.traj', 'DOS22', 'DOS25', 'Ni-211-clean-3x3x4-copt-CO_HHCO-2-05-top.ini', 'DOS3', 'DOS4', 'OUTCAR', 'vib.37x-.pckl', 'DOS24', 'DOS23', 'DOS15', 'DOS12', 'vib.37y+.pckl', 'DOS30', 'individual_vib.xyz', 'DOS37', 'DOS39', 'tmp.dat2', 'DOS38', 'AVF.dat', 'DOS36', 'DOS31', 'ACF.dat', 'Ni-211-clean-3x3x4-copt-CO_HHCO-2-05-side.pov', 'calc.traj', 'CONTCAR', 'vib.37x+.pckl', 'tmp.dat', 'vib.37y-.pckl', 'vib.37z+.pckl', 'POSCAR', 'vib.eq.pckl', 'CO1', 'submit.sh', 'Gout.txt', 'vib.38z-.pckl', 'vib.38x-.pckl', 'vib.38y+.pckl', 'DOS17', 'DOS28', 'DOS10', 'vib.36x-.pckl', 'DOS26', 'DOS19', 'vib.36y+.pckl', 'DOS21', 'DOS1', 'DOS6', 'Ni-211-clean-3x3x4-copt-CO_HHCO-2-05-top.pov', 'DOS8', 'DOS20', 'vib-BWUNI.sh', 'DOS27', 'DOS18', 'DOS11', 'DOS16', 'DOS29', 'DOS9', 'DOS7', 'vib.36z-.pckl', 'DOS0', 'REPORT', 'vib-submit.sh', 'vib.38x+.pckl', 'vib.38y-.pckl', 'Ni-211-clean-3x3x4-copt-CO_HHCO-2-05-side.ini', 'DOS34', 'DOS33', 'vib.py', 'ase-sort.dat', 'KPOINTS', 'vib.xyz', 'DOS32', 'vib.38z+.pckl', 'DOS35', 'relax.traj', 'vib.36z+.pckl', 'vib.36x+.pckl', 'vib.36y-.pckl', 'XDATCAR', 'first.traj', 'relax.log']",-94.98050125,"Atoms(symbols='Ni36COH', pbc=True, cell=[6.12020152854463, 7.495685433968, 23.9339993389473], initial_magmoms=..., constraint=[<ase.constraints.FixBondLengths object at 0x7f93d8977430>, FixAtoms(indices=[18, 19, 20, 21, 22, 23, 24, 25, 26, 27, 28, 29, 30, 31, 32, 33, 34, 35])], calculator=SinglePointCalculator(...))",0.0073,1724252110.0,Wed Aug 21 16:55:10 2024,6.12020152854463,7.495685433968,23.9339993389473,90.0,CHNi36O,"[<ase.constraints.FixBondLengths object at 0x7f93d8977430>, FixAtoms(indices=[18, 19, 20, 21, 22, 23, 24, 25, 26, 27, 28, 29, 30, 31, 32, 33, 34, 35])]",,1,1,1.0,36,Ni-slabs,Ni-slabs,/data/Chapter6/Ni-slabs.hdf,207,CO,True,Ni-211-clean-3x3x4,Ni-211-clean-3x3x4,-78.40925744,Ni36,False,ok,1.0,1.0,1.0,-16.57124381,0.0,0.0,0.0,0.0,0.0,0.0,0.0,1.0,,,,True,Ni-211-clean-3x3x4,CO_H%HCO,2,5,Ni-slabs|Ni-211-clean-3x3x4|CO_H%HCO|2,0.9835439699999995,0.9835439699999995
/data/calculations/Ni/slabs/211/clean/3x3x4/copt/CO_H%HCO/2/06,Ni-211-clean-3x3x4-copt-CO_H%HCO-2-06,"['individual_vib.py', 'Ni-211-clean-3x3x4-copt-CO_HHCO-1-06-side.ini', 'Ni-211-clean-3x3x4-copt-CO_HHCO-1-06-top.pov', 'BCF.dat', 'INCAR', 'run.py', 'out.txt', 'gibbs.e', 'OSZICAR', 'individual_vib.txt', 'vib-calc.traj', 'vib.37z-.pckl', 'final.e', 'ir.37z-.pckl', 'relax.traj2', 'final.traj', 'ir.37y+.pckl', 'ir.37x-.pckl', 'Ni-211-clean-3x3x4-copt-HCOHC_O-1-00-top.pov', 'OUTCAR', 'vib.37x-.pckl', 'Ni-211-clean-3x3x4-copt-HCOHC_O-1-00-side.pov', 'OUTCAR2', 'vib.37y+.pckl', 'individual_vib.xyz', 'tmp.dat2', 'AVF.dat', 'ACF.dat', 'calc.traj', 'ir.37y-.pckl', 'ir.37x+.pckl', 'CONTCAR', 'Ni-211-clean-3x3x4-copt-CO_HHCO-2-06-top.ini', 'vib.37x+.pckl', 'tmp.dat', 'vib.37y-.pckl', 'vib.37z+.pckl', 'Ni-211-clean-3x3x4-copt-CO_HHCO-2-06-side.ini', 'POSCAR', 'ir.37z+.pckl', 'Ni-211-clean-3x3x4-HCO-AA-2-top.pov', 'vib.eq.pckl', 'CO1', 'Ni-211-clean-3x3x4-HCO-AA-2-side.ini', 'ir.38z-.pckl', 'Ni-211-clean-3x3x4-copt-CO_HHCO-1-06-top.ini', 'vib.38z-.pckl', 'Ni-211-clean-3x3x4-copt-CO_HHCO-1-06-side.pov', 'vib.38x-.pckl', 'spliced.traj', 'vib.38y+.pckl', 'ir.38y+.pckl', 'BWUNI.sh', 'ir.38x-.pckl', 'Ni-211-clean-3x3x4-copt-HCOHC_O-1-00-side.ini', 'relax.traj1', 'vib.36x-.pckl', 'vib.36y+.pckl', 'ir.36y+.pckl', 'IR-BWUNI.sh', 'Ni-211-clean-3x3x4-copt-HCOHC_O-1-00-top.ini', 'ir.36x-.pckl', 'vib-BWUNI.sh', 'ir.36z-.pckl', 'ir.xyz', 'OUTCAR1', 'vib.36z-.pckl', 'REPORT', 'vib.38x+.pckl', 'vib.38y-.pckl', 'ir.38y-.pckl', 'ir.38x+.pckl', 'vib.py', 'ir.38z+.pckl', 'ase-sort.dat', 'KPOINTS', 'vib.xyz', 'vib.38z+.pckl', 'ir.36z+.pckl', 'Ni-211-clean-3x3x4-HCO-AA-2-side.pov', 'Ni-211-clean-3x3x4-HCO-AA-2-top.ini', 'relax.traj', 'Ni-211-clean-3x3x4-copt-CO_HHCO-2-06-side.pov', 'vib.36z+.pckl', 'vib.36x+.pckl', 'vib.36y-.pckl', 'vib-Intensity.py', 'ir.36y-.pckl', 'XDATCAR', 'ir.eq.pckl', 'first.traj', 'relax.log', 'Ni-211-clean-3x3x4-copt-CO_HHCO-2-06-top.pov', 'ir.36x+.pckl']",-95.01100273,"Atoms(symbols='Ni36COH', pbc=True, cell=[6.12020152854463, 7.495685433968, 23.9339993389473], constraint=FixAtoms(indices=[18, 19, 20, 21, 22, 23, 24, 25, 26, 27, 28, 29, 30, 31, 32, 33, 34, 35]), calculator=SinglePointCalculator(...))",0.0076,1724181343.0,Tue Aug 20 21:15:43 2024,6.12020152854463,7.495685433968,23.9339993389473,90.0,CHNi36O,"[FixAtoms(indices=[18, 19, 20, 21, 22, 23, 24, 25, 26, 27, 28, 29, 30, 31, 32, 33, 34, 35])]",,1,1,1.0,36,Ni-slabs,Ni-slabs,/data/Chapter6/Ni-slabs.hdf,211,CO,True,Ni-211-clean-3x3x4,Ni-211-clean-3x3x4,-78.40925744,Ni36,False,ok,1.0,1.0,1.0,-16.601745289999997,0.0,0.0,0.0,0.0,0.0,0.0,0.0,1.0,,,,True,Ni-211-clean-3x3x4,CO_H%HCO,2,6,Ni-slabs|Ni-211-clean-3x3x4|CO_H%HCO|2,0.9530424900000014,0.9530424900000014
/data/calculations/Ni/slabs/211/clean/3x3x4/copt/H2CO%H2C_O/1/00,Ni-211-clean-3x3x4-copt-H2CO%H2C_O-1-00,"['Ni-211-clean-3x3x4-copt-HCO_HH2CO-1-06-top.ini', 'vib.39x-.pckl', 'vib.39y+.pckl', 'BCF.dat', 'INCAR', 'vib.39z-.pckl', 'run.py', 'out.txt', 'gibbs.e', 'OSZICAR', 'vib.37z-.pckl', 'Ni-211-clean-3x3x4-H2CO-AA-side.ini', 'final.e', 'final.traj', 'OUTCAR', 'vib.37x-.pckl', 'vasprun.xml', 'vib.37y+.pckl', 'Ni-211-clean-3x3x4-copt-H2COH2C_O-1-00-top.pov', 'vib.39z+.pckl', 'AVF.dat', 'Ni-211-clean-3x3x4-copt-H2COH2C_O-1-00-side.ini', 'vib.39x+.pckl', 'ACF.dat', 'vib.39y-.pckl', 'CONTCAR', 'vib.37x+.pckl', 'Ni-211-clean-3x3x4-copt-HCO_HH2CO-1-06-side.pov', 'vib.37y-.pckl', 'vib.37z+.pckl', 'Ni-211-clean-3x3x4-H2CO-AA-top.ini', 'POSCAR', 'vib.eq.pckl', 'submit.sh', 'vib.38z-.pckl', 'vib.38x-.pckl', 'vib.38y+.pckl', 'Ni-211-clean-3x3x4-copt-HCO_HH2CO-1-06-top.pov', 'vib.36x-.pckl', 'vib.36y+.pckl', 'Ni-211-clean-3x3x4-H2CO-AA-side.pov', 'vib.36z-.pckl', 'DOS0', 'vib-submit.sh', 'vib.38x+.pckl', 'vib.38y-.pckl', 'Ni-211-clean-3x3x4-copt-H2COH2C_O-1-00-side.pov', 'vib.py', 'ase-sort.dat', 'KPOINTS', 'vib.xyz', 'Ni-211-clean-3x3x4-copt-H2COH2C_O-1-00-top.ini', 'vib.38z+.pckl', 'Ni-211-clean-3x3x4-H2CO-AA-top.pov', 'relax.traj', 'vib.36z+.pckl', 'vib.36x+.pckl', 'vib.36y-.pckl', 'Ni-211-clean-3x3x4-copt-HCO_HH2CO-1-06-side.ini', 'XDATCAR', 'first.traj', 'relax.log']",-98.83505421,"Atoms(symbols='Ni36COH2', pbc=True, cell=[6.120201528544627, 7.495685433967997, 23.93399933894733], initial_magmoms=..., constraint=FixAtoms(indices=[18, 19, 20, 21, 22, 23, 24, 25, 26, 27, 28, 29, 30, 31, 32, 33, 34, 35]), calculator=SinglePointCalculator(...))",0.0066,1712438161.0,Sat Apr  6 23:16:01 2024,6.120201528544627,7.495685433967997,23.93399933894733,90.0,CH2Ni36O,"[FixAtoms(indices=[18, 19, 20, 21, 22, 23, 24, 25, 26, 27, 28, 29, 30, 31, 32, 33, 34, 35])]",,1,1,2.0,36,Ni-slabs,Ni-slabs,/data/Chapter6/Ni-slabs.hdf,150,,False,Ni-211-clean-3x3x4,Ni-211-clean-3x3x4,-78.40925744,Ni36,False,self,1.0,2.0,1.0,-20.42579676999999,0.0,0.0,0.0,0.0,0.0,0.0,0.0,,,,,True,Ni-211-clean-3x3x4,H2CO%H2C_O,1,0,Ni-slabs|Ni-211-clean-3x3x4|H2CO%H2C_O|1,0.0,0.13975913000000162
/data/calculations/Ni/slabs/211/clean/3x3x4/copt/H2CO%H2C_O/1/01,Ni-211-clean-3x3x4-copt-H2CO%H2C_O-1-01,"['BCF.dat', 'INCAR', 'run.py', 'out.txt', 'OSZICAR', 'DOS5', 'DOS2', 'DOS40', 'final.e', 'DOS13', 'DOS14', 'final.traj', 'DOS22', 'DOS25', 'DOS3', 'DOS4', 'OUTCAR', 'DOS24', 'DOS23', 'DOS15', 'DOS12', 'DOS30', 'DOS37', 'DOS39', 'tmp.dat2', 'DOS38', 'AVF.dat', 'DOS36', 'Ni-211-clean-3x3x4-copt-H2COH2C_O-1-01-side.ini', 'DOS31', 'ACF.dat', 'calc.traj', 'CONTCAR', 'tmp.dat', 'Ni-211-clean-3x3x4-copt-H2COH2C_O-1-01-top.pov', 'POSCAR', 'submit.sh', 'DOS17', 'DOS28', 'DOS10', 'DOS26', 'DOS19', 'DOS21', 'DOS1', 'DOS6', 'DOS8', 'DOS20', 'DOS27', 'DOS18', 'DOS11', 'DOS16', 'DOS29', 'DOS9', 'DOS7', 'DOS0', 'REPORT', 'vib-submit.sh', 'DOS34', 'DOS33', 'Ni-211-clean-3x3x4-copt-H2COH2C_O-1-01-side.pov', 'vib.py', 'ase-sort.dat', 'KPOINTS', 'DOS32', 'DOS35', 'Ni-211-clean-3x3x4-copt-H2COH2C_O-1-01-top.ini', 'relax.traj', 'XDATCAR', 'first.traj', 'relax.log']",-98.41181206,"Atoms(symbols='Ni36OCH2', pbc=True, cell=[6.12020152854463, 7.495685433968, 23.9339993389473], initial_magmoms=..., constraint=[<ase.constraints.FixBondLengths object at 0x7f93d8778ee0>, FixAtoms(indices=[18, 19, 20, 21, 22, 23, 24, 25, 26, 27, 28, 29, 30, 31, 32, 33, 34, 35])], calculator=SinglePointCalculator(...))",0.0071,1724251946.0,Wed Aug 21 16:52:26 2024,6.12020152854463,7.495685433968,23.9339993389473,90.0,CH2Ni36O,"[<ase.constraints.FixBondLengths object at 0x7f93d8778ee0>, FixAtoms(indices=[18, 19, 20, 21, 22, 23, 24, 25, 26, 27, 28, 29, 30, 31, 32, 33, 34, 35])]",,1,1,2.0,36,Ni-slabs,Ni-slabs,/data/Chapter6/Ni-slabs.hdf,151,,False,Ni-211-clean-3x3x4,Ni-211-clean-3x3x4,-78.40925744,Ni36,False,self,1.0,2.0,1.0,-20.002554619999998,0.0,0.0,0.0,0.0,0.0,0.0,0.0,,,,,True,Ni-211-clean-3x3x4,H2CO%H2C_O,1,1,Ni-slabs|Ni-211-clean-3x3x4|H2CO%H2C_O|1,0.423242149999993,0.5630012799999946
/data/calculations/Ni/slabs/211/clean/3x3x4/copt/H2CO%H2C_O/1/02,Ni-211-clean-3x3x4-copt-H2CO%H2C_O-1-02,"['individual_vib.py', 'vib.39x-.pckl', 'PCDAT', 'vib.39y+.pckl', 'BCF.dat', 'vib', 'INCAR', 'vib.39z-.pckl', 'run.py', 'out.txt', 'gibbs.e', 'OSZICAR', 'individual_vib.txt', 'DOS5', 'vib-calc.traj', 'DOS2', 'vib.37z-.pckl', 'DOS40', 'final.e', 'Ni-211-clean-3x3x4-copt-H2COH2C_O-1-02-top.pov', 'DOS13', 'DOS14', 'final.traj', 'DOS22', 'DOS25', 'DOS3', 'DOS4', 'OUTCAR', 'vib.37x-.pckl', 'DOS24', 'DOS23', 'DOS15', 'DOS12', 'vib.37y+.pckl', 'DOS30', 'individual_vib.xyz', 'DOS37', 'vib.39z+.pckl', 'DOS39', 'tmp.dat2', 'DOS38', 'AVF.dat', 'DOS36', 'DOS31', 'vib.39x+.pckl', 'ACF.dat', 'vib.39y-.pckl', 'calc.traj', 'CONTCAR', 'vib.37x+.pckl', 'tmp.dat', 'vib.37y-.pckl', 'vib.37z+.pckl', 'POSCAR', 'vib.eq.pckl', 'Ni-211-clean-3x3x4-copt-H2COH2C_O-1-02-side.pov', 'CO1', 'submit.sh', 'vib.38z-.pckl', 'vib.38x-.pckl', 'vib.38y+.pckl', 'DOS17', 'DOS28', 'DOS10', 'relax.traj1', 'vib.36x-.pckl', 'DOS26', 'DOS19', 'vib.36y+.pckl', 'DOS21', 'DOS1', 'DOS6', 'DOS8', 'DOS20', 'vib-BWUNI.sh', 'DOS27', 'DOS18', 'DOS11', 'DOS16', 'DOS29', 'OUTCAR1', 'DOS9', 'Ni-211-clean-3x3x4-copt-H2COH2C_O-1-02-top.ini', 'DOS7', 'vib.36z-.pckl', 'DOS0', 'REPORT', 'vib-submit.sh', 'vib.38x+.pckl', 'vib.38y-.pckl', 'DOS34', 'DOS33', 'vib.py', 'ase-sort.dat', 'KPOINTS', 'vib.xyz', 'DOS32', 'vib.38z+.pckl', 'DOS35', 'Ni-211-clean-3x3x4-copt-H2COH2C_O-1-02-side.ini', 'relax.traj', 'vib.36z+.pckl', 'vib.36x+.pckl', 'vib.36y-.pckl', 'XDATCAR', 'first.traj', 'relax.log']",-97.69134812,"Atoms(symbols='Ni36OCH2', pbc=True, cell=[6.12020152854463, 7.495685433968, 23.9339993389473], initial_magmoms=..., constraint=[<ase.constraints.FixBondLengths object at 0x7f93d8778670>, FixAtoms(indices=[18, 19, 20, 21, 22, 23, 24, 25, 26, 27, 28, 29, 30, 31, 32, 33, 34, 35])], calculator=SinglePointCalculator(...))",0.0059,1724251946.0,Wed Aug 21 16:52:26 2024,6.12020152854463,7.495685433968,23.9339993389473,90.0,CH2Ni36O,"[<ase.constraints.FixBondLengths object at 0x7f93d8778670>, FixAtoms(indices=[18, 19, 20, 21, 22, 23, 24, 25, 26, 27, 28, 29, 30, 31, 32, 33, 34, 35])]",,1,1,2.0,36,Ni-slabs,Ni-slabs,/data/Chapter6/Ni-slabs.hdf,149,,False,Ni-211-clean-3x3x4,Ni-211-clean-3x3x4,-78.40925744,Ni36,False,self,1.0,2.0,1.0,-19.282090679999996,0.0,0.0,0.0,0.0,0.0,0.0,0.0,,,,,True,Ni-211-clean-3x3x4,H2CO%H2C_O,1,2,Ni-slabs|Ni-211-clean-3x3x4|H2CO%H2C_O|1,1.143706089999995,1.2834652199999965
/data/calculations/Ni/slabs/211/clean/3x3x4/copt/H2CO%H2C_O/1/03,Ni-211-clean-3x3x4-copt-H2CO%H2C_O-1-03,"['BCF.dat', 'INCAR', 'Ni-211-clean-3x3x4-copt-H2COH2C_O-1-03-top.pov', 'run.py', 'out.txt', 'OSZICAR', 'DOS5', 'DOS2', 'DOS40', 'final.e', 'DOS13', 'DOS14', 'final.traj', 'DOS22', 'DOS25', 'DOS3', 'DOS4', 'OUTCAR', 'DOS24', 'DOS23', 'DOS15', 'DOS12', 'DOS30', 'DOS37', 'DOS39', 'tmp.dat2', 'DOS38', 'AVF.dat', 'DOS36', 'fe.dat', 'DOS31', 'ACF.dat', 'calc.traj', 'CONTCAR', 'tmp.dat', 'POSCAR', 'Ni-211-clean-3x3x4-copt-H2COH2C_O-1-03-side.pov', 'submit.sh', 'Ni-211-clean-3x3x4-copt-H2COH2C_O-1-03-top.ini', 'DOS17', 'DOS28', 'DOS10', 'DOS26', 'DOS19', 'DOS21', 'DOS1', 'DOS6', 'DOS8', 'DOS20', 'DOS27', 'DOS18', 'DOS11', 'DOS16', 'DOS29', 'DOS9', 'DOS7', 'DOS0', 'REPORT', 'vib-submit.sh', 'DOS34', 'DOS33', 'vib.py', 'ase-sort.dat', 'KPOINTS', 'DOS32', 'DOS35', 'Ni-211-clean-3x3x4-copt-H2COH2C_O-1-03-side.ini', 'relax.traj', 'XDATCAR', 'first.traj', 'relax.log']",-97.92336046,"Atoms(symbols='Ni36OCH2', pbc=True, cell=[6.12020152854463, 7.495685433968, 23.9339993389473], initial_magmoms=..., constraint=[<ase.constraints.FixBondLengths object at 0x7f93d875e820>, FixAtoms(indices=[18, 19, 20, 21, 22, 23, 24, 25, 26, 27, 28, 29, 30, 31, 32, 33, 34, 35])], calculator=SinglePointCalculator(...))",0.0075,1724251946.0,Wed Aug 21 16:52:26 2024,6.12020152854463,7.495685433968,23.9339993389473,90.0,CH2Ni36O,"[<ase.constraints.FixBondLengths object at 0x7f93d875e820>, FixAtoms(indices=[18, 19, 20, 21, 22, 23, 24, 25, 26, 27, 28, 29, 30, 31, 32, 33, 34, 35])]",,1,1,2.0,36,Ni-slabs,Ni-slabs,/data/Chapter6/Ni-slabs.hdf,146,,False,Ni-211-clean-3x3x4,Ni-211-clean-3x3x4,-78.40925744,Ni36,False,self,1.0,2.0,1.0,-19.514103019999993,0.0,0.0,0.0,0.0,0.0,0.0,0.0,,,,,True,Ni-211-clean-3x3x4,H2CO%H2C_O,1,3,Ni-slabs|Ni-211-clean-3x3x4|H2CO%H2C_O|1,0.9116937499999977,1.0514528799999994
/data/calculations/Ni/slabs/211/clean/3x3x4/copt/H2CO%H2C_O/1/04,Ni-211-clean-3x3x4-copt-H2CO%H2C_O-1-04,"['Ni-211-clean-3x3x4-copt-H2COH2C_O-1-04-top.ini', 'BCF.dat', 'INCAR', 'run.py', 'out.txt', 'OSZICAR', 'Ni-211-clean-3x3x4-copt-H2COH2C_O-1-04-side.pov', 'DOS5', 'DOS2', 'DOS40', 'final.e', 'DOS13', 'DOS14', 'final.traj', 'DOS22', 'DOS25', 'DOS3', 'DOS4', 'OUTCAR', 'DOS24', 'DOS23', 'DOS15', 'DOS12', 'DOS30', 'DOS37', 'DOS39', 'tmp.dat2', 'DOS38', 'AVF.dat', 'DOS36', 'fe.dat', 'DOS31', 'ACF.dat', 'calc.traj', 'CONTCAR', 'tmp.dat', 'POSCAR', 'submit.sh', 'Ni-211-clean-3x3x4-copt-H2COH2C_O-1-04-side.ini', 'Ni-211-clean-3x3x4-copt-H2COH2C_O-1-04-top.pov', 'DOS17', 'DOS28', 'DOS10', 'DOS26', 'DOS19', 'DOS21', 'DOS1', 'DOS6', 'DOS8', 'DOS20', 'DOS27', 'DOS18', 'DOS11', 'DOS16', 'DOS29', 'DOS9', 'DOS7', 'DOS0', 'REPORT', 'vib-submit.sh', 'DOS34', 'DOS33', 'vib.py', 'ase-sort.dat', 'KPOINTS', 'DOS32', 'DOS35', 'relax.traj', 'XDATCAR', 'first.traj', 'relax.log']",-98.53958963,"Atoms(symbols='Ni36OCH2', pbc=True, cell=[6.12020152854463, 7.495685433968, 23.9339993389473], initial_magmoms=..., constraint=[<ase.constraints.FixBondLengths object at 0x7f93d875ecd0>, FixAtoms(indices=[18, 19, 20, 21, 22, 23, 24, 25, 26, 27, 28, 29, 30, 31, 32, 33, 34, 35])], calculator=SinglePointCalculator(...))",0.0059,1724251946.0,Wed Aug 21 16:52:26 2024,6.12020152854463,7.495685433968,23.9339993389473,90.0,CH2Ni36O,"[<ase.constraints.FixBondLengths object at 0x7f93d875ecd0>, FixAtoms(indices=[18, 19, 20, 21, 22, 23, 24, 25, 26, 27, 28, 29, 30, 31, 32, 33, 34, 35])]",,1,1,2.0,36,Ni-slabs,Ni-slabs,/data/Chapter6/Ni-slabs.hdf,147,,False,Ni-211-clean-3x3x4,Ni-211-clean-3x3x4,-78.40925744,Ni36,False,self,1.0,2.0,1.0,-20.13033218999999,0.0,0.0,0.0,0.0,0.0,0.0,0.0,,,,,True,Ni-211-clean-3x3x4,H2CO%H2C_O,1,4,Ni-slabs|Ni-211-clean-3x3x4|H2CO%H2C_O|1,0.29546458000000086,0.4352237100000025
/data/calculations/Ni/slabs/211/clean/3x3x4/copt/H2CO%H2C_O/1/05,Ni-211-clean-3x3x4-copt-H2CO%H2C_O-1-05,"['BCF.dat', 'INCAR', 'run.py', 'out.txt', 'OSZICAR', 'Ni-211-clean-3x3x4-copt-H2COH2C_O-1-05-side.pov', 'DOS5', 'Ni-211-clean-3x3x4-copt-H2COH2C_O-1-05-top.ini', 'DOS2', 'DOS40', 'final.e', 'DOS13', 'DOS14', 'final.traj', 'DOS22', 'DOS25', 'DOS3', 'DOS4', 'OUTCAR', 'DOS24', 'DOS23', 'DOS15', 'DOS12', 'DOS30', 'DOS37', 'DOS39', 'tmp.dat2', 'DOS38', 'AVF.dat', 'DOS36', 'DOS31', 'ACF.dat', 'calc.traj', 'CONTCAR', 'tmp.dat', 'POSCAR', 'submit.sh', 'Ni-211-clean-3x3x4-copt-H2COH2C_O-1-05-side.ini', 'DOS17', 'DOS28', 'DOS10', 'DOS26', 'DOS19', 'DOS21', 'DOS1', 'DOS6', 'DOS8', 'DOS20', 'DOS27', 'DOS18', 'DOS11', 'DOS16', 'DOS29', 'DOS9', 'Ni-211-clean-3x3x4-copt-H2COH2C_O-1-05-top.pov', 'DOS7', 'DOS0', 'REPORT', 'vib-submit.sh', 'DOS34', 'DOS33', 'vib.py', 'ase-sort.dat', 'KPOINTS', 'DOS32', 'DOS35', 'relax.traj', 'XDATCAR', 'first.traj', 'relax.log']",-98.82207571,"Atoms(symbols='Ni36OCH2', pbc=True, cell=[6.12020152854463, 7.495685433968, 23.9339993389473], initial_magmoms=..., constraint=[<ase.constraints.FixBondLengths object at 0x7f93d87781c0>, FixAtoms(indices=[18, 19, 20, 21, 22, 23, 24, 25, 26, 27, 28, 29, 30, 31, 32, 33, 34, 35])], calculator=SinglePointCalculator(...))",0.008,1724251946.0,Wed Aug 21 16:52:26 2024,6.12020152854463,7.495685433968,23.9339993389473,90.0,CH2Ni36O,"[<ase.constraints.FixBondLengths object at 0x7f93d87781c0>, FixAtoms(indices=[18, 19, 20, 21, 22, 23, 24, 25, 26, 27, 28, 29, 30, 31, 32, 33, 34, 35])]",,1,1,2.0,36,Ni-slabs,Ni-slabs,/data/Chapter6/Ni-slabs.hdf,148,,False,Ni-211-clean-3x3x4,Ni-211-clean-3x3x4,-78.40925744,Ni36,False,self,1.0,2.0,1.0,-20.41281826999999,0.0,0.0,0.0,0.0,0.0,0.0,0.0,,,,,True,Ni-211-clean-3x3x4,H2CO%H2C_O,1,5,Ni-slabs|Ni-211-clean-3x3x4|H2CO%H2C_O|1,0.012978500000002668,0.1527376300000043
/data/calculations/Ni/slabs/211/clean/3x3x4/copt/H2CO%H2C_O/1/06,Ni-211-clean-3x3x4-copt-H2CO%H2C_O-1-06,"['ir.39y+.pckl', 'ir.39x-.pckl', 'individual_vib.py', 'vib.39x-.pckl', 'vib.39y+.pckl', 'BCF.dat', 'INCAR', 'vib.39z-.pckl', 'run.py', 'out.txt', 'ir.39z-.pckl', 'gibbs.e', 'OSZICAR', 'individual_vib.txt', 'vib-calc.traj', 'Ni-211-clean-3x3x4-H2C_O-1-top.pov', 'vib.37z-.pckl', 'final.e', 'ir.37z-.pckl', 'final.traj', 'ir.37y+.pckl', 'Ni-211-clean-3x3x4-copt-H2COH2C_O-1-06-side.ini', 'Ni-211-clean-3x3x4-H2C_O-1-side.pov', 'ir.37x-.pckl', 'OUTCAR', 'vib.37x-.pckl', 'vib.37y+.pckl', 'individual_vib.xyz', 'vib.39z+.pckl', 'tmp.dat2', 'ir.39z+.pckl', 'ir.39y-.pckl', 'ir.39x+.pckl', 'AVF.dat', 'vib.39x+.pckl', 'ACF.dat', 'vib.39y-.pckl', 'calc.traj', 'ir.37y-.pckl', 'ir.37x+.pckl', 'CONTCAR', 'vib.37x+.pckl', 'tmp.dat', 'vib.37y-.pckl', 'vib.37z+.pckl', 'POSCAR', 'Ni-211-clean-3x3x4-copt-H2COH2C_O-1-06-top.ini', 'ir.37z+.pckl', 'vib.eq.pckl', 'ir.38z-.pckl', 'vib.38z-.pckl', 'vib.38x-.pckl', 'vib.38y+.pckl', 'ir.38y+.pckl', 'BWUNI.sh', 'ir.38x-.pckl', 'vib.36x-.pckl', 'vib.36y+.pckl', 'ir.36y+.pckl', 'IR-BWUNI.sh', 'ir.36x-.pckl', 'Ni-211-clean-3x3x4-copt-H2COH2C_O-1-06-side.pov', 'Ni-211-clean-3x3x4-H2C_O-1-side.ini', 'vib-BWUNI.sh', 'ir.36z-.pckl', 'ir.xyz', 'vib.36z-.pckl', 'Ni-211-clean-3x3x4-H2C_O-1-top.ini', 'REPORT', 'vib.38x+.pckl', 'vib.38y-.pckl', 'ir.38y-.pckl', 'ir.38x+.pckl', 'vib.py', 'ir.38z+.pckl', 'ase-sort.dat', 'KPOINTS', 'vib.xyz', 'vib.38z+.pckl', 'ir.36z+.pckl', 'Ni-211-clean-3x3x4-copt-H2COH2C_O-1-06-top.pov', 'relax.traj', 'vib.36z+.pckl', 'vib.36x+.pckl', 'vib.36y-.pckl', 'vib-Intensity.py', 'ir.36y-.pckl', 'XDATCAR', 'ir.eq.pckl', 'first.traj', 'relax.log', 'ir.36x+.pckl']",-98.97481334,"Atoms(symbols='Ni36OCH2', pbc=True, cell=[6.12020152854463, 7.495685433968, 23.9339993389473], initial_magmoms=..., constraint=FixAtoms(indices=[18, 19, 20, 21, 22, 23, 24, 25, 26, 27, 28, 29, 30, 31, 32, 33, 34, 35]), calculator=SinglePointCalculator(...))",0.0077,1722367084.0,Tue Jul 30 21:18:04 2024,6.12020152854463,7.495685433968,23.9339993389473,90.0,CH2Ni36O,"[FixAtoms(indices=[18, 19, 20, 21, 22, 23, 24, 25, 26, 27, 28, 29, 30, 31, 32, 33, 34, 35])]",,1,1,2.0,36,Ni-slabs,Ni-slabs,/data/Chapter6/Ni-slabs.hdf,152,,False,Ni-211-clean-3x3x4,Ni-211-clean-3x3x4,-78.40925744,Ni36,False,self,1.0,2.0,1.0,-20.565555899999993,0.0,0.0,0.0,0.0,0.0,0.0,0.0,,,,,True,Ni-211-clean-3x3x4,H2CO%H2C_O,1,6,Ni-slabs|Ni-211-clean-3x3x4|H2CO%H2C_O|1,-0.13975913000000162,0.0
/data/calculations/Ni/slabs/211/clean/3x3x4/copt/H2CO%H2C_O/2/00,Ni-211-clean-3x3x4-copt-H2CO%H2C_O-2-00,"['Ni-211-clean-3x3x4-copt-HCO_HH2CO-1-06-top.ini', 'vib.39x-.pckl', 'vib.39y+.pckl', 'BCF.dat', 'INCAR', 'vib.39z-.pckl', 'run.py', 'out.txt', 'gibbs.e', 'OSZICAR', 'vib.37z-.pckl', 'Ni-211-clean-3x3x4-H2CO-AA-side.ini', 'final.e', 'final.traj', 'OUTCAR', 'vib.37x-.pckl', 'vasprun.xml', 'vib.37y+.pckl', 'Ni-211-clean-3x3x4-copt-H2COH2C_O-1-00-top.pov', 'vib.39z+.pckl', 'AVF.dat', 'Ni-211-clean-3x3x4-copt-H2COH2C_O-1-00-side.ini', 'vib.39x+.pckl', 'ACF.dat', 'vib.39y-.pckl', 'CONTCAR', 'vib.37x+.pckl', 'Ni-211-clean-3x3x4-copt-HCO_HH2CO-1-06-side.pov', 'vib.37y-.pckl', 'vib.37z+.pckl', 'Ni-211-clean-3x3x4-H2CO-AA-top.ini', 'POSCAR', 'vib.eq.pckl', 'submit.sh', 'vib.38z-.pckl', 'vib.38x-.pckl', 'vib.38y+.pckl', 'Ni-211-clean-3x3x4-copt-HCO_HH2CO-1-06-top.pov', 'vib.36x-.pckl', 'vib.36y+.pckl', 'Ni-211-clean-3x3x4-H2CO-AA-side.pov', 'vib.36z-.pckl', 'DOS0', 'vib-submit.sh', 'vib.38x+.pckl', 'vib.38y-.pckl', 'Ni-211-clean-3x3x4-copt-H2COH2C_O-1-00-side.pov', 'vib.py', 'ase-sort.dat', 'KPOINTS', 'vib.xyz', 'Ni-211-clean-3x3x4-copt-H2COH2C_O-1-00-top.ini', 'vib.38z+.pckl', 'Ni-211-clean-3x3x4-H2CO-AA-top.pov', 'relax.traj', 'vib.36z+.pckl', 'vib.36x+.pckl', 'vib.36y-.pckl', 'Ni-211-clean-3x3x4-copt-HCO_HH2CO-1-06-side.ini', 'XDATCAR', 'first.traj', 'relax.log']",-98.83505421,"Atoms(symbols='Ni36COH2', pbc=True, cell=[6.120201528544627, 7.495685433967997, 23.93399933894733], initial_magmoms=..., constraint=FixAtoms(indices=[18, 19, 20, 21, 22, 23, 24, 25, 26, 27, 28, 29, 30, 31, 32, 33, 34, 35]), calculator=SinglePointCalculator(...))",0.0066,1712438161.0,Sat Apr  6 23:16:01 2024,6.120201528544627,7.495685433967997,23.93399933894733,90.0,CH2Ni36O,"[FixAtoms(indices=[18, 19, 20, 21, 22, 23, 24, 25, 26, 27, 28, 29, 30, 31, 32, 33, 34, 35])]",,1,1,2.0,36,Ni-slabs,Ni-slabs,/data/Chapter6/Ni-slabs.hdf,155,,False,Ni-211-clean-3x3x4,Ni-211-clean-3x3x4,-78.40925744,Ni36,False,self,1.0,2.0,1.0,-20.42579676999999,0.0,0.0,0.0,0.0,0.0,0.0,0.0,,,,,True,Ni-211-clean-3x3x4,H2CO%H2C_O,2,0,Ni-slabs|Ni-211-clean-3x3x4|H2CO%H2C_O|2,0.0,0.13975913000000162
/data/calculations/Ni/slabs/211/clean/3x3x4/copt/H2CO%H2C_O/2/02,Ni-211-clean-3x3x4-copt-H2CO%H2C_O-2-02,"['individual_vib.py', 'vib.39x-.pckl', 'vib.39y+.pckl', 'BCF.dat', 'INCAR', 'vib.39z-.pckl', 'run.py', 'out.txt', 'gibbs.e', 'OSZICAR', 'individual_vib.txt', 'vib.37z-.pckl', 'final.e', 'final.traj', 'OUTCAR', 'vib.37x-.pckl', 'vib.37y+.pckl', 'individual_vib.xyz', 'vib.39z+.pckl', 'tmp.dat2', 'AVF.dat', 'vib.39x+.pckl', 'ACF.dat', 'vib.39y-.pckl', 'calc.traj', 'CONTCAR', 'vib.37x+.pckl', 'tmp.dat', 'vib.37y-.pckl', 'vib.37z+.pckl', 'POSCAR', 'vib.eq.pckl', 'CO1', 'Gout.txt', 'vib.38z-.pckl', 'vib.38x-.pckl', 'vib.38y+.pckl', 'BWUNI.sh', 'vib.36x-.pckl', 'vib.36y+.pckl', 'vib-BWUNI.sh', 'vib.36z-.pckl', 'REPORT', 'vib.38x+.pckl', 'vib.38y-.pckl', 'vib.py', 'ase-sort.dat', 'KPOINTS', 'vib.xyz', 'vib.38z+.pckl', 'relax.traj', 'vib.36z+.pckl', 'vib.36x+.pckl', 'vib.36y-.pckl', 'XDATCAR', 'first.traj', 'relax.log']",-97.90166077,"Atoms(symbols='Ni36OCH2', pbc=True, cell=[6.12020152854463, 7.495685433968, 23.9339993389473], initial_magmoms=..., constraint=[<ase.constraints.FixBondLengths object at 0x7f93d8797c40>, FixAtoms(indices=[18, 19, 20, 21, 22, 23, 24, 25, 26, 27, 28, 29, 30, 31, 32, 33, 34, 35])], calculator=SinglePointCalculator(...))",0.0067,1744289832.0,Thu Apr 10 14:57:12 2025,6.12020152854463,7.495685433968,23.9339993389473,90.0,CH2Ni36O,"[<ase.constraints.FixBondLengths object at 0x7f93d8797c40>, FixAtoms(indices=[18, 19, 20, 21, 22, 23, 24, 25, 26, 27, 28, 29, 30, 31, 32, 33, 34, 35])]",,1,1,2.0,36,Ni-slabs,Ni-slabs,/data/Chapter6/Ni-slabs.hdf,154,,False,Ni-211-clean-3x3x4,Ni-211-clean-3x3x4,-78.40925744,Ni36,False,self,1.0,2.0,1.0,-19.492403330000002,0.0,0.0,0.0,0.0,0.0,0.0,0.0,,,,,True,Ni-211-clean-3x3x4,H2CO%H2C_O,2,2,Ni-slabs|Ni-211-clean-3x3x4|H2CO%H2C_O|2,0.933393439999989,1.0731525699999906
/data/calculations/Ni/slabs/211/clean/3x3x4/copt/H2CO%H2C_O/2/04,Ni-211-clean-3x3x4-copt-H2CO%H2C_O-2-04,"['individual_vib.py', 'vib.39x-.pckl', 'vib.39y+.pckl', 'BCF.dat', 'INCAR', 'vib.39z-.pckl', 'run.py', 'out.txt', 'gibbs.e', 'OSZICAR', 'individual_vib.txt', 'vib.37z-.pckl', 'final.e', 'final.traj', 'OUTCAR', 'vib.37x-.pckl', 'vib.37y+.pckl', 'individual_vib.xyz', 'vib.39z+.pckl', 'tmp.dat2', 'AVF.dat', 'vib.39x+.pckl', 'ACF.dat', 'vib.39y-.pckl', 'calc.traj', 'CONTCAR', 'vib.37x+.pckl', 'tmp.dat', 'vib.37y-.pckl', 'vib.37z+.pckl', 'POSCAR', 'vib.eq.pckl', 'CO1', 'Gout.txt', 'vib.38z-.pckl', 'vib.38x-.pckl', 'vib.38y+.pckl', 'BWUNI.sh', 'vib.36x-.pckl', 'vib.36y+.pckl', 'vib-BWUNI.sh', 'vib.36z-.pckl', 'REPORT', 'vib.38x+.pckl', 'vib.38y-.pckl', 'vib.py', 'ase-sort.dat', 'KPOINTS', 'vib.xyz', 'vib.38z+.pckl', 'relax.traj', 'vib.36z+.pckl', 'vib.36x+.pckl', 'vib.36y-.pckl', 'XDATCAR', 'first.traj', 'relax.log']",-97.71853963,"Atoms(symbols='Ni36OCH2', pbc=True, cell=[6.12020152854463, 7.495685433968, 23.9339993389473], initial_magmoms=..., constraint=[<ase.constraints.FixBondLengths object at 0x7f93d8797790>, FixAtoms(indices=[18, 19, 20, 21, 22, 23, 24, 25, 26, 27, 28, 29, 30, 31, 32, 33, 34, 35])], calculator=SinglePointCalculator(...))",0.006,1744289832.0,Thu Apr 10 14:57:12 2025,6.12020152854463,7.495685433968,23.9339993389473,90.0,CH2Ni36O,"[<ase.constraints.FixBondLengths object at 0x7f93d8797790>, FixAtoms(indices=[18, 19, 20, 21, 22, 23, 24, 25, 26, 27, 28, 29, 30, 31, 32, 33, 34, 35])]",,1,1,2.0,36,Ni-slabs,Ni-slabs,/data/Chapter6/Ni-slabs.hdf,153,,False,Ni-211-clean-3x3x4,Ni-211-clean-3x3x4,-78.40925744,Ni36,False,self,1.0,2.0,1.0,-19.30928218999999,0.0,0.0,0.0,0.0,0.0,0.0,0.0,,,,,True,Ni-211-clean-3x3x4,H2CO%H2C_O,2,4,Ni-slabs|Ni-211-clean-3x3x4|H2CO%H2C_O|2,1.1165145800000005,1.256273710000002
/data/calculations/Ni/slabs/211/clean/3x3x4/copt/H2CO%H2C_O/2/06,Ni-211-clean-3x3x4-copt-H2CO%H2C_O-2-06,"['ir.39y+.pckl', 'ir.39x-.pckl', 'individual_vib.py', 'vib.39x-.pckl', 'vib.39y+.pckl', 'BCF.dat', 'INCAR', 'vib.39z-.pckl', 'run.py', 'out.txt', 'ir.39z-.pckl', 'gibbs.e', 'OSZICAR', 'individual_vib.txt', 'vib-calc.traj', 'Ni-211-clean-3x3x4-H2C_O-1-top.pov', 'vib.37z-.pckl', 'final.e', 'ir.37z-.pckl', 'final.traj', 'ir.37y+.pckl', 'Ni-211-clean-3x3x4-copt-H2COH2C_O-1-06-side.ini', 'Ni-211-clean-3x3x4-H2C_O-1-side.pov', 'ir.37x-.pckl', 'OUTCAR', 'vib.37x-.pckl', 'vib.37y+.pckl', 'individual_vib.xyz', 'vib.39z+.pckl', 'tmp.dat2', 'ir.39z+.pckl', 'ir.39y-.pckl', 'ir.39x+.pckl', 'AVF.dat', 'vib.39x+.pckl', 'ACF.dat', 'vib.39y-.pckl', 'calc.traj', 'ir.37y-.pckl', 'ir.37x+.pckl', 'CONTCAR', 'vib.37x+.pckl', 'tmp.dat', 'vib.37y-.pckl', 'vib.37z+.pckl', 'POSCAR', 'Ni-211-clean-3x3x4-copt-H2COH2C_O-1-06-top.ini', 'ir.37z+.pckl', 'vib.eq.pckl', 'ir.38z-.pckl', 'vib.38z-.pckl', 'vib.38x-.pckl', 'vib.38y+.pckl', 'ir.38y+.pckl', 'BWUNI.sh', 'ir.38x-.pckl', 'vib.36x-.pckl', 'vib.36y+.pckl', 'ir.36y+.pckl', 'IR-BWUNI.sh', 'ir.36x-.pckl', 'Ni-211-clean-3x3x4-copt-H2COH2C_O-1-06-side.pov', 'Ni-211-clean-3x3x4-H2C_O-1-side.ini', 'vib-BWUNI.sh', 'ir.36z-.pckl', 'ir.xyz', 'vib.36z-.pckl', 'Ni-211-clean-3x3x4-H2C_O-1-top.ini', 'REPORT', 'vib.38x+.pckl', 'vib.38y-.pckl', 'ir.38y-.pckl', 'ir.38x+.pckl', 'vib.py', 'ir.38z+.pckl', 'ase-sort.dat', 'KPOINTS', 'vib.xyz', 'vib.38z+.pckl', 'ir.36z+.pckl', 'Ni-211-clean-3x3x4-copt-H2COH2C_O-1-06-top.pov', 'relax.traj', 'vib.36z+.pckl', 'vib.36x+.pckl', 'vib.36y-.pckl', 'vib-Intensity.py', 'ir.36y-.pckl', 'XDATCAR', 'ir.eq.pckl', 'first.traj', 'relax.log', 'ir.36x+.pckl']",-98.97481334,"Atoms(symbols='Ni36OCH2', pbc=True, cell=[6.12020152854463, 7.495685433968, 23.9339993389473], initial_magmoms=..., constraint=FixAtoms(indices=[18, 19, 20, 21, 22, 23, 24, 25, 26, 27, 28, 29, 30, 31, 32, 33, 34, 35]), calculator=SinglePointCalculator(...))",0.0077,1722367084.0,Tue Jul 30 21:18:04 2024,6.12020152854463,7.495685433968,23.9339993389473,90.0,CH2Ni36O,"[FixAtoms(indices=[18, 19, 20, 21, 22, 23, 24, 25, 26, 27, 28, 29, 30, 31, 32, 33, 34, 35])]",,1,1,2.0,36,Ni-slabs,Ni-slabs,/data/Chapter6/Ni-slabs.hdf,156,,False,Ni-211-clean-3x3x4,Ni-211-clean-3x3x4,-78.40925744,Ni36,False,self,1.0,2.0,1.0,-20.565555899999993,0.0,0.0,0.0,0.0,0.0,0.0,0.0,,,,,True,Ni-211-clean-3x3x4,H2CO%H2C_O,2,6,Ni-slabs|Ni-211-clean-3x3x4|H2CO%H2C_O|2,-0.13975913000000162,0.0
/data/calculations/Ni/slabs/211/clean/3x3x4/copt/HCO%HC_O/1/00,Ni-211-clean-3x3x4-copt-HCO%HC_O-1-00,"['individual_vib.py', 'Ni-211-clean-3x3x4-copt-CO_HHCO-1-06-side.ini', 'Ni-211-clean-3x3x4-copt-CO_HHCO-1-06-top.pov', 'BCF.dat', 'INCAR', 'run.py', 'out.txt', 'gibbs.e', 'OSZICAR', 'individual_vib.txt', 'vib-calc.traj', 'vib.37z-.pckl', 'final.e', 'ir.37z-.pckl', 'relax.traj2', 'final.traj', 'ir.37y+.pckl', 'ir.37x-.pckl', 'Ni-211-clean-3x3x4-copt-HCOHC_O-1-00-top.pov', 'OUTCAR', 'vib.37x-.pckl', 'Ni-211-clean-3x3x4-copt-HCOHC_O-1-00-side.pov', 'OUTCAR2', 'vib.37y+.pckl', 'individual_vib.xyz', 'tmp.dat2', 'AVF.dat', 'ACF.dat', 'calc.traj', 'ir.37y-.pckl', 'ir.37x+.pckl', 'CONTCAR', 'Ni-211-clean-3x3x4-copt-CO_HHCO-2-06-top.ini', 'vib.37x+.pckl', 'tmp.dat', 'vib.37y-.pckl', 'vib.37z+.pckl', 'Ni-211-clean-3x3x4-copt-CO_HHCO-2-06-side.ini', 'POSCAR', 'ir.37z+.pckl', 'Ni-211-clean-3x3x4-HCO-AA-2-top.pov', 'vib.eq.pckl', 'CO1', 'Ni-211-clean-3x3x4-HCO-AA-2-side.ini', 'ir.38z-.pckl', 'Ni-211-clean-3x3x4-copt-CO_HHCO-1-06-top.ini', 'vib.38z-.pckl', 'Ni-211-clean-3x3x4-copt-CO_HHCO-1-06-side.pov', 'vib.38x-.pckl', 'spliced.traj', 'vib.38y+.pckl', 'ir.38y+.pckl', 'BWUNI.sh', 'ir.38x-.pckl', 'Ni-211-clean-3x3x4-copt-HCOHC_O-1-00-side.ini', 'relax.traj1', 'vib.36x-.pckl', 'vib.36y+.pckl', 'ir.36y+.pckl', 'IR-BWUNI.sh', 'Ni-211-clean-3x3x4-copt-HCOHC_O-1-00-top.ini', 'ir.36x-.pckl', 'vib-BWUNI.sh', 'ir.36z-.pckl', 'ir.xyz', 'OUTCAR1', 'vib.36z-.pckl', 'REPORT', 'vib.38x+.pckl', 'vib.38y-.pckl', 'ir.38y-.pckl', 'ir.38x+.pckl', 'vib.py', 'ir.38z+.pckl', 'ase-sort.dat', 'KPOINTS', 'vib.xyz', 'vib.38z+.pckl', 'ir.36z+.pckl', 'Ni-211-clean-3x3x4-HCO-AA-2-side.pov', 'Ni-211-clean-3x3x4-HCO-AA-2-top.ini', 'relax.traj', 'Ni-211-clean-3x3x4-copt-CO_HHCO-2-06-side.pov', 'vib.36z+.pckl', 'vib.36x+.pckl', 'vib.36y-.pckl', 'vib-Intensity.py', 'ir.36y-.pckl', 'XDATCAR', 'ir.eq.pckl', 'first.traj', 'relax.log', 'Ni-211-clean-3x3x4-copt-CO_HHCO-2-06-top.pov', 'ir.36x+.pckl']",-95.01100273,"Atoms(symbols='Ni36COH', pbc=True, cell=[6.12020152854463, 7.495685433968, 23.9339993389473], constraint=FixAtoms(indices=[18, 19, 20, 21, 22, 23, 24, 25, 26, 27, 28, 29, 30, 31, 32, 33, 34, 35]), calculator=SinglePointCalculator(...))",0.0076,1724181343.0,Tue Aug 20 21:15:43 2024,6.12020152854463,7.495685433968,23.9339993389473,90.0,CHNi36O,"[FixAtoms(indices=[18, 19, 20, 21, 22, 23, 24, 25, 26, 27, 28, 29, 30, 31, 32, 33, 34, 35])]",,1,1,1.0,36,Ni-slabs,Ni-slabs,/data/Chapter6/Ni-slabs.hdf,116,HCO,True,Ni-211-clean-3x3x4,Ni-211-clean-3x3x4,-78.40925744,Ni36,False,ok,1.0,1.0,1.0,-16.601745289999997,0.0,0.0,0.0,0.0,0.0,0.0,0.0,,,,,True,Ni-211-clean-3x3x4,HCO%HC_O,1,0,Ni-slabs|Ni-211-clean-3x3x4|HCO%HC_O|1,0.0,0.0
/data/calculations/Ni/slabs/211/clean/3x3x4/copt/HCO%HC_O/1/01,Ni-211-clean-3x3x4-copt-HCO%HC_O-1-01,"['Ni-211-clean-3x3x4-copt-HCOHC_O-1-01-top.pov', 'BCF.dat', 'INCAR', 'run.py', 'out.txt', 'OSZICAR', 'DOS5', 'DOS2', 'final.e', 'DOS13', 'DOS14', 'final.traj', 'DOS22', 'DOS25', 'DOS3', 'DOS4', 'OUTCAR', 'DOS24', 'Ni-211-clean-3x3x4-copt-HCOHC_O-1-01-side.pov', 'DOS23', 'DOS15', 'DOS12', 'DOS30', 'DOS37', 'DOS39', 'tmp.dat2', 'DOS38', 'AVF.dat', 'DOS36', 'DOS31', 'ACF.dat', 'calc.traj', 'CONTCAR', 'tmp.dat', 'POSCAR', 'submit.sh', 'Ni-211-clean-3x3x4-copt-HCOHC_O-1-01-top.ini', 'DOS17', 'DOS28', 'Ni-211-clean-3x3x4-copt-HCOHC_O-1-01-side.ini', 'DOS10', 'DOS26', 'DOS19', 'DOS21', 'DOS1', 'DOS6', 'DOS8', 'DOS20', 'DOS27', 'DOS18', 'DOS11', 'DOS16', 'DOS29', 'DOS9', 'DOS7', 'DOS0', 'REPORT', 'vib-submit.sh', 'DOS34', 'DOS33', 'vib.py', 'ase-sort.dat', 'KPOINTS', 'DOS32', 'DOS35', 'relax.traj', 'XDATCAR', 'first.traj', 'relax.log']",-94.92941644,"Atoms(symbols='Ni36COH', pbc=True, cell=[6.12020152854463, 7.495685433968, 23.9339993389473], initial_magmoms=..., constraint=[<ase.constraints.FixBondLengths object at 0x7f93d86817f0>, FixAtoms(indices=[18, 19, 20, 21, 22, 23, 24, 25, 26, 27, 28, 29, 30, 31, 32, 33, 34, 35])], calculator=SinglePointCalculator(...))",0.0078,1724251946.0,Wed Aug 21 16:52:26 2024,6.12020152854463,7.495685433968,23.9339993389473,90.0,CHNi36O,"[<ase.constraints.FixBondLengths object at 0x7f93d86817f0>, FixAtoms(indices=[18, 19, 20, 21, 22, 23, 24, 25, 26, 27, 28, 29, 30, 31, 32, 33, 34, 35])]",,1,1,1.0,36,Ni-slabs,Ni-slabs,/data/Chapter6/Ni-slabs.hdf,117,HCO,True,Ni-211-clean-3x3x4,Ni-211-clean-3x3x4,-78.40925744,Ni36,False,ok,1.0,1.0,1.0,-16.520158999999992,0.0,0.0,0.0,0.0,0.0,0.0,0.0,,,,,True,Ni-211-clean-3x3x4,HCO%HC_O,1,1,Ni-slabs|Ni-211-clean-3x3x4|HCO%HC_O|1,0.08158629000000417,0.08158629000000417
/data/calculations/Ni/slabs/211/clean/3x3x4/copt/HCO%HC_O/1/02,Ni-211-clean-3x3x4-copt-HCO%HC_O-1-02,"['individual_vib.py', 'BCF.dat', 'Ni-211-clean-3x3x4-copt-HCOHC_O-1-02-side.ini', 'vib', 'INCAR', 'run.py', 'out.txt', 'gibbs.e', 'OSZICAR', 'individual_vib.txt', 'DOS5', 'vib-calc.traj', 'DOS2', 'vib.37z-.pckl', 'final.e', 'DOS13', 'DOS14', 'final.traj', 'OUTCAR3', 'DOS22', 'DOS25', 'DOS3', 'DOS4', 'OUTCAR', 'vib.37x-.pckl', 'DOS24', 'DOS23', 'DOS15', 'OUTCAR2', 'DOS12', 'vib.37y+.pckl', 'DOS30', 'individual_vib.xyz', 'DOS37', 'DOS39', 'tmp.dat2', 'DOS38', 'Ni-211-clean-3x3x4-copt-HCOHC_O-1-02-top.pov', 'AVF.dat', 'DOS36', 'DOS31', 'ACF.dat', 'calc.traj', 'CONTCAR', 'vib.37x+.pckl', 'tmp.dat', 'vib.37y-.pckl', 'vib.37z+.pckl', 'POSCAR', 'vib.eq.pckl', 'CO1', 'submit.sh', 'Ni-211-clean-3x3x4-copt-HCOHC_O-1-02-side.pov', 'vib.38z-.pckl', 'vib.38x-.pckl', 'vib.38y+.pckl', 'DOS17', 'DOS28', 'DOS10', 'relax.traj1', 'vib.36x-.pckl', 'DOS26', 'DOS19', 'vib.36y+.pckl', 'DOS21', 'DOS1', 'DOS6', 'DOS8', 'DOS20', 'vib-BWUNI.sh', 'DOS27', 'DOS18', 'DOS11', 'DOS16', 'DOS29', 'OUTCAR1', 'DOS9', 'DOS7', 'vib.36z-.pckl', 'DOS0', 'REPORT', 'vib-submit.sh', 'vib.38x+.pckl', 'vib.38y-.pckl', 'Ni-211-clean-3x3x4-copt-HCOHC_O-1-02-top.ini', 'DOS34', 'DOS33', 'vib.py', 'ase-sort.dat', 'KPOINTS', 'vib.xyz', 'DOS32', 'vib.38z+.pckl', 'DOS35', 'relax.traj', 'vib.36z+.pckl', 'vib.36x+.pckl', 'vib.36y-.pckl', 'XDATCAR', 'first.traj', 'relax.log']",-93.85460928,"Atoms(symbols='Ni36COH', pbc=True, cell=[6.12020152854463, 7.495685433968, 23.9339993389473], initial_magmoms=..., constraint=[<ase.constraints.FixBondLengths object at 0x7f93d8665fa0>, FixAtoms(indices=[18, 19, 20, 21, 22, 23, 24, 25, 26, 27, 28, 29, 30, 31, 32, 33, 34, 35])], calculator=SinglePointCalculator(...))",0.0089,1724251946.0,Wed Aug 21 16:52:26 2024,6.12020152854463,7.495685433968,23.9339993389473,90.0,CHNi36O,"[<ase.constraints.FixBondLengths object at 0x7f93d8665fa0>, FixAtoms(indices=[18, 19, 20, 21, 22, 23, 24, 25, 26, 27, 28, 29, 30, 31, 32, 33, 34, 35])]",,1,1,1.0,36,Ni-slabs,Ni-slabs,/data/Chapter6/Ni-slabs.hdf,115,HCO,True,Ni-211-clean-3x3x4,Ni-211-clean-3x3x4,-78.40925744,Ni36,False,ok,1.0,1.0,1.0,-15.44535184,0.0,0.0,0.0,0.0,0.0,0.0,0.0,,,,,True,Ni-211-clean-3x3x4,HCO%HC_O,1,2,Ni-slabs|Ni-211-clean-3x3x4|HCO%HC_O|1,1.156393449999996,1.156393449999996
/data/calculations/Ni/slabs/211/clean/3x3x4/copt/HCO%HC_O/1/03,Ni-211-clean-3x3x4-copt-HCO%HC_O-1-03,"['BCF.dat', 'Ni-211-clean-3x3x4-copt-HCOHC_O-1-03-side.ini', 'INCAR', 'run.py', 'out.txt', 'OSZICAR', 'DOS5', 'DOS2', 'final.e', 'DOS13', 'DOS14', 'final.traj', 'DOS22', 'DOS25', 'DOS3', 'DOS4', 'OUTCAR', 'DOS24', 'DOS23', 'DOS15', 'DOS12', 'DOS30', 'DOS37', 'DOS39', 'tmp.dat2', 'DOS38', 'AVF.dat', 'DOS36', 'DOS31', 'ACF.dat', 'Ni-211-clean-3x3x4-copt-HCOHC_O-1-03-top.pov', 'calc.traj', 'CONTCAR', 'tmp.dat', 'POSCAR', 'submit.sh', 'Ni-211-clean-3x3x4-copt-HCOHC_O-1-03-side.pov', 'DOS17', 'DOS28', 'DOS10', 'DOS26', 'DOS19', 'DOS21', 'DOS1', 'DOS6', 'DOS8', 'DOS20', 'vib-BWUNI.sh', 'DOS27', 'DOS18', 'DOS11', 'DOS16', 'DOS29', 'DOS9', 'DOS7', 'DOS0', 'REPORT', 'vib-submit.sh', 'DOS34', 'DOS33', 'vib.py', 'ase-sort.dat', 'KPOINTS', 'DOS32', 'DOS35', 'relax.traj', 'XDATCAR', 'Ni-211-clean-3x3x4-copt-HCOHC_O-1-03-top.ini', 'first.traj', 'relax.log']",-94.09880767,"Atoms(symbols='Ni36COH', pbc=True, cell=[6.12020152854463, 7.495685433968, 23.9339993389473], initial_magmoms=..., constraint=[<ase.constraints.FixBondLengths object at 0x7f93d8665190>, FixAtoms(indices=[18, 19, 20, 21, 22, 23, 24, 25, 26, 27, 28, 29, 30, 31, 32, 33, 34, 35])], calculator=SinglePointCalculator(...))",0.0085,1724251946.0,Wed Aug 21 16:52:26 2024,6.12020152854463,7.495685433968,23.9339993389473,90.0,CHNi36O,"[<ase.constraints.FixBondLengths object at 0x7f93d8665190>, FixAtoms(indices=[18, 19, 20, 21, 22, 23, 24, 25, 26, 27, 28, 29, 30, 31, 32, 33, 34, 35])]",,1,1,1.0,36,Ni-slabs,Ni-slabs,/data/Chapter6/Ni-slabs.hdf,112,HCO,True,Ni-211-clean-3x3x4,Ni-211-clean-3x3x4,-78.40925744,Ni36,False,ok,1.0,1.0,1.0,-15.689550229999995,0.0,0.0,0.0,0.0,0.0,0.0,0.0,,,,,True,Ni-211-clean-3x3x4,HCO%HC_O,1,3,Ni-slabs|Ni-211-clean-3x3x4|HCO%HC_O|1,0.912195060000002,0.912195060000002
/data/calculations/Ni/slabs/211/clean/3x3x4/copt/HCO%HC_O/1/04,Ni-211-clean-3x3x4-copt-HCO%HC_O-1-04,"['BCF.dat', 'INCAR', 'run.py', 'out.txt', 'OSZICAR', 'DOS5', 'DOS2', 'final.e', 'DOS13', 'DOS14', 'final.traj', 'DOS22', 'DOS25', 'DOS3', 'DOS4', 'OUTCAR', 'DOS24', 'DOS23', 'DOS15', 'DOS12', 'DOS30', 'DOS37', 'DOS39', 'tmp.dat2', 'DOS38', 'AVF.dat', 'DOS36', 'DOS31', 'ACF.dat', 'calc.traj', 'CONTCAR', 'Ni-211-clean-3x3x4-copt-HCOHC_O-1-04-top.ini', 'tmp.dat', 'Ni-211-clean-3x3x4-copt-HCOHC_O-1-04-side.ini', 'POSCAR', 'submit.sh', 'DOS17', 'DOS28', 'DOS10', 'DOS26', 'DOS19', 'DOS21', 'DOS1', 'DOS6', 'DOS8', 'DOS20', 'DOS27', 'DOS18', 'DOS11', 'DOS16', 'DOS29', 'DOS9', 'DOS7', 'DOS0', 'REPORT', 'vib-submit.sh', 'DOS34', 'DOS33', 'vib.py', 'ase-sort.dat', 'KPOINTS', 'DOS32', 'DOS35', 'Ni-211-clean-3x3x4-copt-HCOHC_O-1-04-side.pov', 'relax.traj', 'XDATCAR', 'first.traj', 'relax.log', 'Ni-211-clean-3x3x4-copt-HCOHC_O-1-04-top.pov']",-94.17771008,"Atoms(symbols='Ni36COH', pbc=True, cell=[6.12020152854463, 7.495685433968, 23.9339993389473], initial_magmoms=..., constraint=[<ase.constraints.FixBondLengths object at 0x7f93d8665640>, FixAtoms(indices=[18, 19, 20, 21, 22, 23, 24, 25, 26, 27, 28, 29, 30, 31, 32, 33, 34, 35])], calculator=SinglePointCalculator(...))",0.0057,1724251946.0,Wed Aug 21 16:52:26 2024,6.12020152854463,7.495685433968,23.9339993389473,90.0,CHNi36O,"[<ase.constraints.FixBondLengths object at 0x7f93d8665640>, FixAtoms(indices=[18, 19, 20, 21, 22, 23, 24, 25, 26, 27, 28, 29, 30, 31, 32, 33, 34, 35])]",,1,1,1.0,36,Ni-slabs,Ni-slabs,/data/Chapter6/Ni-slabs.hdf,113,HCO,True,Ni-211-clean-3x3x4,Ni-211-clean-3x3x4,-78.40925744,Ni36,False,ok,1.0,1.0,1.0,-15.768452639999992,0.0,0.0,0.0,0.0,0.0,0.0,0.0,,,,,True,Ni-211-clean-3x3x4,HCO%HC_O,1,4,Ni-slabs|Ni-211-clean-3x3x4|HCO%HC_O|1,0.8332926500000042,0.8332926500000042
/data/calculations/Ni/slabs/211/clean/3x3x4/copt/HCO%HC_O/1/05,Ni-211-clean-3x3x4-copt-HCO%HC_O-1-05,"['BCF.dat', 'INCAR', 'run.py', 'out.txt', 'OSZICAR', 'DOS5', 'DOS2', 'final.e', 'DOS13', 'DOS14', 'final.traj', 'DOS22', 'DOS25', 'DOS3', 'DOS4', 'OUTCAR', 'DOS24', 'DOS23', 'DOS15', 'DOS12', 'DOS30', 'DOS37', 'DOS39', 'tmp.dat2', 'DOS38', 'Ni-211-clean-3x3x4-copt-HCOHC_O-1-05-top.ini', 'AVF.dat', 'DOS36', 'DOS31', 'ACF.dat', 'calc.traj', 'CONTCAR', 'tmp.dat', 'Ni-211-clean-3x3x4-copt-HCOHC_O-1-05-side.ini', 'POSCAR', 'submit.sh', 'DOS17', 'DOS28', 'DOS10', 'DOS26', 'DOS19', 'DOS21', 'DOS1', 'DOS6', 'DOS8', 'DOS20', 'DOS27', 'DOS18', 'DOS11', 'DOS16', 'DOS29', 'DOS9', 'DOS7', 'DOS0', 'REPORT', 'vib-submit.sh', 'DOS34', 'DOS33', 'Ni-211-clean-3x3x4-copt-HCOHC_O-1-05-top.pov', 'vib.py', 'ase-sort.dat', 'KPOINTS', 'DOS32', 'DOS35', 'Ni-211-clean-3x3x4-copt-HCOHC_O-1-05-side.pov', 'relax.traj', 'XDATCAR', 'first.traj', 'relax.log']",-94.6118002,"Atoms(symbols='Ni36COH', pbc=True, cell=[6.12020152854463, 7.495685433968, 23.9339993389473], initial_magmoms=..., constraint=[<ase.constraints.FixBondLengths object at 0x7f93d8665af0>, FixAtoms(indices=[18, 19, 20, 21, 22, 23, 24, 25, 26, 27, 28, 29, 30, 31, 32, 33, 34, 35])], calculator=SinglePointCalculator(...))",0.0064,1724251946.0,Wed Aug 21 16:52:26 2024,6.12020152854463,7.495685433968,23.9339993389473,90.0,CHNi36O,"[<ase.constraints.FixBondLengths object at 0x7f93d8665af0>, FixAtoms(indices=[18, 19, 20, 21, 22, 23, 24, 25, 26, 27, 28, 29, 30, 31, 32, 33, 34, 35])]",,1,1,1.0,36,Ni-slabs,Ni-slabs,/data/Chapter6/Ni-slabs.hdf,114,HCO,True,Ni-211-clean-3x3x4,Ni-211-clean-3x3x4,-78.40925744,Ni36,False,ok,1.0,1.0,1.0,-16.20254276,0.0,0.0,0.0,0.0,0.0,0.0,0.0,,,,,True,Ni-211-clean-3x3x4,HCO%HC_O,1,5,Ni-slabs|Ni-211-clean-3x3x4|HCO%HC_O|1,0.3992025299999966,0.3992025299999966
/data/calculations/Ni/slabs/211/clean/3x3x4/copt/HCO%HC_O/1/06,Ni-211-clean-3x3x4-copt-HCO%HC_O-1-06,"['Ni-211-clean-3x3x4-copt-HCOHC_O-1-06-top.ini', 'BCF.dat', 'INCAR', 'run.py', 'out.txt', 'OSZICAR', 'DOS5', 'DOS2', 'final.e', 'DOS13', 'DOS14', 'final.traj', 'DOS22', 'DOS25', 'DOS3', 'DOS4', 'OUTCAR', 'DOS24', 'DOS23', 'DOS15', 'DOS12', 'DOS30', 'DOS37', 'DOS39', 'tmp.dat2', 'DOS38', 'AVF.dat', 'DOS36', 'DOS31', 'ACF.dat', 'Ni-211-clean-3x3x4-copt-HCOHC_O-1-06-side.pov', 'calc.traj', 'CONTCAR', 'tmp.dat', 'POSCAR', 'submit.sh', 'Ni-211-clean-3x3x4-copt-HCOHC_O-1-06-top.pov', 'DOS17', 'DOS28', 'DOS10', 'DOS26', 'DOS19', 'DOS21', 'DOS1', 'DOS6', 'DOS8', 'DOS20', 'DOS27', 'DOS18', 'DOS11', 'DOS16', 'DOS29', 'DOS9', 'DOS7', 'DOS0', 'Ni-211-clean-3x3x4-copt-HCOHC_O-1-06-side.ini', 'REPORT', 'vib-submit.sh', 'DOS34', 'DOS33', 'vib.py', 'ase-sort.dat', 'KPOINTS', 'DOS32', 'DOS35', 'relax.traj', 'XDATCAR', 'relax.log']",-95.00551015,"Atoms(symbols='Ni36COH', pbc=True, cell=[6.12020152854463, 7.495685433968, 23.9339993389473], initial_magmoms=..., constraint=FixAtoms(indices=[18, 19, 20, 21, 22, 23, 24, 25, 26, 27, 28, 29, 30, 31, 32, 33, 34, 35]), calculator=SinglePointCalculator(...))",0.0083,1724251946.0,Wed Aug 21 16:52:26 2024,6.12020152854463,7.495685433968,23.9339993389473,90.0,CHNi36O,"[FixAtoms(indices=[18, 19, 20, 21, 22, 23, 24, 25, 26, 27, 28, 29, 30, 31, 32, 33, 34, 35])]",,1,1,1.0,36,Ni-slabs,Ni-slabs,/data/Chapter6/Ni-slabs.hdf,118,HCO,True,Ni-211-clean-3x3x4,Ni-211-clean-3x3x4,-78.40925744,Ni36,False,ok,1.0,1.0,1.0,-16.59625271,0.0,0.0,0.0,0.0,0.0,0.0,0.0,,,,,True,Ni-211-clean-3x3x4,HCO%HC_O,1,6,Ni-slabs|Ni-211-clean-3x3x4|HCO%HC_O|1,0.005492579999994973,0.005492579999994973
/data/calculations/Ni/slabs/211/clean/3x3x4/copt/HCO%HC_O/2/01,Ni-211-clean-3x3x4-copt-HCO%HC_O-2-01,"['Ni-211-clean-3x3x4-copt-HCOHC_O-1-01-top.pov', 'BCF.dat', 'INCAR', 'run.py', 'out.txt', 'OSZICAR', 'DOS5', 'DOS2', 'final.e', 'DOS13', 'DOS14', 'final.traj', 'DOS22', 'DOS25', 'DOS3', 'DOS4', 'OUTCAR', 'DOS24', 'Ni-211-clean-3x3x4-copt-HCOHC_O-1-01-side.pov', 'DOS23', 'DOS15', 'DOS12', 'DOS30', 'DOS37', 'Ni-211-clean-3x3x4-copt-HCOHC_O-2-01-side.pov', 'DOS39', 'tmp.dat2', 'DOS38', 'AVF.dat', 'DOS36', 'DOS31', 'ACF.dat', 'calc.traj', 'CONTCAR', 'tmp.dat', 'Ni-211-clean-3x3x4-copt-HCOHC_O-2-01-top.ini', 'POSCAR', 'submit.sh', 'Ni-211-clean-3x3x4-copt-HCOHC_O-1-01-top.ini', 'DOS17', 'DOS28', 'Ni-211-clean-3x3x4-copt-HCOHC_O-1-01-side.ini', 'DOS10', 'DOS26', 'DOS19', 'DOS21', 'DOS1', 'DOS6', 'DOS8', 'DOS20', 'DOS27', 'DOS18', 'DOS11', 'DOS16', 'DOS29', 'DOS9', 'DOS7', 'DOS0', 'REPORT', 'vib-submit.sh', 'DOS34', 'DOS33', 'vib.py', 'ase-sort.dat', 'KPOINTS', 'DOS32', 'Ni-211-clean-3x3x4-copt-HCOHC_O-2-01-side.ini', 'DOS35', 'Ni-211-clean-3x3x4-copt-HCOHC_O-2-01-top.pov', 'relax.traj', 'XDATCAR', 'first.traj', 'relax.log']",-94.92941644,"Atoms(symbols='Ni36COH', pbc=True, cell=[6.12020152854463, 7.495685433968, 23.9339993389473], initial_magmoms=..., constraint=[<ase.constraints.FixBondLengths object at 0x7f93d86f2e80>, FixAtoms(indices=[18, 19, 20, 21, 22, 23, 24, 25, 26, 27, 28, 29, 30, 31, 32, 33, 34, 35])], calculator=SinglePointCalculator(...))",0.0078,1724251946.0,Wed Aug 21 16:52:26 2024,6.12020152854463,7.495685433968,23.9339993389473,90.0,CHNi36O,"[<ase.constraints.FixBondLengths object at 0x7f93d86f2e80>, FixAtoms(indices=[18, 19, 20, 21, 22, 23, 24, 25, 26, 27, 28, 29, 30, 31, 32, 33, 34, 35])]",,1,1,1.0,36,Ni-slabs,Ni-slabs,/data/Chapter6/Ni-slabs.hdf,133,HCO,True,Ni-211-clean-3x3x4,Ni-211-clean-3x3x4,-78.40925744,Ni36,False,ok,1.0,1.0,1.0,-16.520158999999992,0.0,0.0,0.0,0.0,0.0,0.0,0.0,,,,,True,Ni-211-clean-3x3x4,HCO%HC_O,2,1,Ni-slabs|Ni-211-clean-3x3x4|HCO%HC_O|2,0.0,0.0760937100000092
/data/calculations/Ni/slabs/211/clean/3x3x4/copt/HCO%HC_O/2/02,Ni-211-clean-3x3x4-copt-HCO%HC_O-2-02,"['individual_vib.py', 'BCF.dat', 'INCAR', 'run.py', 'out.txt', 'gibbs.e', 'OSZICAR', 'individual_vib.txt', 'DOS5', 'vib-calc.traj', 'DOS2', 'Ni-211-clean-3x3x4-copt-HCOHC_O-2-02-top.ini', 'vib.37z-.pckl', 'final.e', 'DOS13', 'relax.traj2', 'DOS14', 'final.traj', 'OUTCAR3', 'DOS22', 'DOS25', 'DOS3', 'DOS4', 'OUTCAR', 'vib.37x-.pckl', 'DOS24', 'DOS23', 'DOS15', 'OUTCAR2', 'DOS12', 'vib.37y+.pckl', 'DOS30', 'individual_vib.xyz', 'DOS37', 'DOS39', 'tmp.dat2', 'DOS38', 'AVF.dat', 'DOS36', 'DOS31', 'ACF.dat', 'calc.traj', 'CONTCAR', 'vib.37x+.pckl', 'tmp.dat', 'Ni-211-clean-3x3x4-copt-HCOHC_O-2-02-side.ini', 'vib.37y-.pckl', 'vib.37z+.pckl', 'POSCAR', 'vib.eq.pckl', 'CO1', 'submit.sh', 'vib.38z-.pckl', 'vib.38x-.pckl', 'spliced.traj', 'vib.38y+.pckl', 'BWUNI.sh', 'DOS17', 'DOS28', 'DOS10', 'relax.traj1', 'vib.36x-.pckl', 'DOS26', 'DOS19', 'vib.36y+.pckl', 'DOS21', 'DOS1', 'DOS6', 'DOS8', 'DOS20', 'vib-BWUNI.sh', 'DOS27', 'DOS18', 'DOS11', 'DOS16', 'DOS29', 'OUTCAR1', 'DOS9', 'DOS7', 'vib.36z-.pckl', 'DOS0', 'Ni-211-clean-3x3x4-copt-HCOHC_O-2-02-top.pov', 'REPORT', 'vib-submit.sh', 'vib.38x+.pckl', 'vib.38y-.pckl', 'DOS34', 'DOS33', 'vib.py', 'ase-sort.dat', 'KPOINTS', 'vib.xyz', 'DOS32', 'vib.38z+.pckl', 'DOS35', 'relax.traj', 'vib.36z+.pckl', 'vib.36x+.pckl', 'Ni-211-clean-3x3x4-copt-HCOHC_O-2-02-side.pov', 'vib.36y-.pckl', 'XDATCAR', 'first.traj', 'relax.log']",-93.85460834,"Atoms(symbols='Ni36COH', pbc=True, cell=[6.12020152854463, 7.495685433968, 23.9339993389473], initial_magmoms=..., constraint=[<ase.constraints.FixBondLengths object at 0x7f93d86f29d0>, FixAtoms(indices=[18, 19, 20, 21, 22, 23, 24, 25, 26, 27, 28, 29, 30, 31, 32, 33, 34, 35])], calculator=SinglePointCalculator(...))",0.0089,1722992447.0,Wed Aug  7 03:00:47 2024,6.12020152854463,7.495685433968,23.9339993389473,90.0,CHNi36O,"[<ase.constraints.FixBondLengths object at 0x7f93d86f29d0>, FixAtoms(indices=[18, 19, 20, 21, 22, 23, 24, 25, 26, 27, 28, 29, 30, 31, 32, 33, 34, 35])]",,1,1,1.0,36,Ni-slabs,Ni-slabs,/data/Chapter6/Ni-slabs.hdf,132,HCO,True,Ni-211-clean-3x3x4,Ni-211-clean-3x3x4,-78.40925744,Ni36,False,ok,1.0,1.0,1.0,-15.445350899999994,0.0,0.0,0.0,0.0,0.0,0.0,0.0,,,,,True,Ni-211-clean-3x3x4,HCO%HC_O,2,2,Ni-slabs|Ni-211-clean-3x3x4|HCO%HC_O|2,1.0748080999999985,1.1509018100000077
/data/calculations/Ni/slabs/211/clean/3x3x4/copt/HCO%HC_O/2/03,Ni-211-clean-3x3x4-copt-HCO%HC_O-2-03,"['BCF.dat', 'Ni-211-clean-3x3x4-copt-HCOHC_O-1-03-side.ini', 'INCAR', 'run.py', 'Ni-211-clean-3x3x4-copt-HCOHC_O-2-03-top.ini', 'out.txt', 'OSZICAR', 'DOS5', 'DOS2', 'final.e', 'DOS13', 'DOS14', 'final.traj', 'DOS22', 'DOS25', 'DOS3', 'DOS4', 'OUTCAR', 'DOS24', 'DOS23', 'DOS15', 'DOS12', 'DOS30', 'DOS37', 'DOS39', 'tmp.dat2', 'DOS38', 'AVF.dat', 'DOS36', 'DOS31', 'ACF.dat', 'Ni-211-clean-3x3x4-copt-HCOHC_O-1-03-top.pov', 'calc.traj', 'CONTCAR', 'tmp.dat', 'Ni-211-clean-3x3x4-copt-HCOHC_O-2-03-side.ini', 'POSCAR', 'submit.sh', 'Ni-211-clean-3x3x4-copt-HCOHC_O-1-03-side.pov', 'Ni-211-clean-3x3x4-copt-HCOHC_O-2-03-top.pov', 'DOS17', 'DOS28', 'DOS10', 'DOS26', 'DOS19', 'DOS21', 'DOS1', 'DOS6', 'DOS8', 'DOS20', 'vib-BWUNI.sh', 'DOS27', 'DOS18', 'DOS11', 'DOS16', 'DOS29', 'DOS9', 'DOS7', 'DOS0', 'REPORT', 'vib-submit.sh', 'DOS34', 'DOS33', 'vib.py', 'ase-sort.dat', 'KPOINTS', 'DOS32', 'DOS35', 'relax.traj', 'Ni-211-clean-3x3x4-copt-HCOHC_O-2-03-side.pov', 'XDATCAR', 'Ni-211-clean-3x3x4-copt-HCOHC_O-1-03-top.ini', 'first.traj', 'relax.log']",-94.09880767,"Atoms(symbols='Ni36COH', pbc=True, cell=[6.12020152854463, 7.495685433968, 23.9339993389473], initial_magmoms=..., constraint=[<ase.constraints.FixBondLengths object at 0x7f93d86d5b80>, FixAtoms(indices=[18, 19, 20, 21, 22, 23, 24, 25, 26, 27, 28, 29, 30, 31, 32, 33, 34, 35])], calculator=SinglePointCalculator(...))",0.0085,1724251946.0,Wed Aug 21 16:52:26 2024,6.12020152854463,7.495685433968,23.9339993389473,90.0,CHNi36O,"[<ase.constraints.FixBondLengths object at 0x7f93d86d5b80>, FixAtoms(indices=[18, 19, 20, 21, 22, 23, 24, 25, 26, 27, 28, 29, 30, 31, 32, 33, 34, 35])]",,1,1,1.0,36,Ni-slabs,Ni-slabs,/data/Chapter6/Ni-slabs.hdf,129,HCO,True,Ni-211-clean-3x3x4,Ni-211-clean-3x3x4,-78.40925744,Ni36,False,ok,1.0,1.0,1.0,-15.689550229999995,0.0,0.0,0.0,0.0,0.0,0.0,0.0,,,,,True,Ni-211-clean-3x3x4,HCO%HC_O,2,3,Ni-slabs|Ni-211-clean-3x3x4|HCO%HC_O|2,0.8306087699999978,0.906702480000007
/data/calculations/Ni/slabs/211/clean/3x3x4/copt/HCO%HC_O/2/04,Ni-211-clean-3x3x4-copt-HCO%HC_O-2-04,"['Ni-211-clean-3x3x4-copt-HCOHC_O-2-04-side.ini', 'Ni-211-clean-3x3x4-copt-HCOHC_O-2-04-top.pov', 'BCF.dat', 'INCAR', 'run.py', 'out.txt', 'OSZICAR', 'DOS5', 'DOS2', 'final.e', 'DOS13', 'DOS14', 'final.traj', 'DOS22', 'DOS25', 'DOS3', 'DOS4', 'OUTCAR', 'DOS24', 'DOS23', 'DOS15', 'DOS12', 'DOS30', 'DOS37', 'DOS39', 'tmp.dat2', 'DOS38', 'AVF.dat', 'DOS36', 'DOS31', 'ACF.dat', 'calc.traj', 'CONTCAR', 'Ni-211-clean-3x3x4-copt-HCOHC_O-1-04-top.ini', 'tmp.dat', 'Ni-211-clean-3x3x4-copt-HCOHC_O-1-04-side.ini', 'POSCAR', 'submit.sh', 'Ni-211-clean-3x3x4-copt-HCOHC_O-2-04-top.ini', 'Ni-211-clean-3x3x4-copt-HCOHC_O-2-04-side.pov', 'DOS17', 'DOS28', 'DOS10', 'DOS26', 'DOS19', 'DOS21', 'DOS1', 'DOS6', 'DOS8', 'DOS20', 'DOS27', 'DOS18', 'DOS11', 'DOS16', 'DOS29', 'DOS9', 'DOS7', 'DOS0', 'REPORT', 'vib-submit.sh', 'DOS34', 'DOS33', 'vib.py', 'ase-sort.dat', 'KPOINTS', 'DOS32', 'DOS35', 'Ni-211-clean-3x3x4-copt-HCOHC_O-1-04-side.pov', 'relax.traj', 'XDATCAR', 'first.traj', 'relax.log', 'Ni-211-clean-3x3x4-copt-HCOHC_O-1-04-top.pov']",-94.17771008,"Atoms(symbols='Ni36COH', pbc=True, cell=[6.12020152854463, 7.495685433968, 23.9339993389473], initial_magmoms=..., constraint=[<ase.constraints.FixBondLengths object at 0x7f93d86f2070>, FixAtoms(indices=[18, 19, 20, 21, 22, 23, 24, 25, 26, 27, 28, 29, 30, 31, 32, 33, 34, 35])], calculator=SinglePointCalculator(...))",0.0057,1724251946.0,Wed Aug 21 16:52:26 2024,6.12020152854463,7.495685433968,23.9339993389473,90.0,CHNi36O,"[<ase.constraints.FixBondLengths object at 0x7f93d86f2070>, FixAtoms(indices=[18, 19, 20, 21, 22, 23, 24, 25, 26, 27, 28, 29, 30, 31, 32, 33, 34, 35])]",,1,1,1.0,36,Ni-slabs,Ni-slabs,/data/Chapter6/Ni-slabs.hdf,130,HCO,True,Ni-211-clean-3x3x4,Ni-211-clean-3x3x4,-78.40925744,Ni36,False,ok,1.0,1.0,1.0,-15.768452639999992,0.0,0.0,0.0,0.0,0.0,0.0,0.0,,,,,True,Ni-211-clean-3x3x4,HCO%HC_O,2,4,Ni-slabs|Ni-211-clean-3x3x4|HCO%HC_O|2,0.75170636,0.8278000700000092
/data/calculations/Ni/slabs/211/clean/3x3x4/copt/HCO%HC_O/2/05,Ni-211-clean-3x3x4-copt-HCO%HC_O-2-05,"['Ni-211-clean-3x3x4-copt-HCOHC_O-2-05-side.ini', 'BCF.dat', 'INCAR', 'run.py', 'out.txt', 'OSZICAR', 'DOS5', 'DOS2', 'Ni-211-clean-3x3x4-copt-HCOHC_O-2-05-top.pov', 'final.e', 'DOS13', 'DOS14', 'final.traj', 'DOS22', 'DOS25', 'DOS3', 'DOS4', 'OUTCAR', 'DOS24', 'DOS23', 'DOS15', 'DOS12', 'DOS30', 'DOS37', 'DOS39', 'tmp.dat2', 'DOS38', 'Ni-211-clean-3x3x4-copt-HCOHC_O-1-05-top.ini', 'AVF.dat', 'DOS36', 'DOS31', 'ACF.dat', 'calc.traj', 'CONTCAR', 'tmp.dat', 'Ni-211-clean-3x3x4-copt-HCOHC_O-1-05-side.ini', 'POSCAR', 'submit.sh', 'Ni-211-clean-3x3x4-copt-HCOHC_O-2-05-side.pov', 'DOS17', 'DOS28', 'DOS10', 'DOS26', 'DOS19', 'DOS21', 'DOS1', 'DOS6', 'DOS8', 'DOS20', 'DOS27', 'DOS18', 'DOS11', 'DOS16', 'DOS29', 'Ni-211-clean-3x3x4-copt-HCOHC_O-2-05-top.ini', 'DOS9', 'DOS7', 'DOS0', 'REPORT', 'vib-submit.sh', 'DOS34', 'DOS33', 'Ni-211-clean-3x3x4-copt-HCOHC_O-1-05-top.pov', 'vib.py', 'ase-sort.dat', 'KPOINTS', 'DOS32', 'DOS35', 'Ni-211-clean-3x3x4-copt-HCOHC_O-1-05-side.pov', 'relax.traj', 'XDATCAR', 'first.traj', 'relax.log']",-94.6118002,"Atoms(symbols='Ni36COH', pbc=True, cell=[6.12020152854463, 7.495685433968, 23.9339993389473], initial_magmoms=..., constraint=[<ase.constraints.FixBondLengths object at 0x7f93d86f2520>, FixAtoms(indices=[18, 19, 20, 21, 22, 23, 24, 25, 26, 27, 28, 29, 30, 31, 32, 33, 34, 35])], calculator=SinglePointCalculator(...))",0.0064,1724251946.0,Wed Aug 21 16:52:26 2024,6.12020152854463,7.495685433968,23.9339993389473,90.0,CHNi36O,"[<ase.constraints.FixBondLengths object at 0x7f93d86f2520>, FixAtoms(indices=[18, 19, 20, 21, 22, 23, 24, 25, 26, 27, 28, 29, 30, 31, 32, 33, 34, 35])]",,1,1,1.0,36,Ni-slabs,Ni-slabs,/data/Chapter6/Ni-slabs.hdf,131,HCO,True,Ni-211-clean-3x3x4,Ni-211-clean-3x3x4,-78.40925744,Ni36,False,ok,1.0,1.0,1.0,-16.20254276,0.0,0.0,0.0,0.0,0.0,0.0,0.0,,,,,True,Ni-211-clean-3x3x4,HCO%HC_O,2,5,Ni-slabs|Ni-211-clean-3x3x4|HCO%HC_O|2,0.31761623999999244,0.39370995000000164
/data/calculations/Ni/slabs/211/clean/3x3x4/copt/HCO%HC_O/2/06,Ni-211-clean-3x3x4-copt-HCO%HC_O-2-06,"['BCF.dat', 'INCAR', 'run.py', 'out.txt', 'OSZICAR', 'DOS5', 'DOS2', 'Ni-211-clean-3x3x4-copt-HCOHC_O-2-06-side.pov', 'final.e', 'DOS13', 'DOS14', 'final.traj', 'DOS22', 'DOS25', 'DOS3', 'DOS4', 'OUTCAR', 'DOS24', 'DOS23', 'DOS15', 'DOS12', 'DOS30', 'DOS37', 'DOS39', 'tmp.dat2', 'DOS38', 'AVF.dat', 'DOS36', 'DOS31', 'ACF.dat', 'calc.traj', 'CONTCAR', 'tmp.dat', 'Ni-211-clean-3x3x4-copt-HCOHC_O-2-06-top.pov', 'POSCAR', 'submit.sh', 'DOS17', 'DOS28', 'DOS10', 'DOS26', 'DOS19', 'DOS21', 'DOS1', 'DOS6', 'DOS8', 'DOS20', 'DOS27', 'DOS18', 'DOS11', 'DOS16', 'DOS29', 'DOS9', 'DOS7', 'Ni-211-clean-3x3x4-copt-HCOHC_O-2-06-side.ini', 'DOS0', 'vib-submit.sh', 'DOS34', 'DOS33', 'vib.py', 'ase-sort.dat', 'KPOINTS', 'DOS32', 'DOS35', 'relax.traj', 'Ni-211-clean-3x3x4-copt-HCOHC_O-2-06-top.ini', 'XDATCAR', 'relax.log']",-95.00551015,"Atoms(symbols='Ni36COH', pbc=True, cell=[6.12020152854463, 7.495685433968, 23.9339993389473], initial_magmoms=..., constraint=FixAtoms(indices=[18, 19, 20, 21, 22, 23, 24, 25, 26, 27, 28, 29, 30, 31, 32, 33, 34, 35]), calculator=SinglePointCalculator(...))",0.0083,1724251946.0,Wed Aug 21 16:52:26 2024,6.12020152854463,7.495685433968,23.9339993389473,90.0,CHNi36O,"[FixAtoms(indices=[18, 19, 20, 21, 22, 23, 24, 25, 26, 27, 28, 29, 30, 31, 32, 33, 34, 35])]",,1,1,1.0,36,Ni-slabs,Ni-slabs,/data/Chapter6/Ni-slabs.hdf,134,HCO,True,Ni-211-clean-3x3x4,Ni-211-clean-3x3x4,-78.40925744,Ni36,False,ok,1.0,1.0,1.0,-16.59625271,0.0,0.0,0.0,0.0,0.0,0.0,0.0,,,,,True,Ni-211-clean-3x3x4,HCO%HC_O,2,6,Ni-slabs|Ni-211-clean-3x3x4|HCO%HC_O|2,-0.0760937100000092,0.0
/data/calculations/Ni/slabs/211/clean/3x3x4/copt/HCO%HC_O/3/00,Ni-211-clean-3x3x4-copt-HCO%HC_O-3-00,"['BCF.dat', 'INCAR', 'run.py', 'out.txt', 'gibbs.e', 'OSZICAR', 'DOS5', 'DOS2', 'vib.37z-.pckl', 'final.e', 'DOS13', 'relax.traj2', 'DOS14', 'Ni-211-clean-3x3x4-HCO-AA-1-top.pov', 'final.traj', 'DOS22', 'DOS25', 'DOS3', 'DOS4', 'OUTCAR', 'vib.37x-.pckl', 'DOS24', 'DOS23', 'DOS15', 'OUTCAR2', 'DOS12', 'vib.37y+.pckl', 'DOS30', 'DOS37', 'DOS39', 'tmp.dat2', 'DOS38', 'AVF.dat', 'DOS36', 'DOS31', 'Ni-211-clean-3x3x4-HCO-AA-1-side.pov', 'ACF.dat', 'Ni-211-clean-3x3x4-copt-HCOHC_O-3-00-side.ini', 'CONTCAR', 'vib.37x+.pckl', 'tmp.dat', 'Ni-211-clean-3x3x4-HCO-AA-top.pov', 'vib.37y-.pckl', 'vib.37z+.pckl', 'POSCAR', 'vib.eq.pckl', 'Ni-211-clean-3x3x4-HCO-AA-side.pov', 'Ni-211-clean-3x3x4-copt-HCOHC_O-3-00-top.pov', 'vib.38z-.pckl', 'vib.38x-.pckl', 'vib.38y+.pckl', 'BWUNI.sh', 'DOS17', 'DOS28', 'DOS10', 'relax.traj1', 'vib.36x-.pckl', 'DOS26', 'DOS19', 'vib.36y+.pckl', 'DOS21', 'DOS1', 'DOS6', 'DOS8', 'Ni-211-clean-3x3x4-HCO-AA-1-top.ini', 'DOS20', 'vib-BWUNI.sh', 'DOS27', 'DOS18', 'DOS11', 'DOS16', 'DOS29', 'OUTCAR1', 'DOS9', 'DOS7', 'vib.36z-.pckl', 'DOS0', 'vib.38x+.pckl', 'vib.38y-.pckl', 'DOS34', 'DOS33', 'Ni-211-clean-3x3x4-HCO-AA-1-side.ini', 'vib.py', 'ase-sort.dat', 'KPOINTS', 'vib.xyz', 'DOS32', 'vib.38z+.pckl', 'DOS35', 'Ni-211-clean-3x3x4-copt-HCOHC_O-3-00-top.ini', 'Ni-211-clean-3x3x4-HCO-AA-side.ini', 'relax.traj', 'vib.36z+.pckl', 'Ni-211-clean-3x3x4-HCO-AA-top.ini', 'vib.36x+.pckl', 'vib.36y-.pckl', 'XDATCAR', 'first.traj', 'relax.log', 'Ni-211-clean-3x3x4-copt-HCOHC_O-3-00-side.pov']",-95.05315634,"Atoms(symbols='Ni36COH', pbc=True, cell=[6.120201528544627, 7.495685433967997, 23.93399933894733], initial_magmoms=..., constraint=FixAtoms(indices=[18, 19, 20, 21, 22, 23, 24, 25, 26, 27, 28, 29, 30, 31, 32, 33, 34, 35]), calculator=SinglePointCalculator(...))",0.009,1721983593.0,Fri Jul 26 10:46:33 2024,6.120201528544627,7.495685433967997,23.93399933894733,90.0,CHNi36O,"[FixAtoms(indices=[18, 19, 20, 21, 22, 23, 24, 25, 26, 27, 28, 29, 30, 31, 32, 33, 34, 35])]",,1,1,1.0,36,Ni-slabs,Ni-slabs,/data/Chapter6/Ni-slabs.hdf,126,HCO,True,Ni-211-clean-3x3x4,Ni-211-clean-3x3x4,-78.40925744,Ni36,False,ok,1.0,1.0,1.0,-16.643898899999996,0.0,0.0,0.0,0.0,0.0,0.0,0.0,,,,,True,Ni-211-clean-3x3x4,HCO%HC_O,3,0,Ni-slabs|Ni-211-clean-3x3x4|HCO%HC_O|3,0.0,0.0
/data/calculations/Ni/slabs/211/clean/3x3x4/copt/HCO%HC_O/3/01,Ni-211-clean-3x3x4-copt-HCO%HC_O-3-01,"['BCF.dat', 'INCAR', 'run.py', 'out.txt', 'OSZICAR', 'DOS5', 'DOS2', 'final.e', 'DOS13', 'DOS14', 'final.traj', 'DOS22', 'DOS25', 'DOS3', 'DOS4', 'OUTCAR', 'DOS24', 'DOS23', 'DOS15', 'DOS12', 'DOS30', 'DOS37', 'DOS39', 'tmp.dat2', 'Ni-211-clean-3x3x4-copt-HCOHC_O-3-01-top.pov', 'DOS38', 'AVF.dat', 'DOS36', 'DOS31', 'ACF.dat', 'calc.traj', 'Ni-211-clean-3x3x4-copt-HCOHC_O-3-01-side.ini', 'CONTCAR', 'tmp.dat', 'POSCAR', 'submit.sh', 'DOS17', 'DOS28', 'DOS10', 'DOS26', 'DOS19', 'DOS21', 'DOS1', 'DOS6', 'DOS8', 'DOS20', 'DOS27', 'DOS18', 'DOS11', 'DOS16', 'DOS29', 'DOS9', 'DOS7', 'DOS0', 'REPORT', 'vib-submit.sh', 'DOS34', 'DOS33', 'vib.py', 'ase-sort.dat', 'KPOINTS', 'Ni-211-clean-3x3x4-copt-HCOHC_O-3-01-top.ini', 'DOS32', 'DOS35', 'relax.traj', 'XDATCAR', 'first.traj', 'relax.log', 'Ni-211-clean-3x3x4-copt-HCOHC_O-3-01-side.pov']",-94.68454072,"Atoms(symbols='Ni36COH', pbc=True, cell=[6.12020152854463, 7.495685433968, 23.9339993389473], initial_magmoms=..., constraint=[<ase.constraints.FixBondLengths object at 0x7f93d86d5370>, FixAtoms(indices=[18, 19, 20, 21, 22, 23, 24, 25, 26, 27, 28, 29, 30, 31, 32, 33, 34, 35])], calculator=SinglePointCalculator(...))",0.0069,1724251946.0,Wed Aug 21 16:52:26 2024,6.12020152854463,7.495685433968,23.9339993389473,90.0,CHNi36O,"[<ase.constraints.FixBondLengths object at 0x7f93d86d5370>, FixAtoms(indices=[18, 19, 20, 21, 22, 23, 24, 25, 26, 27, 28, 29, 30, 31, 32, 33, 34, 35])]",,1,1,1.0,36,Ni-slabs,Ni-slabs,/data/Chapter6/Ni-slabs.hdf,127,HCO,True,Ni-211-clean-3x3x4,Ni-211-clean-3x3x4,-78.40925744,Ni36,False,ok,1.0,1.0,1.0,-16.275283279999996,0.0,0.0,0.0,0.0,0.0,0.0,0.0,,,,,True,Ni-211-clean-3x3x4,HCO%HC_O,3,1,Ni-slabs|Ni-211-clean-3x3x4|HCO%HC_O|3,0.3686156199999999,0.3686156199999999
/data/calculations/Ni/slabs/211/clean/3x3x4/copt/HCO%HC_O/3/02,Ni-211-clean-3x3x4-copt-HCO%HC_O-3-02,"['BCF.dat', 'INCAR', 'run.py', 'out.txt', 'OSZICAR', 'Ni-211-clean-3x3x4-copt-HCOHC_O-3-02-top.pov', 'DOS5', 'DOS2', 'final.e', 'DOS13', 'DOS14', 'final.traj', 'DOS22', 'DOS25', 'DOS3', 'DOS4', 'OUTCAR', 'DOS24', 'DOS23', 'DOS15', 'DOS12', 'DOS30', 'DOS37', 'DOS39', 'tmp.dat2', 'Ni-211-clean-3x3x4-copt-HCOHC_O-3-02-side.pov', 'DOS38', 'AVF.dat', 'DOS36', 'DOS31', 'ACF.dat', 'calc.traj', 'CONTCAR', 'tmp.dat', 'POSCAR', 'Ni-211-clean-3x3x4-copt-HCOHC_O-3-02-top.ini', 'submit.sh', 'DOS17', 'DOS28', 'DOS10', 'DOS26', 'DOS19', 'DOS21', 'DOS1', 'DOS6', 'DOS8', 'DOS20', 'DOS27', 'DOS18', 'DOS11', 'DOS16', 'DOS29', 'DOS9', 'DOS7', 'DOS0', 'REPORT', 'vib-submit.sh', 'DOS34', 'DOS33', 'vib.py', 'Ni-211-clean-3x3x4-copt-HCOHC_O-3-02-side.ini', 'ase-sort.dat', 'KPOINTS', 'DOS32', 'DOS35', 'relax.traj', 'XDATCAR', 'first.traj', 'relax.log']",-94.331955,"Atoms(symbols='Ni36COH', pbc=True, cell=[6.12020152854463, 7.495685433968, 23.9339993389473], initial_magmoms=..., constraint=[<ase.constraints.FixBondLengths object at 0x7f93d86bcac0>, FixAtoms(indices=[18, 19, 20, 21, 22, 23, 24, 25, 26, 27, 28, 29, 30, 31, 32, 33, 34, 35])], calculator=SinglePointCalculator(...))",0.0092,1724251946.0,Wed Aug 21 16:52:26 2024,6.12020152854463,7.495685433968,23.9339993389473,90.0,CHNi36O,"[<ase.constraints.FixBondLengths object at 0x7f93d86bcac0>, FixAtoms(indices=[18, 19, 20, 21, 22, 23, 24, 25, 26, 27, 28, 29, 30, 31, 32, 33, 34, 35])]",,1,1,1.0,36,Ni-slabs,Ni-slabs,/data/Chapter6/Ni-slabs.hdf,125,HCO,True,Ni-211-clean-3x3x4,Ni-211-clean-3x3x4,-78.40925744,Ni36,False,ok,1.0,1.0,1.0,-15.922697559999989,0.0,0.0,0.0,0.0,0.0,0.0,0.0,,,,,True,Ni-211-clean-3x3x4,HCO%HC_O,3,2,Ni-slabs|Ni-211-clean-3x3x4|HCO%HC_O|3,0.7212013400000075,0.7212013400000075
/data/calculations/Ni/slabs/211/clean/3x3x4/copt/HCO%HC_O/3/03,Ni-211-clean-3x3x4-copt-HCO%HC_O-3-03,"['individual_vib.py', 'BCF.dat', 'vib', 'INCAR', 'run.py', 'out.txt', 'gibbs.e', 'OSZICAR', 'individual_vib.txt', 'DOS5', 'vib-calc.traj', 'DOS2', 'vib.37z-.pckl', 'final.e', 'DOS13', 'Ni-211-clean-3x3x4-copt-HCOHC_O-3-03-top.pov', 'DOS14', 'final.traj', 'DOS22', 'DOS25', 'DOS3', 'DOS4', 'OUTCAR', 'vib.37x-.pckl', 'DOS24', 'DOS23', 'DOS15', 'DOS12', 'vib.37y+.pckl', 'DOS30', 'individual_vib.xyz', 'DOS37', 'DOS39', 'tmp.dat2', 'Ni-211-clean-3x3x4-copt-HCOHC_O-3-03-side.pov', 'DOS38', 'AVF.dat', 'DOS36', 'DOS31', 'ACF.dat', 'calc.traj', 'CONTCAR', 'vib.37x+.pckl', 'tmp.dat', 'vib.37y-.pckl', 'vib.37z+.pckl', 'POSCAR', 'vib.eq.pckl', 'CO1', 'submit.sh', 'Gout.txt', 'vib.38z-.pckl', 'vib.38x-.pckl', 'vib.38y+.pckl', 'DOS17', 'DOS28', 'DOS10', 'vib.36x-.pckl', 'DOS26', 'DOS19', 'vib.36y+.pckl', 'DOS21', 'DOS1', 'DOS6', 'DOS8', 'DOS20', 'vib-BWUNI.sh', 'DOS27', 'Ni-211-clean-3x3x4-copt-HCOHC_O-3-03-top.ini', 'DOS18', 'DOS11', 'DOS16', 'DOS29', 'DOS9', 'DOS7', 'vib.36z-.pckl', 'DOS0', 'REPORT', 'vib-submit.sh', 'vib.38x+.pckl', 'vib.38y-.pckl', 'DOS34', 'DOS33', 'vib.py', 'Ni-211-clean-3x3x4-copt-HCOHC_O-3-03-side.ini', 'ase-sort.dat', 'KPOINTS', 'vib.xyz', 'DOS32', 'vib.38z+.pckl', 'DOS35', 'relax.traj', 'vib.36z+.pckl', 'vib.36x+.pckl', 'vib.36y-.pckl', 'XDATCAR', 'first.traj', 'relax.log']",-93.89334094,"Atoms(symbols='Ni36COH', pbc=True, cell=[6.12020152854463, 7.495685433968, 23.9339993389473], initial_magmoms=..., constraint=[<ase.constraints.FixBondLengths object at 0x7f93d869cc70>, FixAtoms(indices=[18, 19, 20, 21, 22, 23, 24, 25, 26, 27, 28, 29, 30, 31, 32, 33, 34, 35])], calculator=SinglePointCalculator(...))",0.0061,1724251946.0,Wed Aug 21 16:52:26 2024,6.12020152854463,7.495685433968,23.9339993389473,90.0,CHNi36O,"[<ase.constraints.FixBondLengths object at 0x7f93d869cc70>, FixAtoms(indices=[18, 19, 20, 21, 22, 23, 24, 25, 26, 27, 28, 29, 30, 31, 32, 33, 34, 35])]",,1,1,1.0,36,Ni-slabs,Ni-slabs,/data/Chapter6/Ni-slabs.hdf,122,HCO,True,Ni-211-clean-3x3x4,Ni-211-clean-3x3x4,-78.40925744,Ni36,False,ok,1.0,1.0,1.0,-15.484083499999997,0.0,0.0,0.0,0.0,0.0,0.0,0.0,,,,,True,Ni-211-clean-3x3x4,HCO%HC_O,3,3,Ni-slabs|Ni-211-clean-3x3x4|HCO%HC_O|3,1.1598153999999994,1.1598153999999994
/data/calculations/Ni/slabs/211/clean/3x3x4/copt/HCO%HC_O/3/04,Ni-211-clean-3x3x4-copt-HCO%HC_O-3-04,"['BCF.dat', 'INCAR', 'run.py', 'out.txt', 'OSZICAR', 'DOS5', 'DOS2', 'final.e', 'DOS13', 'DOS14', 'final.traj', 'Ni-211-clean-3x3x4-copt-HCOHC_O-3-04-side.pov', 'DOS22', 'DOS25', 'Ni-211-clean-3x3x4-copt-HCOHC_O-3-04-top.ini', 'DOS3', 'DOS4', 'OUTCAR', 'DOS24', 'DOS23', 'DOS15', 'DOS12', 'DOS30', 'DOS37', 'DOS39', 'tmp.dat2', 'DOS38', 'AVF.dat', 'DOS36', 'DOS31', 'ACF.dat', 'calc.traj', 'CONTCAR', 'tmp.dat', 'POSCAR', 'submit.sh', 'DOS17', 'DOS28', 'DOS10', 'DOS26', 'DOS19', 'DOS21', 'DOS1', 'DOS6', 'DOS8', 'DOS20', 'DOS27', 'DOS18', 'DOS11', 'Ni-211-clean-3x3x4-copt-HCOHC_O-3-04-top.pov', 'DOS16', 'Ni-211-clean-3x3x4-copt-HCOHC_O-3-04-side.ini', 'DOS29', 'DOS9', 'DOS7', 'DOS0', 'REPORT', 'vib-submit.sh', 'DOS34', 'DOS33', 'vib.py', 'ase-sort.dat', 'KPOINTS', 'DOS32', 'DOS35', 'relax.traj', 'XDATCAR', 'first.traj', 'relax.log']",-93.92815552,"Atoms(symbols='Ni36COH', pbc=True, cell=[6.12020152854463, 7.495685433968, 23.9339993389473], initial_magmoms=..., constraint=[<ase.constraints.FixBondLengths object at 0x7f93d86bc160>, FixAtoms(indices=[18, 19, 20, 21, 22, 23, 24, 25, 26, 27, 28, 29, 30, 31, 32, 33, 34, 35])], calculator=SinglePointCalculator(...))",0.0074,1724251946.0,Wed Aug 21 16:52:26 2024,6.12020152854463,7.495685433968,23.9339993389473,90.0,CHNi36O,"[<ase.constraints.FixBondLengths object at 0x7f93d86bc160>, FixAtoms(indices=[18, 19, 20, 21, 22, 23, 24, 25, 26, 27, 28, 29, 30, 31, 32, 33, 34, 35])]",,1,1,1.0,36,Ni-slabs,Ni-slabs,/data/Chapter6/Ni-slabs.hdf,123,HCO,True,Ni-211-clean-3x3x4,Ni-211-clean-3x3x4,-78.40925744,Ni36,False,ok,1.0,1.0,1.0,-15.51889808,0.0,0.0,0.0,0.0,0.0,0.0,0.0,,,,,True,Ni-211-clean-3x3x4,HCO%HC_O,3,4,Ni-slabs|Ni-211-clean-3x3x4|HCO%HC_O|3,1.1250008199999968,1.1250008199999968
/data/calculations/Ni/slabs/211/clean/3x3x4/copt/HCO%HC_O/3/05,Ni-211-clean-3x3x4-copt-HCO%HC_O-3-05,"['BCF.dat', 'INCAR', 'run.py', 'out.txt', 'OSZICAR', 'Ni-211-clean-3x3x4-copt-HCOHC_O-3-05-top.ini', 'DOS5', 'DOS2', 'final.e', 'DOS13', 'DOS14', 'final.traj', 'Ni-211-clean-3x3x4-copt-HCOHC_O-3-05-side.pov', 'DOS22', 'DOS25', 'DOS3', 'DOS4', 'OUTCAR', 'DOS24', 'DOS23', 'DOS15', 'DOS12', 'DOS30', 'DOS37', 'DOS39', 'tmp.dat2', 'DOS38', 'AVF.dat', 'DOS36', 'DOS31', 'ACF.dat', 'calc.traj', 'CONTCAR', 'tmp.dat', 'POSCAR', 'submit.sh', 'Ni-211-clean-3x3x4-copt-HCOHC_O-3-05-top.pov', 'DOS17', 'DOS28', 'DOS10', 'DOS26', 'DOS19', 'DOS21', 'DOS1', 'DOS6', 'DOS8', 'DOS20', 'DOS27', 'DOS18', 'DOS11', 'DOS16', 'Ni-211-clean-3x3x4-copt-HCOHC_O-3-05-side.ini', 'DOS29', 'DOS9', 'DOS7', 'DOS0', 'REPORT', 'vib-submit.sh', 'DOS34', 'DOS33', 'vib.py', 'ase-sort.dat', 'KPOINTS', 'DOS32', 'DOS35', 'relax.traj', 'XDATCAR', 'first.traj', 'relax.log']",-94.27321037,"Atoms(symbols='Ni36COH', pbc=True, cell=[6.12020152854463, 7.495685433968, 23.9339993389473], initial_magmoms=..., constraint=[<ase.constraints.FixBondLengths object at 0x7f93d86bc610>, FixAtoms(indices=[18, 19, 20, 21, 22, 23, 24, 25, 26, 27, 28, 29, 30, 31, 32, 33, 34, 35])], calculator=SinglePointCalculator(...))",0.0061,1724251946.0,Wed Aug 21 16:52:26 2024,6.12020152854463,7.495685433968,23.9339993389473,90.0,CHNi36O,"[<ase.constraints.FixBondLengths object at 0x7f93d86bc610>, FixAtoms(indices=[18, 19, 20, 21, 22, 23, 24, 25, 26, 27, 28, 29, 30, 31, 32, 33, 34, 35])]",,1,1,1.0,36,Ni-slabs,Ni-slabs,/data/Chapter6/Ni-slabs.hdf,124,HCO,True,Ni-211-clean-3x3x4,Ni-211-clean-3x3x4,-78.40925744,Ni36,False,ok,1.0,1.0,1.0,-15.863952929999996,0.0,0.0,0.0,0.0,0.0,0.0,0.0,,,,,True,Ni-211-clean-3x3x4,HCO%HC_O,3,5,Ni-slabs|Ni-211-clean-3x3x4|HCO%HC_O|3,0.77994597,0.77994597
/data/calculations/Ni/slabs/211/clean/3x3x4/copt/HCO%HC_O/3/06,Ni-211-clean-3x3x4-copt-HCO%HC_O-3-06,"['Ni-211-clean-3x3x4-copt-HCOHC_O-3-06-side.ini', 'individual_vib.py', 'BCF.dat', 'INCAR', 'run.py', 'out.txt', 'gibbs.e', 'OSZICAR', 'individual_vib.txt', 'vib-calc.traj', 'vib.37z-.pckl', 'final.e', 'ir.37z-.pckl', 'final.traj', 'ir.37y+.pckl', 'ir.37x-.pckl', 'OUTCAR', 'vib.37x-.pckl', 'Ni-211-clean-3x3x4-HC_O-1-top.ini', 'vib.37y+.pckl', 'individual_vib.xyz', 'tmp.dat2', 'Ni-211-clean-3x3x4-copt-HCOHC_O-3-06-top.ini', 'AVF.dat', 'ACF.dat', 'calc.traj', 'ir.37y-.pckl', 'ir.37x+.pckl', 'CONTCAR', 'vib.37x+.pckl', 'tmp.dat', 'vib.37y-.pckl', 'Ni-211-clean-3x3x4-HC_O-1-side.ini', 'vib.37z+.pckl', 'POSCAR', 'ir.37z+.pckl', 'vib.eq.pckl', 'ir.38z-.pckl', 'Gout.txt', 'vib.38z-.pckl', 'vib.38x-.pckl', 'vib.38y+.pckl', 'ir.38y+.pckl', 'BWUNI.sh', 'Ni-211-clean-3x3x4-copt-HCOHC_O-3-06-side.pov', 'ir.38x-.pckl', 'vib.36x-.pckl', 'Ni-211-clean-3x3x4-HC_O-1-top.pov', 'vib.36y+.pckl', 'ir.36y+.pckl', 'IR-BWUNI.sh', 'ir.36x-.pckl', 'vib-BWUNI.sh', 'ir.36z-.pckl', 'ir.xyz', 'vib.36z-.pckl', 'REPORT', 'vib.38x+.pckl', 'vib.38y-.pckl', 'ir.38y-.pckl', 'ir.38x+.pckl', 'vib.py', 'Ni-211-clean-3x3x4-copt-HCOHC_O-3-06-top.pov', 'ir.38z+.pckl', 'ase-sort.dat', 'KPOINTS', 'vib.xyz', 'vib.38z+.pckl', 'ir.36z+.pckl', 'relax.traj', 'vib.36z+.pckl', 'vib.36x+.pckl', 'Ni-211-clean-3x3x4-HC_O-1-side.pov', 'vib.36y-.pckl', 'vib-Intensity.py', 'ir.36y-.pckl', 'XDATCAR', 'ir.eq.pckl', 'first.traj', 'relax.log', 'ir.36x+.pckl']",-95.00607029,"Atoms(symbols='Ni36COH', pbc=True, cell=[6.12020152854463, 7.495685433968, 23.9339993389473], constraint=FixAtoms(indices=[18, 19, 20, 21, 22, 23, 24, 25, 26, 27, 28, 29, 30, 31, 32, 33, 34, 35]), calculator=SinglePointCalculator(...))",0.0081,1728694953.0,Sat Oct 12 03:02:33 2024,6.12020152854463,7.495685433968,23.9339993389473,90.0,CHNi36O,"[FixAtoms(indices=[18, 19, 20, 21, 22, 23, 24, 25, 26, 27, 28, 29, 30, 31, 32, 33, 34, 35])]",,1,1,1.0,36,Ni-slabs,Ni-slabs,/data/Chapter6/Ni-slabs.hdf,128,HCO,True,Ni-211-clean-3x3x4,Ni-211-clean-3x3x4,-78.40925744,Ni36,False,ok,1.0,1.0,1.0,-16.596812849999992,0.0,0.0,0.0,0.0,0.0,0.0,0.0,,,,,True,Ni-211-clean-3x3x4,HCO%HC_O,3,6,Ni-slabs|Ni-211-clean-3x3x4|HCO%HC_O|3,0.04708605000000432,0.04708605000000432
/data/calculations/Ni/slabs/211/clean/3x3x4/copt/HCO%HC_O/4/00,Ni-211-clean-3x3x4-copt-HCO%HC_O-4-00,"['BCF.dat', 'INCAR', 'run.py', 'out.txt', 'gibbs.e', 'OSZICAR', 'DOS5', 'DOS2', 'vib.37z-.pckl', 'final.e', 'DOS13', 'relax.traj2', 'DOS14', 'Ni-211-clean-3x3x4-HCO-AA-1-top.pov', 'final.traj', 'DOS22', 'DOS25', 'DOS3', 'DOS4', 'OUTCAR', 'vib.37x-.pckl', 'DOS24', 'DOS23', 'DOS15', 'OUTCAR2', 'DOS12', 'vib.37y+.pckl', 'DOS30', 'DOS37', 'DOS39', 'tmp.dat2', 'DOS38', 'AVF.dat', 'DOS36', 'DOS31', 'Ni-211-clean-3x3x4-HCO-AA-1-side.pov', 'ACF.dat', 'Ni-211-clean-3x3x4-copt-HCOHC_O-3-00-side.ini', 'CONTCAR', 'vib.37x+.pckl', 'tmp.dat', 'Ni-211-clean-3x3x4-HCO-AA-top.pov', 'vib.37y-.pckl', 'vib.37z+.pckl', 'POSCAR', 'vib.eq.pckl', 'Ni-211-clean-3x3x4-HCO-AA-side.pov', 'Ni-211-clean-3x3x4-copt-HCOHC_O-3-00-top.pov', 'vib.38z-.pckl', 'vib.38x-.pckl', 'vib.38y+.pckl', 'BWUNI.sh', 'DOS17', 'DOS28', 'DOS10', 'relax.traj1', 'vib.36x-.pckl', 'DOS26', 'DOS19', 'vib.36y+.pckl', 'DOS21', 'DOS1', 'DOS6', 'DOS8', 'Ni-211-clean-3x3x4-HCO-AA-1-top.ini', 'DOS20', 'vib-BWUNI.sh', 'DOS27', 'DOS18', 'DOS11', 'DOS16', 'DOS29', 'OUTCAR1', 'DOS9', 'DOS7', 'vib.36z-.pckl', 'DOS0', 'vib.38x+.pckl', 'vib.38y-.pckl', 'DOS34', 'DOS33', 'Ni-211-clean-3x3x4-HCO-AA-1-side.ini', 'vib.py', 'ase-sort.dat', 'KPOINTS', 'vib.xyz', 'DOS32', 'vib.38z+.pckl', 'DOS35', 'Ni-211-clean-3x3x4-copt-HCOHC_O-3-00-top.ini', 'Ni-211-clean-3x3x4-HCO-AA-side.ini', 'relax.traj', 'vib.36z+.pckl', 'Ni-211-clean-3x3x4-HCO-AA-top.ini', 'vib.36x+.pckl', 'vib.36y-.pckl', 'XDATCAR', 'first.traj', 'relax.log', 'Ni-211-clean-3x3x4-copt-HCOHC_O-3-00-side.pov']",-95.05315634,"Atoms(symbols='Ni36COH', pbc=True, cell=[6.120201528544627, 7.495685433967997, 23.93399933894733], initial_magmoms=..., constraint=FixAtoms(indices=[18, 19, 20, 21, 22, 23, 24, 25, 26, 27, 28, 29, 30, 31, 32, 33, 34, 35]), calculator=SinglePointCalculator(...))",0.009,1721983593.0,Fri Jul 26 10:46:33 2024,6.120201528544627,7.495685433967997,23.93399933894733,90.0,CHNi36O,"[FixAtoms(indices=[18, 19, 20, 21, 22, 23, 24, 25, 26, 27, 28, 29, 30, 31, 32, 33, 34, 35])]",,1,1,1.0,36,Ni-slabs,Ni-slabs,/data/Chapter6/Ni-slabs.hdf,120,HCO,True,Ni-211-clean-3x3x4,Ni-211-clean-3x3x4,-78.40925744,Ni36,False,ok,1.0,1.0,1.0,-16.643898899999996,0.0,0.0,0.0,0.0,0.0,0.0,0.0,,,,,True,Ni-211-clean-3x3x4,HCO%HC_O,4,0,Ni-slabs|Ni-211-clean-3x3x4|HCO%HC_O|4,0.0,0.0
/data/calculations/Ni/slabs/211/clean/3x3x4/copt/HCO%HC_O/4/03,Ni-211-clean-3x3x4-copt-HCO%HC_O-4-03,"['individual_vib.py', 'PCDAT', 'BCF.dat', 'INCAR', 'run.py', 'out.txt', 'gibbs.e', 'OSZICAR', 'individual_vib.txt', 'vib.37z-.pckl', 'final.e', 'final.traj', 'OUTCAR', 'vib.37x-.pckl', 'vasprun.xml', 'vib.37y+.pckl', 'individual_vib.xyz', 'tmp.dat2', 'AVF.dat', 'ACF.dat', 'calc.traj', 'CONTCAR', 'vib.37x+.pckl', 'tmp.dat', 'vib.37y-.pckl', 'vib.37z+.pckl', 'POSCAR', 'vib.eq.pckl', 'CO1', 'Gout.txt', 'vib.38z-.pckl', 'vib.38x-.pckl', 'vib.38y+.pckl', 'BWUNI.sh', 'vib.36x-.pckl', 'vib.36y+.pckl', 'vib-BWUNI.sh', 'vib.36z-.pckl', 'REPORT', 'vib.38x+.pckl', 'vib.38y-.pckl', 'vib.py', 'ase-sort.dat', 'KPOINTS', 'vib.xyz', 'vib.38z+.pckl', 'relax.traj', 'vib.36z+.pckl', 'vib.36x+.pckl', 'vib.36y-.pckl', 'XDATCAR', 'first.traj', 'relax.log']",-93.83914174,"Atoms(symbols='Ni36COH', pbc=True, cell=[6.12020152854463, 7.495685433968, 23.9339993389473], initial_magmoms=..., constraint=[<ase.constraints.FixBondLengths object at 0x7f93d869c0a0>, FixAtoms(indices=[18, 19, 20, 21, 22, 23, 24, 25, 26, 27, 28, 29, 30, 31, 32, 33, 34, 35])], calculator=SinglePointCalculator(...))",0.0087,1744289832.0,Thu Apr 10 14:57:12 2025,6.12020152854463,7.495685433968,23.9339993389473,90.0,CHNi36O,"[<ase.constraints.FixBondLengths object at 0x7f93d869c0a0>, FixAtoms(indices=[18, 19, 20, 21, 22, 23, 24, 25, 26, 27, 28, 29, 30, 31, 32, 33, 34, 35])]",,1,1,1.0,36,Ni-slabs,Ni-slabs,/data/Chapter6/Ni-slabs.hdf,119,HCO,True,Ni-211-clean-3x3x4,Ni-211-clean-3x3x4,-78.40925744,Ni36,False,ok,1.0,1.0,1.0,-15.429884299999998,0.0,0.0,0.0,0.0,0.0,0.0,0.0,,,,,True,Ni-211-clean-3x3x4,HCO%HC_O,4,3,Ni-slabs|Ni-211-clean-3x3x4|HCO%HC_O|4,1.2140145999999987,1.2140145999999987
/data/calculations/Ni/slabs/211/clean/3x3x4/copt/HCO%HC_O/4/06,Ni-211-clean-3x3x4-copt-HCO%HC_O-4-06,"['Ni-211-clean-3x3x4-copt-HCOHC_O-3-06-side.ini', 'individual_vib.py', 'BCF.dat', 'INCAR', 'run.py', 'out.txt', 'gibbs.e', 'OSZICAR', 'individual_vib.txt', 'vib-calc.traj', 'vib.37z-.pckl', 'final.e', 'ir.37z-.pckl', 'final.traj', 'ir.37y+.pckl', 'ir.37x-.pckl', 'OUTCAR', 'vib.37x-.pckl', 'Ni-211-clean-3x3x4-HC_O-1-top.ini', 'vib.37y+.pckl', 'individual_vib.xyz', 'tmp.dat2', 'Ni-211-clean-3x3x4-copt-HCOHC_O-3-06-top.ini', 'AVF.dat', 'ACF.dat', 'calc.traj', 'ir.37y-.pckl', 'ir.37x+.pckl', 'CONTCAR', 'vib.37x+.pckl', 'tmp.dat', 'vib.37y-.pckl', 'Ni-211-clean-3x3x4-HC_O-1-side.ini', 'vib.37z+.pckl', 'POSCAR', 'ir.37z+.pckl', 'vib.eq.pckl', 'ir.38z-.pckl', 'Gout.txt', 'vib.38z-.pckl', 'vib.38x-.pckl', 'vib.38y+.pckl', 'ir.38y+.pckl', 'BWUNI.sh', 'Ni-211-clean-3x3x4-copt-HCOHC_O-3-06-side.pov', 'ir.38x-.pckl', 'vib.36x-.pckl', 'Ni-211-clean-3x3x4-HC_O-1-top.pov', 'vib.36y+.pckl', 'ir.36y+.pckl', 'IR-BWUNI.sh', 'ir.36x-.pckl', 'vib-BWUNI.sh', 'ir.36z-.pckl', 'ir.xyz', 'vib.36z-.pckl', 'REPORT', 'vib.38x+.pckl', 'vib.38y-.pckl', 'ir.38y-.pckl', 'ir.38x+.pckl', 'vib.py', 'Ni-211-clean-3x3x4-copt-HCOHC_O-3-06-top.pov', 'ir.38z+.pckl', 'ase-sort.dat', 'KPOINTS', 'vib.xyz', 'vib.38z+.pckl', 'ir.36z+.pckl', 'relax.traj', 'vib.36z+.pckl', 'vib.36x+.pckl', 'Ni-211-clean-3x3x4-HC_O-1-side.pov', 'vib.36y-.pckl', 'vib-Intensity.py', 'ir.36y-.pckl', 'XDATCAR', 'ir.eq.pckl', 'first.traj', 'relax.log', 'ir.36x+.pckl']",-95.00607029,"Atoms(symbols='Ni36COH', pbc=True, cell=[6.12020152854463, 7.495685433968, 23.9339993389473], constraint=FixAtoms(indices=[18, 19, 20, 21, 22, 23, 24, 25, 26, 27, 28, 29, 30, 31, 32, 33, 34, 35]), calculator=SinglePointCalculator(...))",0.0081,1728694953.0,Sat Oct 12 03:02:33 2024,6.12020152854463,7.495685433968,23.9339993389473,90.0,CHNi36O,"[FixAtoms(indices=[18, 19, 20, 21, 22, 23, 24, 25, 26, 27, 28, 29, 30, 31, 32, 33, 34, 35])]",,1,1,1.0,36,Ni-slabs,Ni-slabs,/data/Chapter6/Ni-slabs.hdf,121,HCO,True,Ni-211-clean-3x3x4,Ni-211-clean-3x3x4,-78.40925744,Ni36,False,ok,1.0,1.0,1.0,-16.596812849999992,0.0,0.0,0.0,0.0,0.0,0.0,0.0,,,,,True,Ni-211-clean-3x3x4,HCO%HC_O,4,6,Ni-slabs|Ni-211-clean-3x3x4|HCO%HC_O|4,0.04708605000000432,0.04708605000000432
/data/calculations/Ni/slabs/211/clean/3x3x4/copt/HCOO%HCO_O/1/00,Ni-211-clean-3x3x4-copt-HCOO%HCO_O-1-00,"['Ni-211-clean-3x3x4-HCOO-AA-top.ini', '.Rhistory', 'vib.39x-.pckl', 'Ni-211-clean-3x3x4-copt-HCOOHCO_O-1-00-top.ini', 'vib.39y+.pckl', 'BCF.dat', 'INCAR', 'vib.39z-.pckl', 'run.py', 'out.txt', 'gibbs.e', 'OSZICAR', 'DOS5', 'DOS2', 'vib.37z-.pckl', 'Ni-211-clean-3x3x4-copt-HCOOHCO_O-1-00-side.ini', 'final.e', 'Ni-211-clean-3x3x4-HCOO-AA-side.ini', 'final.traj', 'DOS3', 'DOS4', 'OUTCAR', 'vib.37x-.pckl', 'vib.37y+.pckl', 'vib.39z+.pckl', 'tmp.dat2', 'AVF.dat', 'vib.39x+.pckl', 'ACF.dat', 'vib.39y-.pckl', 'CONTCAR', 'vib.37x+.pckl', 'tmp.dat', 'vib.37y-.pckl', 'vib.37z+.pckl', 'POSCAR', 'vib.eq.pckl', 'vib.38z-.pckl', 'vib.38x-.pckl', 'vib.38y+.pckl', 'Ni-211-clean-3x3x4-copt-HCOOHCO_O-1-00-top.pov', 'Ni-211-clean-3x3x4-HCOO-AA-top.pov', 'BWUNI.sh', 'vib.36x-.pckl', 'vib.36y+.pckl', 'DOS1', 'DOS6', 'DOS8', 'vib-BWUNI.sh', 'Ni-211-clean-3x3x4-HCOO-AA-side.pov', 'DOS7', 'vib.36z-.pckl', 'DOS0', 'Ni-211-clean-3x3x4-copt-HCOOHCO_O-1-00-side.pov', 'vib.38x+.pckl', 'vib.38y-.pckl', 'vib.py', 'ase-sort.dat', 'KPOINTS', 'vib.xyz', 'vib.38z+.pckl', 'relax.traj', 'vib.36z+.pckl', 'vib.36x+.pckl', 'vib.36y-.pckl', 'XDATCAR', 'first.traj', 'relax.log']",-101.52849141,"Atoms(symbols='Ni36O2CH', pbc=True, cell=[6.120201528544627, 7.495685433967997, 23.93399933894733], initial_magmoms=..., constraint=FixAtoms(indices=[18, 19, 20, 21, 22, 23, 24, 25, 26, 27, 28, 29, 30, 31, 32, 33, 34, 35]), calculator=SinglePointCalculator(...))",0.0072,1724181343.0,Tue Aug 20 21:15:43 2024,6.120201528544627,7.495685433967997,23.93399933894733,90.0,CHNi36O2,"[FixAtoms(indices=[18, 19, 20, 21, 22, 23, 24, 25, 26, 27, 28, 29, 30, 31, 32, 33, 34, 35])]",,2,1,1.0,36,Ni-slabs,Ni-slabs,/data/Chapter6/Ni-slabs.hdf,139,HCOO,True,Ni-211-clean-3x3x4,Ni-211-clean-3x3x4,-78.40925744,Ni36,False,ok,1.0,1.0,2.0,-23.119233969999996,0.0,0.0,0.0,0.0,0.0,0.0,0.0,,,,,True,Ni-211-clean-3x3x4,HCOO%HCO_O,1,0,Ni-slabs|Ni-211-clean-3x3x4|HCOO%HCO_O|1,0.0,0.0
/data/calculations/Ni/slabs/211/clean/3x3x4/copt/HCOO%HCO_O/1/01,Ni-211-clean-3x3x4-copt-HCOO%HCO_O-1-01,"['BCF.dat', 'INCAR', 'run.py', 'out.txt', 'OSZICAR', 'DOS5', 'DOS2', 'Ni-211-clean-3x3x4-copt-HCOOHCO_O-1-01-side.ini', 'DOS40', 'final.e', 'DOS13', 'DOS14', 'final.traj', 'DOS22', 'DOS25', 'DOS3', 'DOS4', 'OUTCAR', 'DOS24', 'DOS23', 'DOS15', 'Ni-211-clean-3x3x4-copt-HCOOHCO_O-1-01-top.ini', 'DOS12', 'DOS30', 'DOS37', 'DOS39', 'tmp.dat2', 'DOS38', 'AVF.dat', 'DOS36', 'DOS31', 'ACF.dat', 'calc.traj', 'CONTCAR', 'tmp.dat', 'POSCAR', 'submit.sh', 'DOS17', 'DOS28', 'DOS10', 'DOS26', 'DOS19', 'Ni-211-clean-3x3x4-copt-HCOOHCO_O-1-01-top.pov', 'DOS21', 'DOS1', 'DOS6', 'DOS8', 'DOS20', 'DOS27', 'DOS18', 'DOS11', 'DOS16', 'DOS29', 'DOS9', 'DOS7', 'Ni-211-clean-3x3x4-copt-HCOOHCO_O-1-01-side.pov', 'DOS0', 'REPORT', 'vib-submit.sh', 'DOS34', 'DOS33', 'vib.py', 'ase-sort.dat', 'KPOINTS', 'DOS32', 'DOS35', 'relax.traj', 'XDATCAR', 'first.traj', 'relax.log']",-100.90007035,"Atoms(symbols='Ni36O2CH', pbc=True, cell=[6.12020152854463, 7.495685433968, 23.9339993389473], initial_magmoms=..., constraint=[<ase.constraints.FixBondLengths object at 0x7f93d8729e20>, FixAtoms(indices=[18, 19, 20, 21, 22, 23, 24, 25, 26, 27, 28, 29, 30, 31, 32, 33, 34, 35])], calculator=SinglePointCalculator(...))",0.008,1724181343.0,Tue Aug 20 21:15:43 2024,6.12020152854463,7.495685433968,23.9339993389473,90.0,CHNi36O2,"[<ase.constraints.FixBondLengths object at 0x7f93d8729e20>, FixAtoms(indices=[18, 19, 20, 21, 22, 23, 24, 25, 26, 27, 28, 29, 30, 31, 32, 33, 34, 35])]",,2,1,1.0,36,Ni-slabs,Ni-slabs,/data/Chapter6/Ni-slabs.hdf,140,HCOO,True,Ni-211-clean-3x3x4,Ni-211-clean-3x3x4,-78.40925744,Ni36,False,ok,1.0,1.0,2.0,-22.49081290999999,0.0,0.0,0.0,0.0,0.0,0.0,0.0,,,,,True,Ni-211-clean-3x3x4,HCOO%HCO_O,1,1,Ni-slabs|Ni-211-clean-3x3x4|HCOO%HCO_O|1,0.628421060000008,0.628421060000008
/data/calculations/Ni/slabs/211/clean/3x3x4/copt/HCOO%HCO_O/1/02,Ni-211-clean-3x3x4-copt-HCOO%HCO_O-1-02,"['Ni-211-clean-3x3x4-copt-HCOOHCO_O-1-02-side.pov', 'BCF.dat', 'INCAR', 'run.py', 'out.txt', 'OSZICAR', 'DOS5', 'DOS2', 'DOS40', 'final.e', 'DOS13', 'DOS14', 'final.traj', 'DOS22', 'DOS25', 'DOS3', 'DOS4', 'OUTCAR', 'DOS24', 'DOS23', 'DOS15', 'DOS12', 'DOS30', 'DOS37', 'DOS39', 'tmp.dat2', 'DOS38', 'AVF.dat', 'DOS36', 'DOS31', 'ACF.dat', 'calc.traj', 'CONTCAR', 'Ni-211-clean-3x3x4-copt-HCOOHCO_O-1-02-top.ini', 'tmp.dat', 'POSCAR', 'submit.sh', 'Ni-211-clean-3x3x4-copt-HCOOHCO_O-1-02-side.ini', 'DOS17', 'DOS28', 'DOS10', 'DOS26', 'DOS19', 'DOS21', 'DOS1', 'DOS6', 'DOS8', 'DOS20', 'DOS27', 'DOS18', 'DOS11', 'DOS16', 'DOS29', 'DOS9', 'DOS7', 'DOS0', 'REPORT', 'vib-submit.sh', 'DOS34', 'DOS33', 'vib.py', 'ase-sort.dat', 'KPOINTS', 'DOS32', 'DOS35', 'relax.traj', 'Ni-211-clean-3x3x4-copt-HCOOHCO_O-1-02-top.pov', 'XDATCAR', 'first.traj', 'relax.log']",-99.86796246,"Atoms(symbols='Ni36O2CH', pbc=True, cell=[6.12020152854463, 7.495685433968, 23.9339993389473], initial_magmoms=..., constraint=[<ase.constraints.FixBondLengths object at 0x7f93d8729580>, FixAtoms(indices=[18, 19, 20, 21, 22, 23, 24, 25, 26, 27, 28, 29, 30, 31, 32, 33, 34, 35])], calculator=SinglePointCalculator(...))",0.0079,1724181343.0,Tue Aug 20 21:15:43 2024,6.12020152854463,7.495685433968,23.9339993389473,90.0,CHNi36O2,"[<ase.constraints.FixBondLengths object at 0x7f93d8729580>, FixAtoms(indices=[18, 19, 20, 21, 22, 23, 24, 25, 26, 27, 28, 29, 30, 31, 32, 33, 34, 35])]",,2,1,1.0,36,Ni-slabs,Ni-slabs,/data/Chapter6/Ni-slabs.hdf,138,HCOO,True,Ni-211-clean-3x3x4,Ni-211-clean-3x3x4,-78.40925744,Ni36,False,ok,1.0,1.0,2.0,-21.458705019999996,0.0,0.0,0.0,0.0,0.0,0.0,0.0,,,,,True,Ni-211-clean-3x3x4,HCOO%HCO_O,1,2,Ni-slabs|Ni-211-clean-3x3x4|HCOO%HCO_O|1,1.6605289499999998,1.6605289499999998
/data/calculations/Ni/slabs/211/clean/3x3x4/copt/HCOO%HCO_O/1/03,Ni-211-clean-3x3x4-copt-HCOO%HCO_O-1-03,"['Ni-211-clean-3x3x4-copt-HCOOHCO_O-1-03-side.pov', 'BCF.dat', 'INCAR', 'run.py', 'out.txt', 'OSZICAR', 'DOS5', 'DOS2', 'DOS40', 'final.e', 'DOS13', 'DOS14', 'final.traj', 'DOS22', 'DOS25', 'DOS3', 'DOS4', 'OUTCAR', 'DOS24', 'DOS23', 'DOS15', 'DOS12', 'DOS30', 'DOS37', 'DOS39', 'tmp.dat2', 'DOS38', 'AVF.dat', 'DOS36', 'DOS31', 'ACF.dat', 'Ni-211-clean-3x3x4-copt-HCOOHCO_O-1-03-top.ini', 'calc.traj', 'CONTCAR', 'tmp.dat', 'POSCAR', 'submit.sh', 'Ni-211-clean-3x3x4-copt-HCOOHCO_O-1-03-side.ini', 'DOS17', 'DOS28', 'DOS10', 'DOS26', 'DOS19', 'DOS21', 'DOS1', 'DOS6', 'DOS8', 'DOS20', 'DOS27', 'DOS18', 'DOS11', 'DOS16', 'DOS29', 'DOS9', 'DOS7', 'DOS0', 'Ni-211-clean-3x3x4-copt-HCOOHCO_O-1-03-top.pov', 'REPORT', 'vib-submit.sh', 'DOS34', 'DOS33', 'vib.py', 'ase-sort.dat', 'KPOINTS', 'DOS32', 'DOS35', 'relax.traj', 'XDATCAR', 'first.traj', 'relax.log']",-99.64375048,"Atoms(symbols='Ni36O2CH', pbc=True, cell=[6.12020152854463, 7.495685433968, 23.9339993389473], initial_magmoms=..., constraint=[<ase.constraints.FixBondLengths object at 0x7f93d8709730>, FixAtoms(indices=[18, 19, 20, 21, 22, 23, 24, 25, 26, 27, 28, 29, 30, 31, 32, 33, 34, 35])], calculator=SinglePointCalculator(...))",0.0082,1724181343.0,Tue Aug 20 21:15:43 2024,6.12020152854463,7.495685433968,23.9339993389473,90.0,CHNi36O2,"[<ase.constraints.FixBondLengths object at 0x7f93d8709730>, FixAtoms(indices=[18, 19, 20, 21, 22, 23, 24, 25, 26, 27, 28, 29, 30, 31, 32, 33, 34, 35])]",,2,1,1.0,36,Ni-slabs,Ni-slabs,/data/Chapter6/Ni-slabs.hdf,135,HCOO,True,Ni-211-clean-3x3x4,Ni-211-clean-3x3x4,-78.40925744,Ni36,False,ok,1.0,1.0,2.0,-21.23449303999999,0.0,0.0,0.0,0.0,0.0,0.0,0.0,,,,,True,Ni-211-clean-3x3x4,HCOO%HCO_O,1,3,Ni-slabs|Ni-211-clean-3x3x4|HCOO%HCO_O|1,1.8847409300000066,1.8847409300000066
/data/calculations/Ni/slabs/211/clean/3x3x4/copt/HCOO%HCO_O/1/04,Ni-211-clean-3x3x4-copt-HCOO%HCO_O-1-04,"['individual_vib.py', 'vib.39x-.pckl', 'vib.39y+.pckl', 'BCF.dat', 'vib', 'INCAR', 'vib.39z-.pckl', 'run.py', 'out.txt', 'gibbs.e', 'OSZICAR', 'individual_vib.txt', 'DOS5', 'vib-calc.traj', 'DOS2', 'vib.37z-.pckl', 'DOS40', 'final.e', 'DOS13', 'DOS14', 'final.traj', 'OUTCAR3', 'DOS22', 'DOS25', 'DOS3', 'DOS4', 'OUTCAR', 'vib.37x-.pckl', 'DOS24', 'DOS23', 'DOS15', 'OUTCAR2', 'DOS12', 'vib.37y+.pckl', 'DOS30', 'individual_vib.xyz', 'DOS37', 'vib.39z+.pckl', 'DOS39', 'tmp.dat2', 'DOS38', 'AVF.dat', 'DOS36', 'DOS31', 'vib.39x+.pckl', 'ACF.dat', 'Ni-211-clean-3x3x4-copt-HCOOHCO_O-1-04-top.pov', 'vib.39y-.pckl', 'calc.traj', 'CONTCAR', 'vib.37x+.pckl', 'tmp.dat', 'Ni-211-clean-3x3x4-copt-HCOOHCO_O-1-04-side.pov', 'vib.37y-.pckl', 'vib.37z+.pckl', 'POSCAR', 'vib.eq.pckl', 'CO1', 'submit.sh', 'vib.38z-.pckl', 'vib.38x-.pckl', 'vib.38y+.pckl', 'DOS17', 'DOS28', 'DOS10', 'relax.traj1', 'vib.36x-.pckl', 'DOS26', 'DOS19', 'vib.36y+.pckl', 'DOS21', 'DOS1', 'DOS6', 'DOS8', 'DOS20', 'vib-BWUNI.sh', 'DOS27', 'DOS18', 'DOS11', 'DOS16', 'DOS29', 'OUTCAR1', 'DOS9', 'DOS7', 'vib.36z-.pckl', 'DOS0', 'REPORT', 'vib-submit.sh', 'vib.38x+.pckl', 'vib.38y-.pckl', 'Ni-211-clean-3x3x4-copt-HCOOHCO_O-1-04-top.ini', 'DOS34', 'DOS33', 'vib.py', 'ase-sort.dat', 'KPOINTS', 'vib.xyz', 'DOS32', 'vib.38z+.pckl', 'DOS35', 'relax.traj', 'vib.36z+.pckl', 'vib.36x+.pckl', 'vib.36y-.pckl', 'Ni-211-clean-3x3x4-copt-HCOOHCO_O-1-04-side.ini', 'XDATCAR', 'first.traj', 'relax.log']",-99.50453859,"Atoms(symbols='Ni36O2CH', pbc=True, cell=[6.12020152854463, 7.495685433968, 23.9339993389473], initial_magmoms=..., constraint=[<ase.constraints.FixBondLengths object at 0x7f93d8709be0>, FixAtoms(indices=[18, 19, 20, 21, 22, 23, 24, 25, 26, 27, 28, 29, 30, 31, 32, 33, 34, 35])], calculator=SinglePointCalculator(...))",0.0066,1749034208.0,Wed Jun  4 12:50:08 2025,6.12020152854463,7.495685433968,23.9339993389473,90.0,CHNi36O2,"[<ase.constraints.FixBondLengths object at 0x7f93d8709be0>, FixAtoms(indices=[18, 19, 20, 21, 22, 23, 24, 25, 26, 27, 28, 29, 30, 31, 32, 33, 34, 35])]",,2,1,1.0,36,Ni-slabs,Ni-slabs,/data/Chapter6/Ni-slabs.hdf,136,HCOO,True,Ni-211-clean-3x3x4,Ni-211-clean-3x3x4,-78.40925744,Ni36,False,ok,1.0,1.0,2.0,-21.09528114999999,0.0,0.0,0.0,0.0,0.0,0.0,0.0,,,,,True,Ni-211-clean-3x3x4,HCOO%HCO_O,1,4,Ni-slabs|Ni-211-clean-3x3x4|HCOO%HCO_O|1,2.023952820000005,2.023952820000005
/data/calculations/Ni/slabs/211/clean/3x3x4/copt/HCOO%HCO_O/1/05,Ni-211-clean-3x3x4-copt-HCOO%HCO_O-1-05,"['BCF.dat', 'INCAR', 'run.py', 'out.txt', 'OSZICAR', 'DOS5', 'DOS2', 'DOS40', 'final.e', 'DOS13', 'DOS14', 'final.traj', 'DOS22', 'DOS25', 'DOS3', 'DOS4', 'OUTCAR', 'DOS24', 'DOS23', 'DOS15', 'DOS12', 'DOS30', 'DOS37', 'DOS39', 'tmp.dat2', 'DOS38', 'AVF.dat', 'DOS36', 'DOS31', 'ACF.dat', 'calc.traj', 'CONTCAR', 'tmp.dat', 'Ni-211-clean-3x3x4-copt-HCOOHCO_O-1-05-side.pov', 'Ni-211-clean-3x3x4-copt-HCOOHCO_O-1-05-top.pov', 'POSCAR', 'submit.sh', 'DOS17', 'DOS28', 'DOS10', 'DOS26', 'DOS19', 'DOS21', 'DOS1', 'DOS6', 'DOS8', 'DOS20', 'DOS27', 'DOS18', 'DOS11', 'DOS16', 'DOS29', 'DOS9', 'DOS7', 'DOS0', 'REPORT', 'vib-submit.sh', 'DOS34', 'DOS33', 'vib.py', 'ase-sort.dat', 'KPOINTS', 'DOS32', 'DOS35', 'relax.traj', 'Ni-211-clean-3x3x4-copt-HCOOHCO_O-1-05-top.ini', 'Ni-211-clean-3x3x4-copt-HCOOHCO_O-1-05-side.ini', 'XDATCAR', 'first.traj', 'relax.log']",-99.86156177,"Atoms(symbols='Ni36O2CH', pbc=True, cell=[6.12020152854463, 7.495685433968, 23.9339993389473], initial_magmoms=..., constraint=[<ase.constraints.FixBondLengths object at 0x7f93d87290d0>, FixAtoms(indices=[18, 19, 20, 21, 22, 23, 24, 25, 26, 27, 28, 29, 30, 31, 32, 33, 34, 35])], calculator=SinglePointCalculator(...))",0.0082,1724181343.0,Tue Aug 20 21:15:43 2024,6.12020152854463,7.495685433968,23.9339993389473,90.0,CHNi36O2,"[<ase.constraints.FixBondLengths object at 0x7f93d87290d0>, FixAtoms(indices=[18, 19, 20, 21, 22, 23, 24, 25, 26, 27, 28, 29, 30, 31, 32, 33, 34, 35])]",,2,1,1.0,36,Ni-slabs,Ni-slabs,/data/Chapter6/Ni-slabs.hdf,137,HCOO,True,Ni-211-clean-3x3x4,Ni-211-clean-3x3x4,-78.40925744,Ni36,False,ok,1.0,1.0,2.0,-21.45230432999999,0.0,0.0,0.0,0.0,0.0,0.0,0.0,,,,,True,Ni-211-clean-3x3x4,HCOO%HCO_O,1,5,Ni-slabs|Ni-211-clean-3x3x4|HCOO%HCO_O|1,1.6669296400000064,1.6669296400000064
/data/calculations/Ni/slabs/211/clean/3x3x4/copt/HCOO%HCO_O/1/06,Ni-211-clean-3x3x4-copt-HCOO%HCO_O-1-06,"['ir.39y+.pckl', 'ir.39x-.pckl', 'individual_vib.py', 'vib.39x-.pckl', 'vib.39y+.pckl', 'BCF.dat', 'INCAR', 'vib.39z-.pckl', 'run.py', 'out.txt', 'ir.39z-.pckl', 'gibbs.e', 'OSZICAR', 'individual_vib.txt', 'vib-calc.traj', 'vib.37z-.pckl', 'final.e', 'ir.37z-.pckl', 'final.traj', 'ir.37y+.pckl', 'ir.37x-.pckl', 'Ni-211-clean-3x3x4-HCO_O-1-side.pov', 'OUTCAR', 'vib.37x-.pckl', 'Ni-211-clean-3x3x4-copt-HCOOHCO_O-1-06-top.pov', 'vib.37y+.pckl', 'individual_vib.xyz', 'vib.39z+.pckl', 'Ni-211-clean-3x3x4-copt-HCOOHCO_O-1-06-side.ini', 'tmp.dat2', 'ir.39z+.pckl', 'Ni-211-clean-3x3x4-HCO_O-1-top.pov', 'ir.39y-.pckl', 'ir.39x+.pckl', 'AVF.dat', 'vib.39x+.pckl', 'ACF.dat', 'vib.39y-.pckl', 'calc.traj', 'ir.37y-.pckl', 'ir.37x+.pckl', 'CONTCAR', 'vib.37x+.pckl', 'tmp.dat', 'vib.37y-.pckl', 'vib.37z+.pckl', 'POSCAR', 'ir.37z+.pckl', 'vib.eq.pckl', 'CO1', 'ir.38z-.pckl', 'vib.38z-.pckl', 'vib.38x-.pckl', 'vib.38y+.pckl', 'ir.38y+.pckl', 'BWUNI.sh', 'ir.38x-.pckl', 'Ni-211-clean-3x3x4-copt-HCOOHCO_O-1-06-top.ini', 'vib.36x-.pckl', 'vib.36y+.pckl', 'ir.36y+.pckl', 'IR-BWUNI.sh', 'ir.36x-.pckl', 'Ni-211-clean-3x3x4-HCO_O-1-side.ini', 'vib-BWUNI.sh', 'ir.36z-.pckl', 'ir.xyz', 'vib.36z-.pckl', 'REPORT', 'vib.38x+.pckl', 'vib.38y-.pckl', 'ir.38y-.pckl', 'Ni-211-clean-3x3x4-HCO_O-1-top.ini', 'ir.38x+.pckl', 'vib.py', 'ir.38z+.pckl', 'ase-sort.dat', 'KPOINTS', 'vib.xyz', 'Ni-211-clean-3x3x4-copt-HCOOHCO_O-1-06-side.pov', 'vib.38z+.pckl', 'ir.36z+.pckl', 'relax.traj', 'vib.36z+.pckl', 'vib.36x+.pckl', 'vib.36y-.pckl', 'vib-Intensity.py', 'ir.36y-.pckl', 'XDATCAR', 'ir.eq.pckl', 'first.traj', 'relax.log', 'ir.36x+.pckl']",-100.54624515,"Atoms(symbols='Ni36O2HC', pbc=True, cell=[6.120201528544627, 7.495685433967997, 23.93399933894733], initial_magmoms=..., constraint=FixAtoms(indices=[18, 19, 20, 21, 22, 23, 24, 25, 26, 27, 28, 29, 30, 31, 32, 33, 34, 35]), calculator=SinglePointCalculator(...))",0.0069,1724181343.0,Tue Aug 20 21:15:43 2024,6.120201528544627,7.495685433967997,23.93399933894733,90.0,CHNi36O2,"[FixAtoms(indices=[18, 19, 20, 21, 22, 23, 24, 25, 26, 27, 28, 29, 30, 31, 32, 33, 34, 35])]",,2,1,1.0,36,Ni-slabs,Ni-slabs,/data/Chapter6/Ni-slabs.hdf,141,HCOO,True,Ni-211-clean-3x3x4,Ni-211-clean-3x3x4,-78.40925744,Ni36,False,ok,1.0,1.0,2.0,-22.13698771,0.0,0.0,0.0,0.0,0.0,0.0,0.0,,,,,True,Ni-211-clean-3x3x4,HCOO%HCO_O,1,6,Ni-slabs|Ni-211-clean-3x3x4|HCOO%HCO_O|1,0.9822462599999966,0.9822462599999966
/data/calculations/Ni/slabs/211/clean/3x3x4/copt/HCOO%HCO_O/2/00,Ni-211-clean-3x3x4-copt-HCOO%HCO_O-2-00,"['Ni-211-clean-3x3x4-HCOO-AA-top.ini', '.Rhistory', 'vib.39x-.pckl', 'Ni-211-clean-3x3x4-copt-HCOOHCO_O-1-00-top.ini', 'vib.39y+.pckl', 'BCF.dat', 'INCAR', 'vib.39z-.pckl', 'run.py', 'out.txt', 'gibbs.e', 'OSZICAR', 'DOS5', 'DOS2', 'vib.37z-.pckl', 'Ni-211-clean-3x3x4-copt-HCOOHCO_O-1-00-side.ini', 'final.e', 'Ni-211-clean-3x3x4-HCOO-AA-side.ini', 'final.traj', 'DOS3', 'DOS4', 'OUTCAR', 'vib.37x-.pckl', 'vib.37y+.pckl', 'vib.39z+.pckl', 'tmp.dat2', 'AVF.dat', 'vib.39x+.pckl', 'ACF.dat', 'vib.39y-.pckl', 'CONTCAR', 'vib.37x+.pckl', 'tmp.dat', 'vib.37y-.pckl', 'vib.37z+.pckl', 'POSCAR', 'vib.eq.pckl', 'vib.38z-.pckl', 'vib.38x-.pckl', 'vib.38y+.pckl', 'Ni-211-clean-3x3x4-copt-HCOOHCO_O-1-00-top.pov', 'Ni-211-clean-3x3x4-HCOO-AA-top.pov', 'BWUNI.sh', 'vib.36x-.pckl', 'vib.36y+.pckl', 'DOS1', 'DOS6', 'DOS8', 'vib-BWUNI.sh', 'Ni-211-clean-3x3x4-HCOO-AA-side.pov', 'DOS7', 'vib.36z-.pckl', 'DOS0', 'Ni-211-clean-3x3x4-copt-HCOOHCO_O-1-00-side.pov', 'vib.38x+.pckl', 'vib.38y-.pckl', 'vib.py', 'ase-sort.dat', 'KPOINTS', 'vib.xyz', 'vib.38z+.pckl', 'relax.traj', 'vib.36z+.pckl', 'vib.36x+.pckl', 'vib.36y-.pckl', 'XDATCAR', 'first.traj', 'relax.log']",-101.52849141,"Atoms(symbols='Ni36O2CH', pbc=True, cell=[6.120201528544627, 7.495685433967997, 23.93399933894733], initial_magmoms=..., constraint=FixAtoms(indices=[18, 19, 20, 21, 22, 23, 24, 25, 26, 27, 28, 29, 30, 31, 32, 33, 34, 35]), calculator=SinglePointCalculator(...))",0.0072,1724181343.0,Tue Aug 20 21:15:43 2024,6.120201528544627,7.495685433967997,23.93399933894733,90.0,CHNi36O2,"[FixAtoms(indices=[18, 19, 20, 21, 22, 23, 24, 25, 26, 27, 28, 29, 30, 31, 32, 33, 34, 35])]",,2,1,1.0,36,Ni-slabs,Ni-slabs,/data/Chapter6/Ni-slabs.hdf,144,HCOO,True,Ni-211-clean-3x3x4,Ni-211-clean-3x3x4,-78.40925744,Ni36,False,ok,1.0,1.0,2.0,-23.119233969999996,0.0,0.0,0.0,0.0,0.0,0.0,0.0,,,,,True,Ni-211-clean-3x3x4,HCOO%HCO_O,2,0,Ni-slabs|Ni-211-clean-3x3x4|HCOO%HCO_O|2,0.0,0.0
/data/calculations/Ni/slabs/211/clean/3x3x4/copt/HCOO%HCO_O/2/02,Ni-211-clean-3x3x4-copt-HCOO%HCO_O-2-02,"['individual_vib.py', 'vib.39x-.pckl', 'vib.39y+.pckl', 'BCF.dat', 'INCAR', 'vib.39z-.pckl', 'run.py', 'out.txt', 'gibbs.e', 'OSZICAR', 'individual_vib.txt', 'vib.37z-.pckl', 'final.e', 'final.traj', 'OUTCAR', 'vib.37x-.pckl', 'vib.37y+.pckl', 'individual_vib.xyz', 'vib.39z+.pckl', 'tmp.dat2', 'AVF.dat', 'vib.39x+.pckl', 'ACF.dat', 'vib.39y-.pckl', 'calc.traj', 'CONTCAR', 'vib.37x+.pckl', 'tmp.dat', 'vib.37y-.pckl', 'vib.37z+.pckl', 'POSCAR', 'vib.eq.pckl', 'CO1', 'Gout.txt', 'vib.38z-.pckl', 'vib.38x-.pckl', 'vib.38y+.pckl', 'BWUNI.sh', 'vib.36x-.pckl', 'vib.36y+.pckl', 'vib-BWUNI.sh', 'vib.36z-.pckl', 'REPORT', 'vib.38x+.pckl', 'vib.38y-.pckl', 'vib.py', 'ase-sort.dat', 'KPOINTS', 'vib.xyz', 'vib.38z+.pckl', 'relax.traj', 'vib.36z+.pckl', 'C3H3Ni108O6.png', 'vib.36x+.pckl', 'vib.36y-.pckl', 'XDATCAR', 'first.traj', 'relax.log']",-99.55335755,"Atoms(symbols='Ni36O2CH', pbc=True, cell=[6.12020152854463, 7.495685433968, 23.9339993389473], initial_magmoms=..., constraint=[<ase.constraints.FixBondLengths object at 0x7f93d8741b80>, FixAtoms(indices=[18, 19, 20, 21, 22, 23, 24, 25, 26, 27, 28, 29, 30, 31, 32, 33, 34, 35])], calculator=SinglePointCalculator(...))",0.009,1744289832.0,Thu Apr 10 14:57:12 2025,6.12020152854463,7.495685433968,23.9339993389473,90.0,CHNi36O2,"[<ase.constraints.FixBondLengths object at 0x7f93d8741b80>, FixAtoms(indices=[18, 19, 20, 21, 22, 23, 24, 25, 26, 27, 28, 29, 30, 31, 32, 33, 34, 35])]",,2,1,1.0,36,Ni-slabs,Ni-slabs,/data/Chapter6/Ni-slabs.hdf,143,HCOO,True,Ni-211-clean-3x3x4,Ni-211-clean-3x3x4,-78.40925744,Ni36,False,ok,1.0,1.0,2.0,-21.144100109999997,0.0,0.0,0.0,0.0,0.0,0.0,0.0,,,,,True,Ni-211-clean-3x3x4,HCOO%HCO_O,2,2,Ni-slabs|Ni-211-clean-3x3x4|HCOO%HCO_O|2,1.9751338599999997,1.9751338599999997
/data/calculations/Ni/slabs/211/clean/3x3x4/copt/HCOO%HCO_O/2/03,Ni-211-clean-3x3x4-copt-HCOO%HCO_O-2-03,"['BCF.dat', 'INCAR', 'run.py', 'out.txt', 'OSZICAR', 'DOS5', 'DOS2', 'DOS40', 'final.e', 'DOS13', 'DOS14', 'final.traj', 'DOS22', 'DOS25', 'DOS3', 'DOS4', 'OUTCAR', 'DOS24', 'DOS23', 'DOS15', 'DOS12', 'DOS30', 'DOS37', 'DOS39', 'tmp.dat2', 'DOS38', 'AVF.dat', 'DOS36', 'DOS31', 'ACF.dat', 'calc.traj', 'CONTCAR', 'tmp.dat', 'POSCAR', 'submit.sh', 'DOS17', 'DOS28', 'DOS10', 'DOS26', 'DOS19', 'DOS21', 'DOS1', 'DOS6', 'DOS8', 'DOS20', 'DOS27', 'DOS18', 'DOS11', 'DOS16', 'DOS29', 'DOS9', 'DOS7', 'DOS0', 'REPORT', 'DOS34', 'DOS33', 'ase-sort.dat', 'KPOINTS', 'DOS32', 'DOS35', 'relax.traj', 'XDATCAR', 'first.traj', 'relax.log']",-99.55548405,"Atoms(symbols='Ni36O2CH', pbc=True, cell=[6.12020152854463, 7.495685433968, 23.9339993389473], initial_magmoms=..., constraint=[<ase.constraints.FixBondLengths object at 0x7f93d87416d0>, FixAtoms(indices=[18, 19, 20, 21, 22, 23, 24, 25, 26, 27, 28, 29, 30, 31, 32, 33, 34, 35])], calculator=SinglePointCalculator(...))",0.0081,1724804818.0,Wed Aug 28 02:26:58 2024,6.12020152854463,7.495685433968,23.9339993389473,90.0,CHNi36O2,"[<ase.constraints.FixBondLengths object at 0x7f93d87416d0>, FixAtoms(indices=[18, 19, 20, 21, 22, 23, 24, 25, 26, 27, 28, 29, 30, 31, 32, 33, 34, 35])]",,2,1,1.0,36,Ni-slabs,Ni-slabs,/data/Chapter6/Ni-slabs.hdf,142,HCOO,True,Ni-211-clean-3x3x4,Ni-211-clean-3x3x4,-78.40925744,Ni36,False,ok,1.0,1.0,2.0,-21.14622661,0.0,0.0,0.0,0.0,0.0,0.0,0.0,,,,,True,Ni-211-clean-3x3x4,HCOO%HCO_O,2,3,Ni-slabs|Ni-211-clean-3x3x4|HCOO%HCO_O|2,1.9730073599999969,1.9730073599999969
/data/calculations/Ni/slabs/211/clean/3x3x4/copt/HCOO%HCO_O/2/06,Ni-211-clean-3x3x4-copt-HCOO%HCO_O-2-06,"['ir.39y+.pckl', 'ir.39x-.pckl', 'individual_vib.py', 'vib.39x-.pckl', 'vib.39y+.pckl', 'BCF.dat', 'INCAR', 'vib.39z-.pckl', 'run.py', 'out.txt', 'ir.39z-.pckl', 'gibbs.e', 'OSZICAR', 'individual_vib.txt', 'vib-calc.traj', 'vib.37z-.pckl', 'final.e', 'ir.37z-.pckl', 'final.traj', 'ir.37y+.pckl', 'ir.37x-.pckl', 'Ni-211-clean-3x3x4-HCO_O-1-side.pov', 'OUTCAR', 'vib.37x-.pckl', 'Ni-211-clean-3x3x4-copt-HCOOHCO_O-1-06-top.pov', 'vib.37y+.pckl', 'individual_vib.xyz', 'vib.39z+.pckl', 'Ni-211-clean-3x3x4-copt-HCOOHCO_O-1-06-side.ini', 'tmp.dat2', 'ir.39z+.pckl', 'Ni-211-clean-3x3x4-HCO_O-1-top.pov', 'ir.39y-.pckl', 'ir.39x+.pckl', 'AVF.dat', 'vib.39x+.pckl', 'ACF.dat', 'vib.39y-.pckl', 'calc.traj', 'ir.37y-.pckl', 'ir.37x+.pckl', 'CONTCAR', 'vib.37x+.pckl', 'tmp.dat', 'vib.37y-.pckl', 'vib.37z+.pckl', 'POSCAR', 'ir.37z+.pckl', 'vib.eq.pckl', 'CO1', 'ir.38z-.pckl', 'vib.38z-.pckl', 'vib.38x-.pckl', 'vib.38y+.pckl', 'ir.38y+.pckl', 'BWUNI.sh', 'ir.38x-.pckl', 'Ni-211-clean-3x3x4-copt-HCOOHCO_O-1-06-top.ini', 'vib.36x-.pckl', 'vib.36y+.pckl', 'ir.36y+.pckl', 'IR-BWUNI.sh', 'ir.36x-.pckl', 'Ni-211-clean-3x3x4-HCO_O-1-side.ini', 'vib-BWUNI.sh', 'ir.36z-.pckl', 'ir.xyz', 'vib.36z-.pckl', 'REPORT', 'vib.38x+.pckl', 'vib.38y-.pckl', 'ir.38y-.pckl', 'Ni-211-clean-3x3x4-HCO_O-1-top.ini', 'ir.38x+.pckl', 'vib.py', 'ir.38z+.pckl', 'ase-sort.dat', 'KPOINTS', 'vib.xyz', 'Ni-211-clean-3x3x4-copt-HCOOHCO_O-1-06-side.pov', 'vib.38z+.pckl', 'ir.36z+.pckl', 'relax.traj', 'vib.36z+.pckl', 'vib.36x+.pckl', 'vib.36y-.pckl', 'vib-Intensity.py', 'ir.36y-.pckl', 'XDATCAR', 'ir.eq.pckl', 'first.traj', 'relax.log', 'ir.36x+.pckl']",-100.54624515,"Atoms(symbols='Ni36O2HC', pbc=True, cell=[6.120201528544627, 7.495685433967997, 23.93399933894733], initial_magmoms=..., constraint=FixAtoms(indices=[18, 19, 20, 21, 22, 23, 24, 25, 26, 27, 28, 29, 30, 31, 32, 33, 34, 35]), calculator=SinglePointCalculator(...))",0.0069,1724181343.0,Tue Aug 20 21:15:43 2024,6.120201528544627,7.495685433967997,23.93399933894733,90.0,CHNi36O2,"[FixAtoms(indices=[18, 19, 20, 21, 22, 23, 24, 25, 26, 27, 28, 29, 30, 31, 32, 33, 34, 35])]",,2,1,1.0,36,Ni-slabs,Ni-slabs,/data/Chapter6/Ni-slabs.hdf,145,HCOO,True,Ni-211-clean-3x3x4,Ni-211-clean-3x3x4,-78.40925744,Ni36,False,ok,1.0,1.0,2.0,-22.13698771,0.0,0.0,0.0,0.0,0.0,0.0,0.0,,,,,True,Ni-211-clean-3x3x4,HCOO%HCO_O,2,6,Ni-slabs|Ni-211-clean-3x3x4|HCOO%HCO_O|2,0.9822462599999966,0.9822462599999966
/data/calculations/Ni/slabs/211/clean/3x3x4/copt/HCOO_H%HCOOH/1/00,Ni-211-clean-3x3x4-copt-HCOO_H%HCOOH-1-00,"['vib.39x-.pckl', 'vib.39y+.pckl', 'Ni-211-clean-3x3x4-copt-HCOO_HHCOOH-1-00-top.pov', 'BCF.dat', 'INCAR', 'vib.39z-.pckl', 'run.py', 'out.txt', 'gibbs.e', 'OSZICAR', 'vib.37z-.pckl', 'final.e', 'vib.40z+.pckl', 'relax.traj2', 'final.traj', 'OUTCAR3', 'Ni-211-clean-3x3x4-copt-HCOO_HHCOOH-1-00-side.pov', 'vib.40y-.pckl', 'vib.40x+.pckl', 'OUTCAR', 'vib.37x-.pckl', 'OUTCAR2', 'vib.37y+.pckl', 'relax.traj3', 'vib.39z+.pckl', 'tmp.dat2', 'Ni-211-clean-3x3x4-HCOO_H-1-side.ini', 'AVF.dat', 'vib.39x+.pckl', 'ACF.dat', 'vib.39y-.pckl', 'vib.40y+.pckl', 'Ni-211-clean-3x3x4-HCOO_H-1-top.ini', 'vib.40x-.pckl', 'CONTCAR', 'vib.37x+.pckl', 'tmp.dat', 'vib.37y-.pckl', 'vib.37z+.pckl', 'POSCAR', 'vib.40z-.pckl', 'vib.eq.pckl', 'Ni-211-clean-3x3x4-copt-HCOO_HHCOOH-1-00-top.ini', 'vib.38z-.pckl', 'vib.38x-.pckl', 'vib.38y+.pckl', 'BWUNI.sh', 'relax.traj1', 'vib.36x-.pckl', 'vib.36y+.pckl', 'Ni-211-clean-3x3x4-copt-HCOO_HHCOOH-1-00-side.ini', 'vib-BWUNI.sh', 'OUTCAR1', 'vib.36z-.pckl', 'vib.38x+.pckl', 'vib.38y-.pckl', 'vib.py', 'ase-sort.dat', 'KPOINTS', 'Ni-211-clean-3x3x4-HCOO_H-1-side.pov', 'vib.xyz', 'vib.38z+.pckl', 'relax.traj', 'vib.36z+.pckl', 'vib.36x+.pckl', 'vib.36y-.pckl', 'XDATCAR', 'first.traj', 'relax.log', 'Ni-211-clean-3x3x4-HCOO_H-1-top.pov']",-105.28752419,"Atoms(symbols='Ni36O2CH2', pbc=True, cell=[6.120201528544627, 7.495685433967997, 23.93399933894733], initial_magmoms=..., constraint=FixAtoms(indices=[18, 19, 20, 21, 22, 23, 24, 25, 26, 27, 28, 29, 30, 31, 32, 33, 34, 35]), calculator=SinglePointCalculator(...))",0.0067,1724181343.0,Tue Aug 20 21:15:43 2024,6.120201528544627,7.495685433967997,23.93399933894733,90.0,CH2Ni36O2,"[FixAtoms(indices=[18, 19, 20, 21, 22, 23, 24, 25, 26, 27, 28, 29, 30, 31, 32, 33, 34, 35])]",,2,1,2.0,36,Ni-slabs,Ni-slabs,/data/Chapter6/Ni-slabs.hdf,167,HCOO,True,Ni-211-clean-3x3x4,Ni-211-clean-3x3x4,-78.40925744,Ni36,False,ok,1.0,2.0,2.0,-26.878266749999995,0.0,0.0,0.0,0.0,0.0,0.0,0.0,,,,,True,Ni-211-clean-3x3x4,HCOO_H%HCOOH,1,0,Ni-slabs|Ni-211-clean-3x3x4|HCOO_H%HCOOH|1,0.0,0.0
/data/calculations/Ni/slabs/211/clean/3x3x4/copt/HCOO_H%HCOOH/1/01,Ni-211-clean-3x3x4-copt-HCOO_H%HCOOH-1-01,"['BCF.dat', 'INCAR', 'run.py', 'out.txt', 'OSZICAR', 'DOS5', 'Ni-211-clean-3x3x4-copt-HCOO_HHCOOH-1-01-top.pov', 'DOS2', 'DOS40', 'final.e', 'DOS13', 'DOS14', 'final.traj', 'DOS22', 'DOS25', 'Ni-211-clean-3x3x4-copt-HCOO_HHCOOH-1-01-side.pov', 'DOS41', 'DOS3', 'DOS4', 'OUTCAR', 'DOS24', 'DOS23', 'DOS15', 'DOS12', 'DOS30', 'DOS37', 'DOS39', 'tmp.dat2', 'DOS38', 'AVF.dat', 'DOS36', 'DOS31', 'ACF.dat', 'calc.traj', 'CONTCAR', 'tmp.dat', 'POSCAR', 'submit.sh', 'DOS17', 'DOS28', 'DOS10', 'DOS26', 'DOS19', 'DOS21', 'DOS1', 'Ni-211-clean-3x3x4-copt-HCOO_HHCOOH-1-01-side.ini', 'DOS6', 'DOS8', 'DOS20', 'DOS27', 'DOS18', 'DOS11', 'DOS16', 'DOS29', 'Ni-211-clean-3x3x4-copt-HCOO_HHCOOH-1-01-top.ini', 'DOS9', 'DOS7', 'DOS0', 'REPORT', 'vib-submit.sh', 'DOS34', 'DOS33', 'vib.py', 'ase-sort.dat', 'KPOINTS', 'DOS32', 'DOS35', 'relax.traj', 'XDATCAR', 'first.traj', 'relax.log']",-105.12499903,"Atoms(symbols='Ni36O2CH2', pbc=True, cell=[6.12020152854463, 7.495685433968, 23.9339993389473], initial_magmoms=..., constraint=[<ase.constraints.FixBondLengths object at 0x7f93d8586b50>, FixAtoms(indices=[18, 19, 20, 21, 22, 23, 24, 25, 26, 27, 28, 29, 30, 31, 32, 33, 34, 35])], calculator=SinglePointCalculator(...))",0.0077,1724251946.0,Wed Aug 21 16:52:26 2024,6.12020152854463,7.495685433968,23.9339993389473,90.0,CH2Ni36O2,"[<ase.constraints.FixBondLengths object at 0x7f93d8586b50>, FixAtoms(indices=[18, 19, 20, 21, 22, 23, 24, 25, 26, 27, 28, 29, 30, 31, 32, 33, 34, 35])]",,2,1,2.0,36,Ni-slabs,Ni-slabs,/data/Chapter6/Ni-slabs.hdf,168,HCOO,True,Ni-211-clean-3x3x4,Ni-211-clean-3x3x4,-78.40925744,Ni36,False,ok,1.0,2.0,2.0,-26.715741589999993,0.0,0.0,0.0,0.0,0.0,0.0,0.0,,,,,True,Ni-211-clean-3x3x4,HCOO_H%HCOOH,1,1,Ni-slabs|Ni-211-clean-3x3x4|HCOO_H%HCOOH|1,0.16252516000000128,0.16252516000000128
/data/calculations/Ni/slabs/211/clean/3x3x4/copt/HCOO_H%HCOOH/1/02,Ni-211-clean-3x3x4-copt-HCOO_H%HCOOH-1-02,"['BCF.dat', 'INCAR', 'run.py', 'out.txt', 'Ni-211-clean-3x3x4-copt-HCOO_HHCOOH-1-02-side.ini', 'OSZICAR', 'DOS5', 'DOS2', 'DOS40', 'final.e', 'DOS13', 'DOS14', 'final.traj', 'DOS22', 'DOS25', 'DOS41', 'DOS3', 'DOS4', 'OUTCAR', 'DOS24', 'DOS23', 'DOS15', 'DOS12', 'DOS30', 'DOS37', 'DOS39', 'tmp.dat2', 'DOS38', 'AVF.dat', 'DOS36', 'DOS31', 'ACF.dat', 'calc.traj', 'CONTCAR', 'tmp.dat', 'Ni-211-clean-3x3x4-copt-HCOO_HHCOOH-1-02-top.pov', 'POSCAR', 'submit.sh', 'Ni-211-clean-3x3x4-copt-HCOO_HHCOOH-1-02-side.pov', 'DOS17', 'DOS28', 'DOS10', 'DOS26', 'DOS19', 'DOS21', 'DOS1', 'DOS6', 'DOS8', 'DOS20', 'DOS27', 'DOS18', 'DOS11', 'DOS16', 'DOS29', 'DOS9', 'DOS7', 'DOS0', 'REPORT', 'vib-submit.sh', 'DOS34', 'DOS33', 'vib.py', 'ase-sort.dat', 'KPOINTS', 'DOS32', 'DOS35', 'relax.traj', 'Ni-211-clean-3x3x4-copt-HCOO_HHCOOH-1-02-top.ini', 'XDATCAR', 'first.traj', 'relax.log']",-104.94640897,"Atoms(symbols='Ni36O2CH2', pbc=True, cell=[6.12020152854463, 7.495685433968, 23.9339993389473], initial_magmoms=..., constraint=[<ase.constraints.FixBondLengths object at 0x7f93d85862e0>, FixAtoms(indices=[18, 19, 20, 21, 22, 23, 24, 25, 26, 27, 28, 29, 30, 31, 32, 33, 34, 35])], calculator=SinglePointCalculator(...))",0.0075,1724251946.0,Wed Aug 21 16:52:26 2024,6.12020152854463,7.495685433968,23.9339993389473,90.0,CH2Ni36O2,"[<ase.constraints.FixBondLengths object at 0x7f93d85862e0>, FixAtoms(indices=[18, 19, 20, 21, 22, 23, 24, 25, 26, 27, 28, 29, 30, 31, 32, 33, 34, 35])]",,2,1,2.0,36,Ni-slabs,Ni-slabs,/data/Chapter6/Ni-slabs.hdf,166,HCOO,True,Ni-211-clean-3x3x4,Ni-211-clean-3x3x4,-78.40925744,Ni36,False,ok,1.0,2.0,2.0,-26.53715152999999,0.0,0.0,0.0,0.0,0.0,0.0,0.0,,,,,True,Ni-211-clean-3x3x4,HCOO_H%HCOOH,1,2,Ni-slabs|Ni-211-clean-3x3x4|HCOO_H%HCOOH|1,0.34111522000000605,0.34111522000000605
/data/calculations/Ni/slabs/211/clean/3x3x4/copt/HCOO_H%HCOOH/1/03,Ni-211-clean-3x3x4-copt-HCOO_H%HCOOH-1-03,"['BCF.dat', 'INCAR', 'run.py', 'out.txt', 'Ni-211-clean-3x3x4-copt-HCOO_HHCOOH-1-03-side.ini', 'OSZICAR', 'DOS5', 'DOS2', 'DOS40', 'final.e', 'DOS13', 'DOS14', 'final.traj', 'DOS22', 'DOS25', 'DOS41', 'DOS3', 'DOS4', 'OUTCAR', 'DOS24', 'DOS23', 'DOS15', 'DOS12', 'DOS30', 'DOS37', 'DOS39', 'Ni-211-clean-3x3x4-copt-HCOO_HHCOOH-1-03-top.pov', 'tmp.dat2', 'DOS38', 'AVF.dat', 'DOS36', 'DOS31', 'ACF.dat', 'calc.traj', 'CONTCAR', 'tmp.dat', 'POSCAR', 'submit.sh', 'Ni-211-clean-3x3x4-copt-HCOO_HHCOOH-1-03-side.pov', 'DOS17', 'DOS28', 'DOS10', 'DOS26', 'DOS19', 'DOS21', 'DOS1', 'DOS6', 'DOS8', 'DOS20', 'DOS27', 'DOS18', 'DOS11', 'DOS16', 'DOS29', 'DOS9', 'DOS7', 'DOS0', 'REPORT', 'vib-submit.sh', 'DOS34', 'DOS33', 'vib.py', 'ase-sort.dat', 'KPOINTS', 'Ni-211-clean-3x3x4-copt-HCOO_HHCOOH-1-03-top.ini', 'DOS32', 'DOS35', 'relax.traj', 'XDATCAR', 'first.traj', 'relax.log']",-104.66302246,"Atoms(symbols='Ni36O2CH2', pbc=True, cell=[6.12020152854463, 7.495685433968, 23.9339993389473], initial_magmoms=..., constraint=[<ase.constraints.FixBondLengths object at 0x7f93d87ea490>, FixAtoms(indices=[18, 19, 20, 21, 22, 23, 24, 25, 26, 27, 28, 29, 30, 31, 32, 33, 34, 35])], calculator=SinglePointCalculator(...))",0.0076,1724251946.0,Wed Aug 21 16:52:26 2024,6.12020152854463,7.495685433968,23.9339993389473,90.0,CH2Ni36O2,"[<ase.constraints.FixBondLengths object at 0x7f93d87ea490>, FixAtoms(indices=[18, 19, 20, 21, 22, 23, 24, 25, 26, 27, 28, 29, 30, 31, 32, 33, 34, 35])]",,2,1,2.0,36,Ni-slabs,Ni-slabs,/data/Chapter6/Ni-slabs.hdf,163,HCOO,True,Ni-211-clean-3x3x4,Ni-211-clean-3x3x4,-78.40925744,Ni36,False,ok,1.0,2.0,2.0,-26.25376501999999,0.0,0.0,0.0,0.0,0.0,0.0,0.0,,,,,True,Ni-211-clean-3x3x4,HCOO_H%HCOOH,1,3,Ni-slabs|Ni-211-clean-3x3x4|HCOO_H%HCOOH|1,0.6245017300000058,0.6245017300000058
/data/calculations/Ni/slabs/211/clean/3x3x4/copt/HCOO_H%HCOOH/1/04,Ni-211-clean-3x3x4-copt-HCOO_H%HCOOH-1-04,"['BCF.dat', 'INCAR', 'run.py', 'out.txt', 'OSZICAR', 'DOS5', 'DOS2', 'DOS40', 'final.e', 'DOS13', 'DOS14', 'final.traj', 'DOS22', 'DOS25', 'DOS41', 'DOS3', 'DOS4', 'OUTCAR', 'DOS24', 'DOS23', 'DOS15', 'DOS12', 'Ni-211-clean-3x3x4-copt-HCOO_HHCOOH-1-04-top.ini', 'DOS30', 'DOS37', 'DOS39', 'tmp.dat2', 'DOS38', 'AVF.dat', 'DOS36', 'DOS31', 'ACF.dat', 'calc.traj', 'CONTCAR', 'tmp.dat', 'POSCAR', 'Ni-211-clean-3x3x4-copt-HCOO_HHCOOH-1-04-side.ini', 'submit.sh', 'DOS17', 'DOS28', 'DOS10', 'DOS26', 'DOS19', 'DOS21', 'DOS1', 'DOS6', 'DOS8', 'DOS20', 'DOS27', 'DOS18', 'DOS11', 'DOS16', 'DOS29', 'DOS9', 'DOS7', 'DOS0', 'REPORT', 'vib-submit.sh', 'DOS34', 'DOS33', 'vib.py', 'ase-sort.dat', 'KPOINTS', 'Ni-211-clean-3x3x4-copt-HCOO_HHCOOH-1-04-top.pov', 'DOS32', 'DOS35', 'Ni-211-clean-3x3x4-copt-HCOO_HHCOOH-1-04-side.pov', 'relax.traj', 'XDATCAR', 'first.traj', 'relax.log']",-104.2891352,"Atoms(symbols='Ni36O2CH2', pbc=True, cell=[6.12020152854463, 7.495685433968, 23.9339993389473], initial_magmoms=..., constraint=[<ase.constraints.FixBondLengths object at 0x7f93d87ea940>, FixAtoms(indices=[18, 19, 20, 21, 22, 23, 24, 25, 26, 27, 28, 29, 30, 31, 32, 33, 34, 35])], calculator=SinglePointCalculator(...))",0.0079,1724251946.0,Wed Aug 21 16:52:26 2024,6.12020152854463,7.495685433968,23.9339993389473,90.0,CH2Ni36O2,"[<ase.constraints.FixBondLengths object at 0x7f93d87ea940>, FixAtoms(indices=[18, 19, 20, 21, 22, 23, 24, 25, 26, 27, 28, 29, 30, 31, 32, 33, 34, 35])]",,2,1,2.0,36,Ni-slabs,Ni-slabs,/data/Chapter6/Ni-slabs.hdf,164,HCOO,True,Ni-211-clean-3x3x4,Ni-211-clean-3x3x4,-78.40925744,Ni36,False,ok,1.0,2.0,2.0,-25.87987776,0.0,0.0,0.0,0.0,0.0,0.0,0.0,,,,,True,Ni-211-clean-3x3x4,HCOO_H%HCOOH,1,4,Ni-slabs|Ni-211-clean-3x3x4|HCOO_H%HCOOH|1,0.9983889899999951,0.9983889899999951
/data/calculations/Ni/slabs/211/clean/3x3x4/copt/HCOO_H%HCOOH/1/05,Ni-211-clean-3x3x4-copt-HCOO_H%HCOOH-1-05,"['individual_vib.py', 'vib.39x-.pckl', 'vib.39y+.pckl', 'BCF.dat', 'vib', 'INCAR', 'vib.39z-.pckl', 'run.py', 'out.txt', 'gibbs.e', 'OSZICAR', 'individual_vib.txt', 'DOS5', 'vib-calc.traj', 'DOS2', 'vib.37z-.pckl', 'DOS40', 'final.e', 'DOS13', 'vib.40z+.pckl', 'OUTCAR4', 'DOS14', 'final.traj', 'OUTCAR3', 'DOS22', 'DOS25', 'vib.40y-.pckl', 'DOS41', 'DOS3', 'vib.40x+.pckl', 'DOS4', 'OUTCAR', 'vib.37x-.pckl', 'DOS24', 'DOS23', 'DOS15', 'OUTCAR2', 'DOS12', 'vib.37y+.pckl', 'DOS30', 'individual_vib.xyz', 'DOS37', 'vib.39z+.pckl', 'DOS39', 'tmp.dat2', 'DOS38', 'AVF.dat', 'DOS36', 'DOS31', 'vib.39x+.pckl', 'ACF.dat', 'vib.39y-.pckl', 'calc.traj', 'vib.40y+.pckl', 'vib.40x-.pckl', 'CONTCAR', 'vib.37x+.pckl', 'tmp.dat', 'vib.37y-.pckl', 'Ni-211-clean-3x3x4-copt-HCOO_HHCOOH-1-05-top.ini', 'vib.37z+.pckl', 'POSCAR', 'vib.40z-.pckl', 'Ni-211-clean-3x3x4-copt-HCOO_HHCOOH-1-05-side.ini', 'vib.eq.pckl', 'CO1', 'submit.sh', 'vib.38z-.pckl', 'vib.38x-.pckl', 'vib.38y+.pckl', 'DOS17', 'DOS28', 'DOS10', 'relax.traj1', 'vib.36x-.pckl', 'DOS26', 'DOS19', 'vib.36y+.pckl', 'DOS21', 'DOS1', 'DOS6', 'DOS8', 'DOS20', 'vib-BWUNI.sh', 'DOS27', 'DOS18', 'DOS11', 'DOS16', 'DOS29', 'OUTCAR1', 'DOS9', 'DOS7', 'vib.36z-.pckl', 'DOS0', 'REPORT', 'vib-submit.sh', 'vib.38x+.pckl', 'vib.38y-.pckl', 'DOS34', 'DOS33', 'vib.py', 'ase-sort.dat', 'KPOINTS', 'vib.xyz', 'DOS32', 'vib.38z+.pckl', 'DOS35', 'Ni-211-clean-3x3x4-copt-HCOO_HHCOOH-1-05-side.pov', 'Ni-211-clean-3x3x4-copt-HCOO_HHCOOH-1-05-top.pov', 'relax.traj', 'vib.36z+.pckl', 'vib.36x+.pckl', 'vib.36y-.pckl', 'XDATCAR', 'first.traj', 'relax.log']",-103.85867561,"Atoms(symbols='Ni36O2CH2', pbc=True, cell=[6.12020152854463, 7.495685433968, 23.9339993389473], initial_magmoms=..., constraint=[<ase.constraints.FixBondLengths object at 0x7f93d87eadf0>, FixAtoms(indices=[18, 19, 20, 21, 22, 23, 24, 25, 26, 27, 28, 29, 30, 31, 32, 33, 34, 35])], calculator=SinglePointCalculator(...))",0.0071,1724251946.0,Wed Aug 21 16:52:26 2024,6.12020152854463,7.495685433968,23.9339993389473,90.0,CH2Ni36O2,"[<ase.constraints.FixBondLengths object at 0x7f93d87eadf0>, FixAtoms(indices=[18, 19, 20, 21, 22, 23, 24, 25, 26, 27, 28, 29, 30, 31, 32, 33, 34, 35])]",,2,1,2.0,36,Ni-slabs,Ni-slabs,/data/Chapter6/Ni-slabs.hdf,165,HCOO,True,Ni-211-clean-3x3x4,Ni-211-clean-3x3x4,-78.40925744,Ni36,False,ok,1.0,2.0,2.0,-25.44941817,0.0,0.0,0.0,0.0,0.0,0.0,0.0,,,,,True,Ni-211-clean-3x3x4,HCOO_H%HCOOH,1,5,Ni-slabs|Ni-211-clean-3x3x4|HCOO_H%HCOOH|1,1.4288485799999933,1.4288485799999933
/data/calculations/Ni/slabs/211/clean/3x3x4/copt/HCO_H%H2CO/1/00,Ni-211-clean-3x3x4-copt-HCO_H%H2CO-1-00,"['ir.39y+.pckl', 'ir.39x-.pckl', 'individual_vib.py', 'vib.39x-.pckl', 'vib.39y+.pckl', 'Ni-211-clean-3x3x4-copt-HCO_HH2CO-1-00-side.pov', 'BCF.dat', 'INCAR', 'vib.39z-.pckl', 'run.py', 'out.txt', 'ir.39z-.pckl', 'gibbs.e', 'OSZICAR', 'individual_vib.txt', 'vib-calc.traj', 'vib.37z-.pckl', 'final.e', 'ir.37z-.pckl', 'final.traj', 'ir.37y+.pckl', 'Ni-211-clean-3x3x4-copt-HCO_HH2CO-1-00-top.pov', 'ir.37x-.pckl', 'OUTCAR', 'vib.37x-.pckl', 'Ni-211-clean-3x3x4-HCO_H-1-top.pov', 'vib.37y+.pckl', 'individual_vib.xyz', 'vib.39z+.pckl', 'Ni-211-clean-3x3x4-HCO_H-1-side.pov', 'tmp.dat2', 'ir.39z+.pckl', 'ir.39y-.pckl', 'ir.39x+.pckl', 'AVF.dat', 'vib.39x+.pckl', 'ACF.dat', 'vib.39y-.pckl', 'calc.traj', 'ir.37y-.pckl', 'ir.37x+.pckl', 'CONTCAR', 'vib.37x+.pckl', 'tmp.dat', 'vib.37y-.pckl', 'vib.37z+.pckl', 'POSCAR', 'ir.37z+.pckl', 'vib.eq.pckl', 'CO1', 'ir.38z-.pckl', 'vib.38z-.pckl', 'vib.38x-.pckl', 'Ni-211-clean-3x3x4-copt-HCO_HH2CO-1-00-side.ini', 'vib.38y+.pckl', 'ir.38y+.pckl', 'BWUNI.sh', 'ir.38x-.pckl', 'vib.36x-.pckl', 'Ni-211-clean-3x3x4-HCO_H-1-top.ini', 'vib.36y+.pckl', 'ir.36y+.pckl', 'IR-BWUNI.sh', 'ir.36x-.pckl', 'Ni-211-clean-3x3x4-copt-HCO_HH2CO-1-00-top.ini', 'vib-BWUNI.sh', 'ir.36z-.pckl', 'ir.xyz', 'vib.36z-.pckl', 'REPORT', 'vib.38x+.pckl', 'vib.38y-.pckl', 'ir.38y-.pckl', 'ir.38x+.pckl', 'vib.py', 'Ni-211-clean-3x3x4-HCO_H-1-side.ini', 'ir.38z+.pckl', 'ase-sort.dat', 'KPOINTS', 'vib.xyz', 'vib.38z+.pckl', 'ir.36z+.pckl', 'relax.traj', 'vib.36z+.pckl', 'vib.36x+.pckl', 'vib.36y-.pckl', 'vib-Intensity.py', 'ir.36y-.pckl', 'XDATCAR', 'ir.eq.pckl', 'first.traj', 'relax.log', 'ir.36x+.pckl']",-98.90568329,"Atoms(symbols='Ni36COH2', pbc=True, cell=[6.12020152854463, 7.495685433968, 23.9339993389473], constraint=FixAtoms(indices=[18, 19, 20, 21, 22, 23, 24, 25, 26, 27, 28, 29, 30, 31, 32, 33, 34, 35]), calculator=SinglePointCalculator(...))",0.0092,1724181343.0,Tue Aug 20 21:15:43 2024,6.12020152854463,7.495685433968,23.9339993389473,90.0,CH2Ni36O,"[FixAtoms(indices=[18, 19, 20, 21, 22, 23, 24, 25, 26, 27, 28, 29, 30, 31, 32, 33, 34, 35])]",,1,1,2.0,36,Ni-slabs,Ni-slabs,/data/Chapter6/Ni-slabs.hdf,216,HCO,True,Ni-211-clean-3x3x4,Ni-211-clean-3x3x4,-78.40925744,Ni36,False,ok,1.0,2.0,1.0,-20.496425849999994,0.0,0.0,0.0,0.0,0.0,0.0,0.0,,,,,True,Ni-211-clean-3x3x4,HCO_H%H2CO,1,0,Ni-slabs|Ni-211-clean-3x3x4|HCO_H%H2CO|1,0.0,0.0
/data/calculations/Ni/slabs/211/clean/3x3x4/copt/HCO_H%H2CO/1/01,Ni-211-clean-3x3x4-copt-HCO_H%H2CO-1-01,"['Ni-211-clean-3x3x4-copt-HCO_HH2CO-1-01-top.pov', 'Ni-211-clean-3x3x4-copt-HCO_HH2CO-1-01-side.pov', 'BCF.dat', 'INCAR', 'run.py', 'out.txt', 'OSZICAR', 'DOS5', 'DOS2', 'DOS40', 'final.e', 'DOS13', 'DOS14', 'final.traj', 'DOS22', 'DOS25', 'DOS3', 'DOS4', 'OUTCAR', 'DOS24', 'DOS23', 'DOS15', 'DOS12', 'DOS30', 'DOS37', 'DOS39', 'tmp.dat2', 'DOS38', 'AVF.dat', 'DOS36', 'DOS31', 'ACF.dat', 'calc.traj', 'CONTCAR', 'tmp.dat', 'POSCAR', 'submit.sh', 'Ni-211-clean-3x3x4-copt-HCO_HH2CO-1-01-side.ini', 'Ni-211-clean-3x3x4-copt-HCO_HH2CO-1-01-top.ini', 'DOS17', 'DOS28', 'DOS10', 'DOS26', 'DOS19', 'DOS21', 'DOS1', 'DOS6', 'DOS8', 'DOS20', 'DOS27', 'DOS18', 'DOS11', 'DOS16', 'DOS29', 'DOS9', 'DOS7', 'DOS0', 'REPORT', 'vib-submit.sh', 'DOS34', 'DOS33', 'vib.py', 'ase-sort.dat', 'KPOINTS', 'DOS32', 'DOS35', 'relax.traj', 'XDATCAR', 'first.traj', 'relax.log']",-98.82733646,"Atoms(symbols='Ni36COH2', pbc=True, cell=[6.12020152854463, 7.495685433968, 23.9339993389473], initial_magmoms=..., constraint=[<ase.constraints.FixBondLengths object at 0x7f93d89cd040>, FixAtoms(indices=[18, 19, 20, 21, 22, 23, 24, 25, 26, 27, 28, 29, 30, 31, 32, 33, 34, 35])], calculator=SinglePointCalculator(...))",0.0076,1724251946.0,Wed Aug 21 16:52:26 2024,6.12020152854463,7.495685433968,23.9339993389473,90.0,CH2Ni36O,"[<ase.constraints.FixBondLengths object at 0x7f93d89cd040>, FixAtoms(indices=[18, 19, 20, 21, 22, 23, 24, 25, 26, 27, 28, 29, 30, 31, 32, 33, 34, 35])]",,1,1,2.0,36,Ni-slabs,Ni-slabs,/data/Chapter6/Ni-slabs.hdf,217,HCO,True,Ni-211-clean-3x3x4,Ni-211-clean-3x3x4,-78.40925744,Ni36,False,ok,1.0,2.0,1.0,-20.418079019999993,0.0,0.0,0.0,0.0,0.0,0.0,0.0,,,,,True,Ni-211-clean-3x3x4,HCO_H%H2CO,1,1,Ni-slabs|Ni-211-clean-3x3x4|HCO_H%H2CO|1,0.07834683000000098,0.07834683000000098
/data/calculations/Ni/slabs/211/clean/3x3x4/copt/HCO_H%H2CO/1/02,Ni-211-clean-3x3x4-copt-HCO_H%H2CO-1-02,"['BCF.dat', 'INCAR', 'run.py', 'out.txt', 'OSZICAR', 'DOS5', 'DOS2', 'Ni-211-clean-3x3x4-copt-HCO_HH2CO-1-02-side.ini', 'DOS40', 'final.e', 'DOS13', 'DOS14', 'final.traj', 'DOS22', 'DOS25', 'DOS3', 'DOS4', 'OUTCAR', 'DOS24', 'DOS23', 'DOS15', 'DOS12', 'DOS30', 'DOS37', 'DOS39', 'tmp.dat2', 'DOS38', 'Ni-211-clean-3x3x4-copt-HCO_HH2CO-1-02-top.pov', 'AVF.dat', 'DOS36', 'DOS31', 'ACF.dat', 'calc.traj', 'CONTCAR', 'tmp.dat', 'POSCAR', 'submit.sh', 'DOS17', 'DOS28', 'DOS10', 'DOS26', 'DOS19', 'DOS21', 'DOS1', 'DOS6', 'DOS8', 'DOS20', 'DOS27', 'DOS18', 'DOS11', 'DOS16', 'DOS29', 'DOS9', 'DOS7', 'DOS0', 'Ni-211-clean-3x3x4-copt-HCO_HH2CO-1-02-side.pov', 'REPORT', 'vib-submit.sh', 'DOS34', 'Ni-211-clean-3x3x4-copt-HCO_HH2CO-1-02-top.ini', 'DOS33', 'vib.py', 'ase-sort.dat', 'KPOINTS', 'DOS32', 'DOS35', 'relax.traj', 'XDATCAR', 'first.traj', 'relax.log']",-98.6351296,"Atoms(symbols='Ni36COH2', pbc=True, cell=[6.12020152854463, 7.495685433968, 23.9339993389473], initial_magmoms=..., constraint=[<ase.constraints.FixBondLengths object at 0x7f93d89af7f0>, FixAtoms(indices=[18, 19, 20, 21, 22, 23, 24, 25, 26, 27, 28, 29, 30, 31, 32, 33, 34, 35])], calculator=SinglePointCalculator(...))",0.0067,1724251946.0,Wed Aug 21 16:52:26 2024,6.12020152854463,7.495685433968,23.9339993389473,90.0,CH2Ni36O,"[<ase.constraints.FixBondLengths object at 0x7f93d89af7f0>, FixAtoms(indices=[18, 19, 20, 21, 22, 23, 24, 25, 26, 27, 28, 29, 30, 31, 32, 33, 34, 35])]",,1,1,2.0,36,Ni-slabs,Ni-slabs,/data/Chapter6/Ni-slabs.hdf,215,HCO,True,Ni-211-clean-3x3x4,Ni-211-clean-3x3x4,-78.40925744,Ni36,False,ok,1.0,2.0,1.0,-20.225872159999994,0.0,0.0,0.0,0.0,0.0,0.0,0.0,,,,,True,Ni-211-clean-3x3x4,HCO_H%H2CO,1,2,Ni-slabs|Ni-211-clean-3x3x4|HCO_H%H2CO|1,0.27055368999999985,0.27055368999999985
/data/calculations/Ni/slabs/211/clean/3x3x4/copt/HCO_H%H2CO/1/03,Ni-211-clean-3x3x4-copt-HCO_H%H2CO-1-03,"['individual_vib.py', 'vib.39x-.pckl', 'PCDAT', 'vib.39y+.pckl', 'BCF.dat', 'vib', 'INCAR', 'vib.39z-.pckl', 'run.py', 'out.txt', 'gibbs.e', 'OSZICAR', 'individual_vib.txt', 'DOS5', 'vib-calc.traj', 'DOS2', 'vib.37z-.pckl', 'DOS40', 'Ni-211-clean-3x3x4-copt-HCO_HH2CO-1-03-side.ini', 'final.e', 'DOS13', 'DOS14', 'final.traj', 'OUTCAR3', 'DOS22', 'DOS25', 'DOS3', 'DOS4', 'OUTCAR', 'vib.37x-.pckl', 'DOS24', 'DOS23', 'DOS15', 'OUTCAR2', 'DOS12', 'vib.37y+.pckl', 'DOS30', 'individual_vib.xyz', 'DOS37', 'vib.39z+.pckl', 'DOS39', 'tmp.dat2', 'DOS38', 'AVF.dat', 'DOS36', 'DOS31', 'vib.39x+.pckl', 'ACF.dat', 'vib.39y-.pckl', 'calc.traj', 'Ni-211-clean-3x3x4-copt-HCO_HH2CO-1-03-top.pov', 'CONTCAR', 'vib.37x+.pckl', 'tmp.dat', 'vib.37y-.pckl', 'vib.37z+.pckl', 'POSCAR', 'vib.eq.pckl', 'CO1', 'submit.sh', 'vib.38z-.pckl', 'vib.38x-.pckl', 'vib.38y+.pckl', 'DOS17', 'DOS28', 'DOS10', 'relax.traj1', 'vib.36x-.pckl', 'DOS26', 'DOS19', 'vib.36y+.pckl', 'DOS21', 'DOS1', 'DOS6', 'DOS8', 'DOS20', 'vib-BWUNI.sh', 'DOS27', 'DOS18', 'DOS11', 'DOS16', 'DOS29', 'OUTCAR1', 'DOS9', 'DOS7', 'vib.36z-.pckl', 'DOS0', 'Ni-211-clean-3x3x4-copt-HCO_HH2CO-1-03-side.pov', 'REPORT', 'vib-submit.sh', 'vib.38x+.pckl', 'vib.38y-.pckl', 'DOS34', 'DOS33', 'vib.py', 'ase-sort.dat', 'KPOINTS', 'vib.xyz', 'DOS32', 'vib.38z+.pckl', 'DOS35', 'relax.traj', 'vib.36z+.pckl', 'vib.36x+.pckl', 'vib.36y-.pckl', 'Ni-211-clean-3x3x4-copt-HCO_HH2CO-1-03-top.ini', 'XDATCAR', 'first.traj', 'relax.log']",-98.3932121,"Atoms(symbols='Ni36COH2', pbc=True, cell=[6.12020152854463, 7.495685433968, 23.9339993389473], initial_magmoms=..., constraint=[<ase.constraints.FixBondLengths object at 0x7f93d89939a0>, FixAtoms(indices=[18, 19, 20, 21, 22, 23, 24, 25, 26, 27, 28, 29, 30, 31, 32, 33, 34, 35])], calculator=SinglePointCalculator(...))",0.0087,1724251946.0,Wed Aug 21 16:52:26 2024,6.12020152854463,7.495685433968,23.9339993389473,90.0,CH2Ni36O,"[<ase.constraints.FixBondLengths object at 0x7f93d89939a0>, FixAtoms(indices=[18, 19, 20, 21, 22, 23, 24, 25, 26, 27, 28, 29, 30, 31, 32, 33, 34, 35])]",,1,1,2.0,36,Ni-slabs,Ni-slabs,/data/Chapter6/Ni-slabs.hdf,212,HCO,True,Ni-211-clean-3x3x4,Ni-211-clean-3x3x4,-78.40925744,Ni36,False,ok,1.0,2.0,1.0,-19.983954659999995,0.0,0.0,0.0,0.0,0.0,0.0,0.0,,,,,True,Ni-211-clean-3x3x4,HCO_H%H2CO,1,3,Ni-slabs|Ni-211-clean-3x3x4|HCO_H%H2CO|1,0.5124711899999994,0.5124711899999994
/data/calculations/Ni/slabs/211/clean/3x3x4/copt/HCO_H%H2CO/1/04,Ni-211-clean-3x3x4-copt-HCO_H%H2CO-1-04,"['BCF.dat', 'vib', 'INCAR', 'run.py', 'out.txt', 'OSZICAR', 'DOS5', 'DOS2', 'DOS40', 'final.e', 'DOS13', 'DOS14', 'final.traj', 'DOS22', 'DOS25', 'DOS3', 'DOS4', 'OUTCAR', 'DOS24', 'DOS23', 'DOS15', 'OUTCAR2', 'DOS12', 'DOS30', 'DOS37', 'DOS39', 'Ni-211-clean-3x3x4-copt-HCO_HH2CO-1-04-side.ini', 'tmp.dat2', 'DOS38', 'AVF.dat', 'DOS36', 'DOS31', 'ACF.dat', 'calc.traj', 'Ni-211-clean-3x3x4-copt-HCO_HH2CO-1-04-top.ini', 'CONTCAR', 'tmp.dat', 'POSCAR', 'submit.sh', 'DOS17', 'DOS28', 'DOS10', 'relax.traj1', 'DOS26', 'DOS19', 'DOS21', 'DOS1', 'DOS6', 'DOS8', 'DOS20', 'DOS27', 'DOS18', 'DOS11', 'DOS16', 'DOS29', 'OUTCAR1', 'DOS9', 'DOS7', 'DOS0', 'REPORT', 'vib-submit.sh', 'DOS34', 'DOS33', 'vib.py', 'ase-sort.dat', 'KPOINTS', 'Ni-211-clean-3x3x4-copt-HCO_HH2CO-1-04-side.pov', 'DOS32', 'DOS35', 'relax.traj', 'XDATCAR', 'first.traj', 'relax.log', 'Ni-211-clean-3x3x4-copt-HCO_HH2CO-1-04-top.pov']",-98.40404582,"Atoms(symbols='Ni36COH2', pbc=True, cell=[6.12020152854463, 7.495685433968, 23.9339993389473], initial_magmoms=..., constraint=[<ase.constraints.FixBondLengths object at 0x7f93d8993e50>, FixAtoms(indices=[18, 19, 20, 21, 22, 23, 24, 25, 26, 27, 28, 29, 30, 31, 32, 33, 34, 35])], calculator=SinglePointCalculator(...))",0.0077,1724251946.0,Wed Aug 21 16:52:26 2024,6.12020152854463,7.495685433968,23.9339993389473,90.0,CH2Ni36O,"[<ase.constraints.FixBondLengths object at 0x7f93d8993e50>, FixAtoms(indices=[18, 19, 20, 21, 22, 23, 24, 25, 26, 27, 28, 29, 30, 31, 32, 33, 34, 35])]",,1,1,2.0,36,Ni-slabs,Ni-slabs,/data/Chapter6/Ni-slabs.hdf,213,HCO,True,Ni-211-clean-3x3x4,Ni-211-clean-3x3x4,-78.40925744,Ni36,False,ok,1.0,2.0,1.0,-19.99478837999999,0.0,0.0,0.0,0.0,0.0,0.0,0.0,,,,,True,Ni-211-clean-3x3x4,HCO_H%H2CO,1,4,Ni-slabs|Ni-211-clean-3x3x4|HCO_H%H2CO|1,0.5016374700000057,0.5016374700000057
/data/calculations/Ni/slabs/211/clean/3x3x4/copt/HCO_H%H2CO/1/05,Ni-211-clean-3x3x4-copt-HCO_H%H2CO-1-05,"['BCF.dat', 'INCAR', 'run.py', 'out.txt', 'OSZICAR', 'DOS5', 'DOS2', 'DOS40', 'final.e', 'DOS13', 'DOS14', 'final.traj', 'DOS22', 'DOS25', 'DOS3', 'DOS4', 'OUTCAR', 'DOS24', 'DOS23', 'DOS15', 'DOS12', 'DOS30', 'DOS37', 'DOS39', 'Ni-211-clean-3x3x4-copt-HCO_HH2CO-1-05-side.ini', 'tmp.dat2', 'DOS38', 'AVF.dat', 'DOS36', 'Ni-211-clean-3x3x4-copt-HCO_HH2CO-1-05-top.ini', 'DOS31', 'ACF.dat', 'calc.traj', 'CONTCAR', 'tmp.dat', 'POSCAR', 'submit.sh', 'DOS17', 'DOS28', 'DOS10', 'DOS26', 'DOS19', 'DOS21', 'DOS1', 'DOS6', 'DOS8', 'DOS20', 'DOS27', 'DOS18', 'DOS11', 'DOS16', 'DOS29', 'DOS9', 'DOS7', 'DOS0', 'REPORT', 'vib-submit.sh', 'DOS34', 'DOS33', 'Ni-211-clean-3x3x4-copt-HCO_HH2CO-1-05-top.pov', 'vib.py', 'ase-sort.dat', 'KPOINTS', 'Ni-211-clean-3x3x4-copt-HCO_HH2CO-1-05-side.pov', 'DOS32', 'DOS35', 'relax.traj', 'XDATCAR', 'first.traj', 'relax.log']",-98.52216381,"Atoms(symbols='Ni36COH2', pbc=True, cell=[6.12020152854463, 7.495685433968, 23.9339993389473], initial_magmoms=..., constraint=[<ase.constraints.FixBondLengths object at 0x7f93d89af340>, FixAtoms(indices=[18, 19, 20, 21, 22, 23, 24, 25, 26, 27, 28, 29, 30, 31, 32, 33, 34, 35])], calculator=SinglePointCalculator(...))",0.0097,1724251946.0,Wed Aug 21 16:52:26 2024,6.12020152854463,7.495685433968,23.9339993389473,90.0,CH2Ni36O,"[<ase.constraints.FixBondLengths object at 0x7f93d89af340>, FixAtoms(indices=[18, 19, 20, 21, 22, 23, 24, 25, 26, 27, 28, 29, 30, 31, 32, 33, 34, 35])]",,1,1,2.0,36,Ni-slabs,Ni-slabs,/data/Chapter6/Ni-slabs.hdf,214,HCO,True,Ni-211-clean-3x3x4,Ni-211-clean-3x3x4,-78.40925744,Ni36,False,ok,1.0,2.0,1.0,-20.11290636999999,0.0,0.0,0.0,0.0,0.0,0.0,0.0,,,,,True,Ni-211-clean-3x3x4,HCO_H%H2CO,1,5,Ni-slabs|Ni-211-clean-3x3x4|HCO_H%H2CO|1,0.3835194800000039,0.3835194800000039
/data/calculations/Ni/slabs/211/clean/3x3x4/copt/HCO_H%H2CO/1/06,Ni-211-clean-3x3x4-copt-HCO_H%H2CO-1-06,"['Ni-211-clean-3x3x4-copt-HCO_HH2CO-1-06-top.ini', 'vib.39x-.pckl', 'vib.39y+.pckl', 'BCF.dat', 'INCAR', 'vib.39z-.pckl', 'run.py', 'out.txt', 'gibbs.e', 'OSZICAR', 'vib.37z-.pckl', 'Ni-211-clean-3x3x4-H2CO-AA-side.ini', 'final.e', 'final.traj', 'OUTCAR', 'vib.37x-.pckl', 'vasprun.xml', 'vib.37y+.pckl', 'Ni-211-clean-3x3x4-copt-H2COH2C_O-1-00-top.pov', 'vib.39z+.pckl', 'AVF.dat', 'Ni-211-clean-3x3x4-copt-H2COH2C_O-1-00-side.ini', 'vib.39x+.pckl', 'ACF.dat', 'vib.39y-.pckl', 'CONTCAR', 'vib.37x+.pckl', 'Ni-211-clean-3x3x4-copt-HCO_HH2CO-1-06-side.pov', 'vib.37y-.pckl', 'vib.37z+.pckl', 'Ni-211-clean-3x3x4-H2CO-AA-top.ini', 'POSCAR', 'vib.eq.pckl', 'submit.sh', 'vib.38z-.pckl', 'vib.38x-.pckl', 'vib.38y+.pckl', 'Ni-211-clean-3x3x4-copt-HCO_HH2CO-1-06-top.pov', 'vib.36x-.pckl', 'vib.36y+.pckl', 'Ni-211-clean-3x3x4-H2CO-AA-side.pov', 'vib.36z-.pckl', 'DOS0', 'vib-submit.sh', 'vib.38x+.pckl', 'vib.38y-.pckl', 'Ni-211-clean-3x3x4-copt-H2COH2C_O-1-00-side.pov', 'vib.py', 'ase-sort.dat', 'KPOINTS', 'vib.xyz', 'Ni-211-clean-3x3x4-copt-H2COH2C_O-1-00-top.ini', 'vib.38z+.pckl', 'Ni-211-clean-3x3x4-H2CO-AA-top.pov', 'relax.traj', 'vib.36z+.pckl', 'vib.36x+.pckl', 'vib.36y-.pckl', 'Ni-211-clean-3x3x4-copt-HCO_HH2CO-1-06-side.ini', 'XDATCAR', 'first.traj', 'relax.log']",-98.83505421,"Atoms(symbols='Ni36COH2', pbc=True, cell=[6.120201528544627, 7.495685433967997, 23.93399933894733], initial_magmoms=..., constraint=FixAtoms(indices=[18, 19, 20, 21, 22, 23, 24, 25, 26, 27, 28, 29, 30, 31, 32, 33, 34, 35]), calculator=SinglePointCalculator(...))",0.0066,1712438161.0,Sat Apr  6 23:16:01 2024,6.120201528544627,7.495685433967997,23.93399933894733,90.0,CH2Ni36O,"[FixAtoms(indices=[18, 19, 20, 21, 22, 23, 24, 25, 26, 27, 28, 29, 30, 31, 32, 33, 34, 35])]",,1,1,2.0,36,Ni-slabs,Ni-slabs,/data/Chapter6/Ni-slabs.hdf,218,HCO,True,Ni-211-clean-3x3x4,Ni-211-clean-3x3x4,-78.40925744,Ni36,False,ok,1.0,2.0,1.0,-20.42579676999999,0.0,0.0,0.0,0.0,0.0,0.0,0.0,,,,,True,Ni-211-clean-3x3x4,HCO_H%H2CO,1,6,Ni-slabs|Ni-211-clean-3x3x4|HCO_H%H2CO|1,0.07062908000000334,0.07062908000000334
